/home/yuksal21/virtualenv/maestro.yuksalishbot.uz/3.12/bin/python3.12_bin: can't open file '/home/yuksal21/maestro.yuksalishbot.uz/admin.py': [Errno 2] No such file or directory
INFO:apscheduler.scheduler:Adding job tentatively -- it will be properly scheduled when the scheduler starts
INFO:apscheduler.scheduler:Adding job tentatively -- it will be properly scheduled when the scheduler starts
INFO:apscheduler.scheduler:Adding job tentatively -- it will be properly scheduled when the scheduler starts
INFO:apscheduler.scheduler:Added job "check_reminders" to job store "default"
INFO:apscheduler.scheduler:Added job "check_follow_ups" to job store "default"
INFO:apscheduler.scheduler:Added job "check_subscription_expiry" to job store "default"
INFO:apscheduler.scheduler:Scheduler started
INFO:aiogram.dispatcher:Start polling
INFO:aiogram.dispatcher:Run polling for bot @barberstashkentbot id=8403442567 - 'MAESTRO'
ERROR:aiogram.dispatcher:Failed to fetch updates - TelegramConflictError: Telegram server says - Conflict: terminated by other getUpdates request; make sure that only one bot instance is running
WARNING:aiogram.dispatcher:Sleep for 1.000000 seconds and try again... (tryings = 0, bot id = 8403442567)
ERROR:aiogram.dispatcher:Failed to fetch updates - TelegramConflictError: Telegram server says - Conflict: terminated by other getUpdates request; make sure that only one bot instance is running
WARNING:aiogram.dispatcher:Sleep for 1.238824 seconds and try again... (tryings = 1, bot id = 8403442567)
ERROR:aiogram.dispatcher:Failed to fetch updates - TelegramConflictError: Telegram server says - Conflict: terminated by other getUpdates request; make sure that only one bot instance is running
WARNING:aiogram.dispatcher:Sleep for 1.659022 seconds and try again... (tryings = 2, bot id = 8403442567)
ERROR:aiogram.dispatcher:Failed to fetch updates - TelegramConflictError: Telegram server says - Conflict: terminated by other getUpdates request; make sure that only one bot instance is running
WARNING:aiogram.dispatcher:Sleep for 2.217849 seconds and try again... (tryings = 3, bot id = 8403442567)
ERROR:aiogram.dispatcher:Failed to fetch updates - TelegramConflictError: Telegram server says - Conflict: terminated by other getUpdates request; make sure that only one bot instance is running
WARNING:aiogram.dispatcher:Sleep for 2.780060 seconds and try again... (tryings = 4, bot id = 8403442567)
ERROR:aiogram.dispatcher:Failed to fetch updates - TelegramConflictError: Telegram server says - Conflict: terminated by other getUpdates request; make sure that only one bot instance is running
WARNING:aiogram.dispatcher:Sleep for 3.602791 seconds and try again... (tryings = 5, bot id = 8403442567)
INFO:aiogram.dispatcher:Connection established (tryings = 6, bot id = 8403442567)
INFO:aiogram.event:Update id=863691729 is not handled. Duration 22 ms by bot id=8403442567
ERROR:aiogram.event:Cause exception while process update id=863691729 by bot id=8403442567
OperationalError: (pymysql.err.OperationalError) (2013, 'Lost connection to MySQL server during query')
[SQL: SELECT users.id, users.telegram_id, users.first_name, users.phone_number, users.language_code, users.role, users.subscription_until, users.is_active 
FROM users 
WHERE users.telegram_id = %s]
[parameters: (372688693,)]
(Background on this error at: https://sqlalche.me/e/20/e3q8)
Traceback (most recent call last):
  File "/home/yuksal21/virtualenv/maestro.yuksalishbot.uz/3.12/lib/python3.12/site-packages/aiomysql/connection.py", line 657, in _read_bytes
    data = await self._reader.readexactly(num_bytes)
           ^^^^^^^^^^^^^^^^^^^^^^^^^^^^^^^^^^^^^^^^^
  File "/opt/alt/python312/lib64/python3.12/asyncio/streams.py", line 750, in readexactly
    raise exceptions.IncompleteReadError(incomplete, n)
asyncio.exceptions.IncompleteReadError: 0 bytes read on a total of 4 expected bytes

The above exception was the direct cause of the following exception:

Traceback (most recent call last):
  File "/home/yuksal21/virtualenv/maestro.yuksalishbot.uz/3.12/lib64/python3.12/site-packages/sqlalchemy/engine/base.py", line 1967, in _exec_single_context
    self.dialect.do_execute(
  File "/home/yuksal21/virtualenv/maestro.yuksalishbot.uz/3.12/lib64/python3.12/site-packages/sqlalchemy/engine/default.py", line 952, in do_execute
    cursor.execute(statement, parameters)
  File "/home/yuksal21/virtualenv/maestro.yuksalishbot.uz/3.12/lib64/python3.12/site-packages/sqlalchemy/connectors/asyncio.py", line 230, in execute
    self._adapt_connection._handle_exception(error)
  File "/home/yuksal21/virtualenv/maestro.yuksalishbot.uz/3.12/lib64/python3.12/site-packages/sqlalchemy/connectors/asyncio.py", line 368, in _handle_exception
    raise error.with_traceback(exc_info[2])
  File "/home/yuksal21/virtualenv/maestro.yuksalishbot.uz/3.12/lib64/python3.12/site-packages/sqlalchemy/connectors/asyncio.py", line 228, in execute
    return self.await_(self._execute_async(operation, parameters))
           ^^^^^^^^^^^^^^^^^^^^^^^^^^^^^^^^^^^^^^^^^^^^^^^^^^^^^^^
  File "/home/yuksal21/virtualenv/maestro.yuksalishbot.uz/3.12/lib64/python3.12/site-packages/sqlalchemy/util/_concurrency_py3k.py", line 132, in await_only
    return current.parent.switch(awaitable)  # type: ignore[no-any-return,attr-defined] # noqa: E501
           ^^^^^^^^^^^^^^^^^^^^^^^^^^^^^^^^
  File "/home/yuksal21/virtualenv/maestro.yuksalishbot.uz/3.12/lib64/python3.12/site-packages/sqlalchemy/util/_concurrency_py3k.py", line 196, in greenlet_spawn
    value = await result
            ^^^^^^^^^^^^
  File "/home/yuksal21/virtualenv/maestro.yuksalishbot.uz/3.12/lib64/python3.12/site-packages/sqlalchemy/connectors/asyncio.py", line 251, in _execute_async
    result = await self._cursor.execute(operation, parameters)
             ^^^^^^^^^^^^^^^^^^^^^^^^^^^^^^^^^^^^^^^^^^^^^^^^^
  File "/home/yuksal21/virtualenv/maestro.yuksalishbot.uz/3.12/lib/python3.12/site-packages/aiomysql/cursors.py", line 239, in execute
    await self._query(query)
  File "/home/yuksal21/virtualenv/maestro.yuksalishbot.uz/3.12/lib/python3.12/site-packages/aiomysql/cursors.py", line 457, in _query
    await conn.query(q)
  File "/home/yuksal21/virtualenv/maestro.yuksalishbot.uz/3.12/lib/python3.12/site-packages/aiomysql/connection.py", line 469, in query
    await self._read_query_result(unbuffered=unbuffered)
  File "/home/yuksal21/virtualenv/maestro.yuksalishbot.uz/3.12/lib/python3.12/site-packages/aiomysql/connection.py", line 683, in _read_query_result
    await result.read()
  File "/home/yuksal21/virtualenv/maestro.yuksalishbot.uz/3.12/lib/python3.12/site-packages/aiomysql/connection.py", line 1164, in read
    first_packet = await self.connection._read_packet()
                   ^^^^^^^^^^^^^^^^^^^^^^^^^^^^^^^^^^^^
  File "/home/yuksal21/virtualenv/maestro.yuksalishbot.uz/3.12/lib/python3.12/site-packages/aiomysql/connection.py", line 609, in _read_packet
    packet_header = await self._read_bytes(4)
                    ^^^^^^^^^^^^^^^^^^^^^^^^^
  File "/home/yuksal21/virtualenv/maestro.yuksalishbot.uz/3.12/lib/python3.12/site-packages/aiomysql/connection.py", line 661, in _read_bytes
    raise OperationalError(CR.CR_SERVER_LOST, msg) from e
pymysql.err.OperationalError: (2013, 'Lost connection to MySQL server during query')

The above exception was the direct cause of the following exception:

Traceback (most recent call last):
  File "/home/yuksal21/virtualenv/maestro.yuksalishbot.uz/3.12/lib/python3.12/site-packages/aiogram/dispatcher/dispatcher.py", line 320, in _process_update
    response = await self.feed_update(bot, update, **kwargs)
               ^^^^^^^^^^^^^^^^^^^^^^^^^^^^^^^^^^^^^^^^^^^^^
  File "/home/yuksal21/virtualenv/maestro.yuksalishbot.uz/3.12/lib/python3.12/site-packages/aiogram/dispatcher/dispatcher.py", line 164, in feed_update
    response = await self.update.wrap_outer_middleware(
               ^^^^^^^^^^^^^^^^^^^^^^^^^^^^^^^^^^^^^^^^
  File "/home/yuksal21/virtualenv/maestro.yuksalishbot.uz/3.12/lib/python3.12/site-packages/aiogram/dispatcher/middlewares/error.py", line 27, in __call__
    return await handler(event, data)
           ^^^^^^^^^^^^^^^^^^^^^^^^^^
  File "/home/yuksal21/virtualenv/maestro.yuksalishbot.uz/3.12/lib/python3.12/site-packages/aiogram/dispatcher/middlewares/user_context.py", line 58, in __call__
    return await handler(event, data)
           ^^^^^^^^^^^^^^^^^^^^^^^^^^
  File "/home/yuksal21/virtualenv/maestro.yuksalishbot.uz/3.12/lib/python3.12/site-packages/aiogram/fsm/middleware.py", line 43, in __call__
    return await handler(event, data)
           ^^^^^^^^^^^^^^^^^^^^^^^^^^
  File "/home/yuksal21/virtualenv/maestro.yuksalishbot.uz/3.12/lib/python3.12/site-packages/aiogram/dispatcher/event/telegram.py", line 126, in trigger
    return await wrapped_inner(event, kwargs)
           ^^^^^^^^^^^^^^^^^^^^^^^^^^^^^^^^^^
  File "/home/yuksal21/virtualenv/maestro.yuksalishbot.uz/3.12/lib/python3.12/site-packages/aiogram/dispatcher/event/handler.py", line 71, in call
    return await wrapped()
           ^^^^^^^^^^^^^^^
  File "/home/yuksal21/virtualenv/maestro.yuksalishbot.uz/3.12/lib/python3.12/site-packages/aiogram/dispatcher/dispatcher.py", line 283, in _listen_update
    return await self.propagate_event(update_type=update_type, event=event, **kwargs)
           ^^^^^^^^^^^^^^^^^^^^^^^^^^^^^^^^^^^^^^^^^^^^^^^^^^^^^^^^^^^^^^^^^^^^^^^^^^
  File "/home/yuksal21/virtualenv/maestro.yuksalishbot.uz/3.12/lib/python3.12/site-packages/aiogram/dispatcher/router.py", line 161, in propagate_event
    return await observer.wrap_outer_middleware(_wrapped, event=event, data=kwargs)
           ^^^^^^^^^^^^^^^^^^^^^^^^^^^^^^^^^^^^^^^^^^^^^^^^^^^^^^^^^^^^^^^^^^^^^^^^
  File "/home/yuksal21/virtualenv/maestro.yuksalishbot.uz/3.12/lib/python3.12/site-packages/aiogram/dispatcher/router.py", line 153, in _wrapped
    return await self._propagate_event(
           ^^^^^^^^^^^^^^^^^^^^^^^^^^^^
  File "/home/yuksal21/virtualenv/maestro.yuksalishbot.uz/3.12/lib/python3.12/site-packages/aiogram/dispatcher/router.py", line 181, in _propagate_event
    response = await observer.trigger(event, **kwargs)
               ^^^^^^^^^^^^^^^^^^^^^^^^^^^^^^^^^^^^^^^
  File "/home/yuksal21/virtualenv/maestro.yuksalishbot.uz/3.12/lib/python3.12/site-packages/aiogram/dispatcher/event/telegram.py", line 126, in trigger
    return await wrapped_inner(event, kwargs)
           ^^^^^^^^^^^^^^^^^^^^^^^^^^^^^^^^^^
  File "/home/yuksal21/virtualenv/maestro.yuksalishbot.uz/3.12/lib/python3.12/site-packages/aiogram/dispatcher/event/handler.py", line 71, in call
    return await wrapped()
           ^^^^^^^^^^^^^^^
  File "/home/yuksal21/maestro.yuksalishbot.uz/bot.py", line 672, in start
    user = await session.scalar(select(db.User).where(db.User.telegram_id == message.from_user.id))
           ^^^^^^^^^^^^^^^^^^^^^^^^^^^^^^^^^^^^^^^^^^^^^^^^^^^^^^^^^^^^^^^^^^^^^^^^^^^^^^^^^^^^^^^^
  File "/home/yuksal21/virtualenv/maestro.yuksalishbot.uz/3.12/lib64/python3.12/site-packages/sqlalchemy/ext/asyncio/session.py", line 505, in scalar
    return await greenlet_spawn(
           ^^^^^^^^^^^^^^^^^^^^^
  File "/home/yuksal21/virtualenv/maestro.yuksalishbot.uz/3.12/lib64/python3.12/site-packages/sqlalchemy/util/_concurrency_py3k.py", line 203, in greenlet_spawn
    result = context.switch(value)
             ^^^^^^^^^^^^^^^^^^^^^
  File "/home/yuksal21/virtualenv/maestro.yuksalishbot.uz/3.12/lib64/python3.12/site-packages/sqlalchemy/orm/session.py", line 2399, in scalar
    return self._execute_internal(
           ^^^^^^^^^^^^^^^^^^^^^^^
  File "/home/yuksal21/virtualenv/maestro.yuksalishbot.uz/3.12/lib64/python3.12/site-packages/sqlalchemy/orm/session.py", line 2249, in _execute_internal
    result: Result[Any] = compile_state_cls.orm_execute_statement(
                          ^^^^^^^^^^^^^^^^^^^^^^^^^^^^^^^^^^^^^^^^
  File "/home/yuksal21/virtualenv/maestro.yuksalishbot.uz/3.12/lib64/python3.12/site-packages/sqlalchemy/orm/context.py", line 306, in orm_execute_statement
    result = conn.execute(
             ^^^^^^^^^^^^^
  File "/home/yuksal21/virtualenv/maestro.yuksalishbot.uz/3.12/lib64/python3.12/site-packages/sqlalchemy/engine/base.py", line 1419, in execute
    return meth(
           ^^^^^
  File "/home/yuksal21/virtualenv/maestro.yuksalishbot.uz/3.12/lib64/python3.12/site-packages/sqlalchemy/sql/elements.py", line 527, in _execute_on_connection
    return connection._execute_clauseelement(
           ^^^^^^^^^^^^^^^^^^^^^^^^^^^^^^^^^^
  File "/home/yuksal21/virtualenv/maestro.yuksalishbot.uz/3.12/lib64/python3.12/site-packages/sqlalchemy/engine/base.py", line 1641, in _execute_clauseelement
    ret = self._execute_context(
          ^^^^^^^^^^^^^^^^^^^^^^
  File "/home/yuksal21/virtualenv/maestro.yuksalishbot.uz/3.12/lib64/python3.12/site-packages/sqlalchemy/engine/base.py", line 1846, in _execute_context
    return self._exec_single_context(
           ^^^^^^^^^^^^^^^^^^^^^^^^^^
  File "/home/yuksal21/virtualenv/maestro.yuksalishbot.uz/3.12/lib64/python3.12/site-packages/sqlalchemy/engine/base.py", line 1986, in _exec_single_context
    self._handle_dbapi_exception(
  File "/home/yuksal21/virtualenv/maestro.yuksalishbot.uz/3.12/lib64/python3.12/site-packages/sqlalchemy/engine/base.py", line 2363, in _handle_dbapi_exception
    raise sqlalchemy_exception.with_traceback(exc_info[2]) from e
  File "/home/yuksal21/virtualenv/maestro.yuksalishbot.uz/3.12/lib64/python3.12/site-packages/sqlalchemy/engine/base.py", line 1967, in _exec_single_context
    self.dialect.do_execute(
  File "/home/yuksal21/virtualenv/maestro.yuksalishbot.uz/3.12/lib64/python3.12/site-packages/sqlalchemy/engine/default.py", line 952, in do_execute
    cursor.execute(statement, parameters)
  File "/home/yuksal21/virtualenv/maestro.yuksalishbot.uz/3.12/lib64/python3.12/site-packages/sqlalchemy/connectors/asyncio.py", line 230, in execute
    self._adapt_connection._handle_exception(error)
  File "/home/yuksal21/virtualenv/maestro.yuksalishbot.uz/3.12/lib64/python3.12/site-packages/sqlalchemy/connectors/asyncio.py", line 368, in _handle_exception
    raise error.with_traceback(exc_info[2])
  File "/home/yuksal21/virtualenv/maestro.yuksalishbot.uz/3.12/lib64/python3.12/site-packages/sqlalchemy/connectors/asyncio.py", line 228, in execute
    return self.await_(self._execute_async(operation, parameters))
           ^^^^^^^^^^^^^^^^^^^^^^^^^^^^^^^^^^^^^^^^^^^^^^^^^^^^^^^
  File "/home/yuksal21/virtualenv/maestro.yuksalishbot.uz/3.12/lib64/python3.12/site-packages/sqlalchemy/util/_concurrency_py3k.py", line 132, in await_only
    return current.parent.switch(awaitable)  # type: ignore[no-any-return,attr-defined] # noqa: E501
           ^^^^^^^^^^^^^^^^^^^^^^^^^^^^^^^^
  File "/home/yuksal21/virtualenv/maestro.yuksalishbot.uz/3.12/lib64/python3.12/site-packages/sqlalchemy/util/_concurrency_py3k.py", line 196, in greenlet_spawn
    value = await result
            ^^^^^^^^^^^^
  File "/home/yuksal21/virtualenv/maestro.yuksalishbot.uz/3.12/lib64/python3.12/site-packages/sqlalchemy/connectors/asyncio.py", line 251, in _execute_async
    result = await self._cursor.execute(operation, parameters)
             ^^^^^^^^^^^^^^^^^^^^^^^^^^^^^^^^^^^^^^^^^^^^^^^^^
  File "/home/yuksal21/virtualenv/maestro.yuksalishbot.uz/3.12/lib/python3.12/site-packages/aiomysql/cursors.py", line 239, in execute
    await self._query(query)
  File "/home/yuksal21/virtualenv/maestro.yuksalishbot.uz/3.12/lib/python3.12/site-packages/aiomysql/cursors.py", line 457, in _query
    await conn.query(q)
  File "/home/yuksal21/virtualenv/maestro.yuksalishbot.uz/3.12/lib/python3.12/site-packages/aiomysql/connection.py", line 469, in query
    await self._read_query_result(unbuffered=unbuffered)
  File "/home/yuksal21/virtualenv/maestro.yuksalishbot.uz/3.12/lib/python3.12/site-packages/aiomysql/connection.py", line 683, in _read_query_result
    await result.read()
  File "/home/yuksal21/virtualenv/maestro.yuksalishbot.uz/3.12/lib/python3.12/site-packages/aiomysql/connection.py", line 1164, in read
    first_packet = await self.connection._read_packet()
                   ^^^^^^^^^^^^^^^^^^^^^^^^^^^^^^^^^^^^
  File "/home/yuksal21/virtualenv/maestro.yuksalishbot.uz/3.12/lib/python3.12/site-packages/aiomysql/connection.py", line 609, in _read_packet
    packet_header = await self._read_bytes(4)
                    ^^^^^^^^^^^^^^^^^^^^^^^^^
  File "/home/yuksal21/virtualenv/maestro.yuksalishbot.uz/3.12/lib/python3.12/site-packages/aiomysql/connection.py", line 661, in _read_bytes
    raise OperationalError(CR.CR_SERVER_LOST, msg) from e
sqlalchemy.exc.OperationalError: (pymysql.err.OperationalError) (2013, 'Lost connection to MySQL server during query')
[SQL: SELECT users.id, users.telegram_id, users.first_name, users.phone_number, users.language_code, users.role, users.subscription_until, users.is_active 
FROM users 
WHERE users.telegram_id = %s]
[parameters: (372688693,)]
(Background on this error at: https://sqlalche.me/e/20/e3q8)
INFO:aiogram.event:Update id=863691730 is handled. Duration 347 ms by bot id=8403442567
INFO:aiogram.event:Update id=863691731 is handled. Duration 124 ms by bot id=8403442567
INFO:aiogram.event:Update id=863691732 is handled. Duration 143 ms by bot id=8403442567
INFO:aiogram.event:Update id=863691733 is handled. Duration 482 ms by bot id=8403442567
INFO:aiogram.event:Update id=863691734 is handled. Duration 239 ms by bot id=8403442567
INFO:aiogram.event:Update id=863691735 is handled. Duration 317 ms by bot id=8403442567
INFO:aiogram.event:Update id=863691736 is handled. Duration 139 ms by bot id=8403442567
INFO:aiogram.event:Update id=863691737 is handled. Duration 134 ms by bot id=8403442567
INFO:aiogram.event:Update id=863691738 is handled. Duration 222 ms by bot id=8403442567
INFO:aiogram.event:Update id=863691739 is not handled. Duration 3 ms by bot id=8403442567
ERROR:aiogram.event:Cause exception while process update id=863691739 by bot id=8403442567
OperationalError: (pymysql.err.OperationalError) (2013, 'Lost connection to MySQL server during query')
[SQL: SELECT users.id, users.telegram_id, users.first_name, users.phone_number, users.language_code, users.role, users.subscription_until, users.is_active 
FROM users 
WHERE users.telegram_id = %s]
[parameters: (372688693,)]
(Background on this error at: https://sqlalche.me/e/20/e3q8)
Traceback (most recent call last):
  File "/home/yuksal21/virtualenv/maestro.yuksalishbot.uz/3.12/lib/python3.12/site-packages/aiomysql/connection.py", line 657, in _read_bytes
    data = await self._reader.readexactly(num_bytes)
           ^^^^^^^^^^^^^^^^^^^^^^^^^^^^^^^^^^^^^^^^^
  File "/opt/alt/python312/lib64/python3.12/asyncio/streams.py", line 750, in readexactly
    raise exceptions.IncompleteReadError(incomplete, n)
asyncio.exceptions.IncompleteReadError: 0 bytes read on a total of 4 expected bytes

The above exception was the direct cause of the following exception:

Traceback (most recent call last):
  File "/home/yuksal21/virtualenv/maestro.yuksalishbot.uz/3.12/lib64/python3.12/site-packages/sqlalchemy/engine/base.py", line 1967, in _exec_single_context
    self.dialect.do_execute(
  File "/home/yuksal21/virtualenv/maestro.yuksalishbot.uz/3.12/lib64/python3.12/site-packages/sqlalchemy/engine/default.py", line 952, in do_execute
    cursor.execute(statement, parameters)
  File "/home/yuksal21/virtualenv/maestro.yuksalishbot.uz/3.12/lib64/python3.12/site-packages/sqlalchemy/connectors/asyncio.py", line 230, in execute
    self._adapt_connection._handle_exception(error)
  File "/home/yuksal21/virtualenv/maestro.yuksalishbot.uz/3.12/lib64/python3.12/site-packages/sqlalchemy/connectors/asyncio.py", line 368, in _handle_exception
    raise error.with_traceback(exc_info[2])
  File "/home/yuksal21/virtualenv/maestro.yuksalishbot.uz/3.12/lib64/python3.12/site-packages/sqlalchemy/connectors/asyncio.py", line 228, in execute
    return self.await_(self._execute_async(operation, parameters))
           ^^^^^^^^^^^^^^^^^^^^^^^^^^^^^^^^^^^^^^^^^^^^^^^^^^^^^^^
  File "/home/yuksal21/virtualenv/maestro.yuksalishbot.uz/3.12/lib64/python3.12/site-packages/sqlalchemy/util/_concurrency_py3k.py", line 132, in await_only
    return current.parent.switch(awaitable)  # type: ignore[no-any-return,attr-defined] # noqa: E501
           ^^^^^^^^^^^^^^^^^^^^^^^^^^^^^^^^
  File "/home/yuksal21/virtualenv/maestro.yuksalishbot.uz/3.12/lib64/python3.12/site-packages/sqlalchemy/util/_concurrency_py3k.py", line 196, in greenlet_spawn
    value = await result
            ^^^^^^^^^^^^
  File "/home/yuksal21/virtualenv/maestro.yuksalishbot.uz/3.12/lib64/python3.12/site-packages/sqlalchemy/connectors/asyncio.py", line 251, in _execute_async
    result = await self._cursor.execute(operation, parameters)
             ^^^^^^^^^^^^^^^^^^^^^^^^^^^^^^^^^^^^^^^^^^^^^^^^^
  File "/home/yuksal21/virtualenv/maestro.yuksalishbot.uz/3.12/lib/python3.12/site-packages/aiomysql/cursors.py", line 239, in execute
    await self._query(query)
  File "/home/yuksal21/virtualenv/maestro.yuksalishbot.uz/3.12/lib/python3.12/site-packages/aiomysql/cursors.py", line 457, in _query
    await conn.query(q)
  File "/home/yuksal21/virtualenv/maestro.yuksalishbot.uz/3.12/lib/python3.12/site-packages/aiomysql/connection.py", line 469, in query
    await self._read_query_result(unbuffered=unbuffered)
  File "/home/yuksal21/virtualenv/maestro.yuksalishbot.uz/3.12/lib/python3.12/site-packages/aiomysql/connection.py", line 683, in _read_query_result
    await result.read()
  File "/home/yuksal21/virtualenv/maestro.yuksalishbot.uz/3.12/lib/python3.12/site-packages/aiomysql/connection.py", line 1164, in read
    first_packet = await self.connection._read_packet()
                   ^^^^^^^^^^^^^^^^^^^^^^^^^^^^^^^^^^^^
  File "/home/yuksal21/virtualenv/maestro.yuksalishbot.uz/3.12/lib/python3.12/site-packages/aiomysql/connection.py", line 609, in _read_packet
    packet_header = await self._read_bytes(4)
                    ^^^^^^^^^^^^^^^^^^^^^^^^^
  File "/home/yuksal21/virtualenv/maestro.yuksalishbot.uz/3.12/lib/python3.12/site-packages/aiomysql/connection.py", line 661, in _read_bytes
    raise OperationalError(CR.CR_SERVER_LOST, msg) from e
pymysql.err.OperationalError: (2013, 'Lost connection to MySQL server during query')

The above exception was the direct cause of the following exception:

Traceback (most recent call last):
  File "/home/yuksal21/virtualenv/maestro.yuksalishbot.uz/3.12/lib/python3.12/site-packages/aiogram/dispatcher/dispatcher.py", line 320, in _process_update
    response = await self.feed_update(bot, update, **kwargs)
               ^^^^^^^^^^^^^^^^^^^^^^^^^^^^^^^^^^^^^^^^^^^^^
  File "/home/yuksal21/virtualenv/maestro.yuksalishbot.uz/3.12/lib/python3.12/site-packages/aiogram/dispatcher/dispatcher.py", line 164, in feed_update
    response = await self.update.wrap_outer_middleware(
               ^^^^^^^^^^^^^^^^^^^^^^^^^^^^^^^^^^^^^^^^
  File "/home/yuksal21/virtualenv/maestro.yuksalishbot.uz/3.12/lib/python3.12/site-packages/aiogram/dispatcher/middlewares/error.py", line 27, in __call__
    return await handler(event, data)
           ^^^^^^^^^^^^^^^^^^^^^^^^^^
  File "/home/yuksal21/virtualenv/maestro.yuksalishbot.uz/3.12/lib/python3.12/site-packages/aiogram/dispatcher/middlewares/user_context.py", line 58, in __call__
    return await handler(event, data)
           ^^^^^^^^^^^^^^^^^^^^^^^^^^
  File "/home/yuksal21/virtualenv/maestro.yuksalishbot.uz/3.12/lib/python3.12/site-packages/aiogram/fsm/middleware.py", line 43, in __call__
    return await handler(event, data)
           ^^^^^^^^^^^^^^^^^^^^^^^^^^
  File "/home/yuksal21/virtualenv/maestro.yuksalishbot.uz/3.12/lib/python3.12/site-packages/aiogram/dispatcher/event/telegram.py", line 126, in trigger
    return await wrapped_inner(event, kwargs)
           ^^^^^^^^^^^^^^^^^^^^^^^^^^^^^^^^^^
  File "/home/yuksal21/virtualenv/maestro.yuksalishbot.uz/3.12/lib/python3.12/site-packages/aiogram/dispatcher/event/handler.py", line 71, in call
    return await wrapped()
           ^^^^^^^^^^^^^^^
  File "/home/yuksal21/virtualenv/maestro.yuksalishbot.uz/3.12/lib/python3.12/site-packages/aiogram/dispatcher/dispatcher.py", line 283, in _listen_update
    return await self.propagate_event(update_type=update_type, event=event, **kwargs)
           ^^^^^^^^^^^^^^^^^^^^^^^^^^^^^^^^^^^^^^^^^^^^^^^^^^^^^^^^^^^^^^^^^^^^^^^^^^
  File "/home/yuksal21/virtualenv/maestro.yuksalishbot.uz/3.12/lib/python3.12/site-packages/aiogram/dispatcher/router.py", line 161, in propagate_event
    return await observer.wrap_outer_middleware(_wrapped, event=event, data=kwargs)
           ^^^^^^^^^^^^^^^^^^^^^^^^^^^^^^^^^^^^^^^^^^^^^^^^^^^^^^^^^^^^^^^^^^^^^^^^
  File "/home/yuksal21/virtualenv/maestro.yuksalishbot.uz/3.12/lib/python3.12/site-packages/aiogram/dispatcher/router.py", line 153, in _wrapped
    return await self._propagate_event(
           ^^^^^^^^^^^^^^^^^^^^^^^^^^^^
  File "/home/yuksal21/virtualenv/maestro.yuksalishbot.uz/3.12/lib/python3.12/site-packages/aiogram/dispatcher/router.py", line 181, in _propagate_event
    response = await observer.trigger(event, **kwargs)
               ^^^^^^^^^^^^^^^^^^^^^^^^^^^^^^^^^^^^^^^
  File "/home/yuksal21/virtualenv/maestro.yuksalishbot.uz/3.12/lib/python3.12/site-packages/aiogram/dispatcher/event/telegram.py", line 126, in trigger
    return await wrapped_inner(event, kwargs)
           ^^^^^^^^^^^^^^^^^^^^^^^^^^^^^^^^^^
  File "/home/yuksal21/virtualenv/maestro.yuksalishbot.uz/3.12/lib/python3.12/site-packages/aiogram/dispatcher/event/handler.py", line 71, in call
    return await wrapped()
           ^^^^^^^^^^^^^^^
  File "/home/yuksal21/maestro.yuksalishbot.uz/bot.py", line 988, in booking_start_menu
    user = await ensure_registered_message(message)
           ^^^^^^^^^^^^^^^^^^^^^^^^^^^^^^^^^^^^^^^^
  File "/home/yuksal21/maestro.yuksalishbot.uz/bot.py", line 611, in ensure_registered_message
    user = await get_user_by_telegram_id(message.from_user.id)
           ^^^^^^^^^^^^^^^^^^^^^^^^^^^^^^^^^^^^^^^^^^^^^^^^^^^
  File "/home/yuksal21/maestro.yuksalishbot.uz/bot.py", line 544, in get_user_by_telegram_id
    return await session.scalar(select(db.User).where(db.User.telegram_id == telegram_id))
           ^^^^^^^^^^^^^^^^^^^^^^^^^^^^^^^^^^^^^^^^^^^^^^^^^^^^^^^^^^^^^^^^^^^^^^^^^^^^^^^
  File "/home/yuksal21/virtualenv/maestro.yuksalishbot.uz/3.12/lib64/python3.12/site-packages/sqlalchemy/ext/asyncio/session.py", line 505, in scalar
    return await greenlet_spawn(
           ^^^^^^^^^^^^^^^^^^^^^
  File "/home/yuksal21/virtualenv/maestro.yuksalishbot.uz/3.12/lib64/python3.12/site-packages/sqlalchemy/util/_concurrency_py3k.py", line 203, in greenlet_spawn
    result = context.switch(value)
             ^^^^^^^^^^^^^^^^^^^^^
  File "/home/yuksal21/virtualenv/maestro.yuksalishbot.uz/3.12/lib64/python3.12/site-packages/sqlalchemy/orm/session.py", line 2399, in scalar
    return self._execute_internal(
           ^^^^^^^^^^^^^^^^^^^^^^^
  File "/home/yuksal21/virtualenv/maestro.yuksalishbot.uz/3.12/lib64/python3.12/site-packages/sqlalchemy/orm/session.py", line 2249, in _execute_internal
    result: Result[Any] = compile_state_cls.orm_execute_statement(
                          ^^^^^^^^^^^^^^^^^^^^^^^^^^^^^^^^^^^^^^^^
  File "/home/yuksal21/virtualenv/maestro.yuksalishbot.uz/3.12/lib64/python3.12/site-packages/sqlalchemy/orm/context.py", line 306, in orm_execute_statement
    result = conn.execute(
             ^^^^^^^^^^^^^
  File "/home/yuksal21/virtualenv/maestro.yuksalishbot.uz/3.12/lib64/python3.12/site-packages/sqlalchemy/engine/base.py", line 1419, in execute
    return meth(
           ^^^^^
  File "/home/yuksal21/virtualenv/maestro.yuksalishbot.uz/3.12/lib64/python3.12/site-packages/sqlalchemy/sql/elements.py", line 527, in _execute_on_connection
    return connection._execute_clauseelement(
           ^^^^^^^^^^^^^^^^^^^^^^^^^^^^^^^^^^
  File "/home/yuksal21/virtualenv/maestro.yuksalishbot.uz/3.12/lib64/python3.12/site-packages/sqlalchemy/engine/base.py", line 1641, in _execute_clauseelement
    ret = self._execute_context(
          ^^^^^^^^^^^^^^^^^^^^^^
  File "/home/yuksal21/virtualenv/maestro.yuksalishbot.uz/3.12/lib64/python3.12/site-packages/sqlalchemy/engine/base.py", line 1846, in _execute_context
    return self._exec_single_context(
           ^^^^^^^^^^^^^^^^^^^^^^^^^^
  File "/home/yuksal21/virtualenv/maestro.yuksalishbot.uz/3.12/lib64/python3.12/site-packages/sqlalchemy/engine/base.py", line 1986, in _exec_single_context
    self._handle_dbapi_exception(
  File "/home/yuksal21/virtualenv/maestro.yuksalishbot.uz/3.12/lib64/python3.12/site-packages/sqlalchemy/engine/base.py", line 2363, in _handle_dbapi_exception
    raise sqlalchemy_exception.with_traceback(exc_info[2]) from e
  File "/home/yuksal21/virtualenv/maestro.yuksalishbot.uz/3.12/lib64/python3.12/site-packages/sqlalchemy/engine/base.py", line 1967, in _exec_single_context
    self.dialect.do_execute(
  File "/home/yuksal21/virtualenv/maestro.yuksalishbot.uz/3.12/lib64/python3.12/site-packages/sqlalchemy/engine/default.py", line 952, in do_execute
    cursor.execute(statement, parameters)
  File "/home/yuksal21/virtualenv/maestro.yuksalishbot.uz/3.12/lib64/python3.12/site-packages/sqlalchemy/connectors/asyncio.py", line 230, in execute
    self._adapt_connection._handle_exception(error)
  File "/home/yuksal21/virtualenv/maestro.yuksalishbot.uz/3.12/lib64/python3.12/site-packages/sqlalchemy/connectors/asyncio.py", line 368, in _handle_exception
    raise error.with_traceback(exc_info[2])
  File "/home/yuksal21/virtualenv/maestro.yuksalishbot.uz/3.12/lib64/python3.12/site-packages/sqlalchemy/connectors/asyncio.py", line 228, in execute
    return self.await_(self._execute_async(operation, parameters))
           ^^^^^^^^^^^^^^^^^^^^^^^^^^^^^^^^^^^^^^^^^^^^^^^^^^^^^^^
  File "/home/yuksal21/virtualenv/maestro.yuksalishbot.uz/3.12/lib64/python3.12/site-packages/sqlalchemy/util/_concurrency_py3k.py", line 132, in await_only
    return current.parent.switch(awaitable)  # type: ignore[no-any-return,attr-defined] # noqa: E501
           ^^^^^^^^^^^^^^^^^^^^^^^^^^^^^^^^
  File "/home/yuksal21/virtualenv/maestro.yuksalishbot.uz/3.12/lib64/python3.12/site-packages/sqlalchemy/util/_concurrency_py3k.py", line 196, in greenlet_spawn
    value = await result
            ^^^^^^^^^^^^
  File "/home/yuksal21/virtualenv/maestro.yuksalishbot.uz/3.12/lib64/python3.12/site-packages/sqlalchemy/connectors/asyncio.py", line 251, in _execute_async
    result = await self._cursor.execute(operation, parameters)
             ^^^^^^^^^^^^^^^^^^^^^^^^^^^^^^^^^^^^^^^^^^^^^^^^^
  File "/home/yuksal21/virtualenv/maestro.yuksalishbot.uz/3.12/lib/python3.12/site-packages/aiomysql/cursors.py", line 239, in execute
    await self._query(query)
  File "/home/yuksal21/virtualenv/maestro.yuksalishbot.uz/3.12/lib/python3.12/site-packages/aiomysql/cursors.py", line 457, in _query
    await conn.query(q)
  File "/home/yuksal21/virtualenv/maestro.yuksalishbot.uz/3.12/lib/python3.12/site-packages/aiomysql/connection.py", line 469, in query
    await self._read_query_result(unbuffered=unbuffered)
  File "/home/yuksal21/virtualenv/maestro.yuksalishbot.uz/3.12/lib/python3.12/site-packages/aiomysql/connection.py", line 683, in _read_query_result
    await result.read()
  File "/home/yuksal21/virtualenv/maestro.yuksalishbot.uz/3.12/lib/python3.12/site-packages/aiomysql/connection.py", line 1164, in read
    first_packet = await self.connection._read_packet()
                   ^^^^^^^^^^^^^^^^^^^^^^^^^^^^^^^^^^^^
  File "/home/yuksal21/virtualenv/maestro.yuksalishbot.uz/3.12/lib/python3.12/site-packages/aiomysql/connection.py", line 609, in _read_packet
    packet_header = await self._read_bytes(4)
                    ^^^^^^^^^^^^^^^^^^^^^^^^^
  File "/home/yuksal21/virtualenv/maestro.yuksalishbot.uz/3.12/lib/python3.12/site-packages/aiomysql/connection.py", line 661, in _read_bytes
    raise OperationalError(CR.CR_SERVER_LOST, msg) from e
sqlalchemy.exc.OperationalError: (pymysql.err.OperationalError) (2013, 'Lost connection to MySQL server during query')
[SQL: SELECT users.id, users.telegram_id, users.first_name, users.phone_number, users.language_code, users.role, users.subscription_until, users.is_active 
FROM users 
WHERE users.telegram_id = %s]
[parameters: (372688693,)]
(Background on this error at: https://sqlalche.me/e/20/e3q8)
INFO:aiogram.event:Update id=863691740 is handled. Duration 187 ms by bot id=8403442567
INFO:aiogram.event:Update id=863691741 is handled. Duration 129 ms by bot id=8403442567
INFO:aiogram.event:Update id=863691742 is handled. Duration 169 ms by bot id=8403442567
INFO:aiogram.event:Update id=863691743 is handled. Duration 541 ms by bot id=8403442567
Traceback (most recent call last):
  File "/home/yuksal21/maestro.yuksalishbot.uz/admin_panel.py", line 5, in <module>
    import uvicorn
ModuleNotFoundError: No module named 'uvicorn'
Traceback (most recent call last):
  File "/home/yuksal21/maestro.yuksalishbot.uz/admin_panel.py", line 8, in <module>
    from sqladmin import Admin, ModelView
ModuleNotFoundError: No module named 'sqladmin'
Traceback (most recent call last):
  File "/home/yuksal21/maestro.yuksalishbot.uz/admin_panel.py", line 41, in <module>
    authentication_backend = MyBackend(secret_key=ADMIN_SECRET_KEY)
                             ^^^^^^^^^^^^^^^^^^^^^^^^^^^^^^^^^^^^^^
  File "/home/yuksal21/virtualenv/maestro.yuksalishbot.uz/3.12/lib/python3.12/site-packages/sqladmin/authentication.py", line 19, in __init__
    from starlette.middleware.sessions import SessionMiddleware
  File "/home/yuksal21/virtualenv/maestro.yuksalishbot.uz/3.12/lib/python3.12/site-packages/starlette/middleware/sessions.py", line 7, in <module>
    import itsdangerous
ModuleNotFoundError: No module named 'itsdangerous'
INFO:     Will watch for changes in these directories: ['/home/yuksal21/maestro.yuksalishbot.uz']
ERROR:    [Errno 98] Address already in use
INFO:apscheduler.executors.default:Running job "check_reminders (trigger: cron[hour='*', minute='0'], next run at: 2026-03-13 21:00:00 +05)" (scheduled at 2026-03-13 20:00:00+05:00)
ERROR:apscheduler.executors.default:Job "check_reminders (trigger: cron[hour='*', minute='0'], next run at: 2026-03-13 21:00:00 +05)" raised an exception
Traceback (most recent call last):
  File "/home/yuksal21/virtualenv/maestro.yuksalishbot.uz/3.12/lib/python3.12/site-packages/aiomysql/connection.py", line 657, in _read_bytes
    data = await self._reader.readexactly(num_bytes)
           ^^^^^^^^^^^^^^^^^^^^^^^^^^^^^^^^^^^^^^^^^
  File "/opt/alt/python312/lib64/python3.12/asyncio/streams.py", line 750, in readexactly
    raise exceptions.IncompleteReadError(incomplete, n)
asyncio.exceptions.IncompleteReadError: 0 bytes read on a total of 4 expected bytes

The above exception was the direct cause of the following exception:

Traceback (most recent call last):
  File "/home/yuksal21/virtualenv/maestro.yuksalishbot.uz/3.12/lib64/python3.12/site-packages/sqlalchemy/engine/base.py", line 1967, in _exec_single_context
    self.dialect.do_execute(
  File "/home/yuksal21/virtualenv/maestro.yuksalishbot.uz/3.12/lib64/python3.12/site-packages/sqlalchemy/engine/default.py", line 952, in do_execute
    cursor.execute(statement, parameters)
  File "/home/yuksal21/virtualenv/maestro.yuksalishbot.uz/3.12/lib64/python3.12/site-packages/sqlalchemy/connectors/asyncio.py", line 230, in execute
    self._adapt_connection._handle_exception(error)
  File "/home/yuksal21/virtualenv/maestro.yuksalishbot.uz/3.12/lib64/python3.12/site-packages/sqlalchemy/connectors/asyncio.py", line 368, in _handle_exception
    raise error.with_traceback(exc_info[2])
  File "/home/yuksal21/virtualenv/maestro.yuksalishbot.uz/3.12/lib64/python3.12/site-packages/sqlalchemy/connectors/asyncio.py", line 228, in execute
    return self.await_(self._execute_async(operation, parameters))
           ^^^^^^^^^^^^^^^^^^^^^^^^^^^^^^^^^^^^^^^^^^^^^^^^^^^^^^^
  File "/home/yuksal21/virtualenv/maestro.yuksalishbot.uz/3.12/lib64/python3.12/site-packages/sqlalchemy/util/_concurrency_py3k.py", line 132, in await_only
    return current.parent.switch(awaitable)  # type: ignore[no-any-return,attr-defined] # noqa: E501
           ^^^^^^^^^^^^^^^^^^^^^^^^^^^^^^^^
  File "/home/yuksal21/virtualenv/maestro.yuksalishbot.uz/3.12/lib64/python3.12/site-packages/sqlalchemy/util/_concurrency_py3k.py", line 196, in greenlet_spawn
    value = await result
            ^^^^^^^^^^^^
  File "/home/yuksal21/virtualenv/maestro.yuksalishbot.uz/3.12/lib64/python3.12/site-packages/sqlalchemy/connectors/asyncio.py", line 251, in _execute_async
    result = await self._cursor.execute(operation, parameters)
             ^^^^^^^^^^^^^^^^^^^^^^^^^^^^^^^^^^^^^^^^^^^^^^^^^
  File "/home/yuksal21/virtualenv/maestro.yuksalishbot.uz/3.12/lib/python3.12/site-packages/aiomysql/cursors.py", line 239, in execute
    await self._query(query)
  File "/home/yuksal21/virtualenv/maestro.yuksalishbot.uz/3.12/lib/python3.12/site-packages/aiomysql/cursors.py", line 457, in _query
    await conn.query(q)
  File "/home/yuksal21/virtualenv/maestro.yuksalishbot.uz/3.12/lib/python3.12/site-packages/aiomysql/connection.py", line 469, in query
    await self._read_query_result(unbuffered=unbuffered)
  File "/home/yuksal21/virtualenv/maestro.yuksalishbot.uz/3.12/lib/python3.12/site-packages/aiomysql/connection.py", line 683, in _read_query_result
    await result.read()
  File "/home/yuksal21/virtualenv/maestro.yuksalishbot.uz/3.12/lib/python3.12/site-packages/aiomysql/connection.py", line 1164, in read
    first_packet = await self.connection._read_packet()
                   ^^^^^^^^^^^^^^^^^^^^^^^^^^^^^^^^^^^^
  File "/home/yuksal21/virtualenv/maestro.yuksalishbot.uz/3.12/lib/python3.12/site-packages/aiomysql/connection.py", line 609, in _read_packet
    packet_header = await self._read_bytes(4)
                    ^^^^^^^^^^^^^^^^^^^^^^^^^
  File "/home/yuksal21/virtualenv/maestro.yuksalishbot.uz/3.12/lib/python3.12/site-packages/aiomysql/connection.py", line 661, in _read_bytes
    raise OperationalError(CR.CR_SERVER_LOST, msg) from e
pymysql.err.OperationalError: (2013, 'Lost connection to MySQL server during query')

The above exception was the direct cause of the following exception:

Traceback (most recent call last):
  File "/home/yuksal21/virtualenv/maestro.yuksalishbot.uz/3.12/lib/python3.12/site-packages/apscheduler/executors/base.py", line 181, in run_coroutine_job
    retval = await job.func(*job.args, **job.kwargs)
             ^^^^^^^^^^^^^^^^^^^^^^^^^^^^^^^^^^^^^^^
  File "/home/yuksal21/maestro.yuksalishbot.uz/scheduler.py", line 25, in check_reminders
    bookings_to_remind = (await session.execute(query)).scalars().all()
                          ^^^^^^^^^^^^^^^^^^^^^^^^^^^^
  File "/home/yuksal21/virtualenv/maestro.yuksalishbot.uz/3.12/lib64/python3.12/site-packages/sqlalchemy/ext/asyncio/session.py", line 449, in execute
    result = await greenlet_spawn(
             ^^^^^^^^^^^^^^^^^^^^^
  File "/home/yuksal21/virtualenv/maestro.yuksalishbot.uz/3.12/lib64/python3.12/site-packages/sqlalchemy/util/_concurrency_py3k.py", line 203, in greenlet_spawn
    result = context.switch(value)
             ^^^^^^^^^^^^^^^^^^^^^
  File "/home/yuksal21/virtualenv/maestro.yuksalishbot.uz/3.12/lib64/python3.12/site-packages/sqlalchemy/orm/session.py", line 2351, in execute
    return self._execute_internal(
           ^^^^^^^^^^^^^^^^^^^^^^^
  File "/home/yuksal21/virtualenv/maestro.yuksalishbot.uz/3.12/lib64/python3.12/site-packages/sqlalchemy/orm/session.py", line 2249, in _execute_internal
    result: Result[Any] = compile_state_cls.orm_execute_statement(
                          ^^^^^^^^^^^^^^^^^^^^^^^^^^^^^^^^^^^^^^^^
  File "/home/yuksal21/virtualenv/maestro.yuksalishbot.uz/3.12/lib64/python3.12/site-packages/sqlalchemy/orm/context.py", line 306, in orm_execute_statement
    result = conn.execute(
             ^^^^^^^^^^^^^
  File "/home/yuksal21/virtualenv/maestro.yuksalishbot.uz/3.12/lib64/python3.12/site-packages/sqlalchemy/engine/base.py", line 1419, in execute
    return meth(
           ^^^^^
  File "/home/yuksal21/virtualenv/maestro.yuksalishbot.uz/3.12/lib64/python3.12/site-packages/sqlalchemy/sql/elements.py", line 527, in _execute_on_connection
    return connection._execute_clauseelement(
           ^^^^^^^^^^^^^^^^^^^^^^^^^^^^^^^^^^
  File "/home/yuksal21/virtualenv/maestro.yuksalishbot.uz/3.12/lib64/python3.12/site-packages/sqlalchemy/engine/base.py", line 1641, in _execute_clauseelement
    ret = self._execute_context(
          ^^^^^^^^^^^^^^^^^^^^^^
  File "/home/yuksal21/virtualenv/maestro.yuksalishbot.uz/3.12/lib64/python3.12/site-packages/sqlalchemy/engine/base.py", line 1846, in _execute_context
    return self._exec_single_context(
           ^^^^^^^^^^^^^^^^^^^^^^^^^^
  File "/home/yuksal21/virtualenv/maestro.yuksalishbot.uz/3.12/lib64/python3.12/site-packages/sqlalchemy/engine/base.py", line 1986, in _exec_single_context
    self._handle_dbapi_exception(
  File "/home/yuksal21/virtualenv/maestro.yuksalishbot.uz/3.12/lib64/python3.12/site-packages/sqlalchemy/engine/base.py", line 2363, in _handle_dbapi_exception
    raise sqlalchemy_exception.with_traceback(exc_info[2]) from e
  File "/home/yuksal21/virtualenv/maestro.yuksalishbot.uz/3.12/lib64/python3.12/site-packages/sqlalchemy/engine/base.py", line 1967, in _exec_single_context
    self.dialect.do_execute(
  File "/home/yuksal21/virtualenv/maestro.yuksalishbot.uz/3.12/lib64/python3.12/site-packages/sqlalchemy/engine/default.py", line 952, in do_execute
    cursor.execute(statement, parameters)
  File "/home/yuksal21/virtualenv/maestro.yuksalishbot.uz/3.12/lib64/python3.12/site-packages/sqlalchemy/connectors/asyncio.py", line 230, in execute
    self._adapt_connection._handle_exception(error)
  File "/home/yuksal21/virtualenv/maestro.yuksalishbot.uz/3.12/lib64/python3.12/site-packages/sqlalchemy/connectors/asyncio.py", line 368, in _handle_exception
    raise error.with_traceback(exc_info[2])
  File "/home/yuksal21/virtualenv/maestro.yuksalishbot.uz/3.12/lib64/python3.12/site-packages/sqlalchemy/connectors/asyncio.py", line 228, in execute
    return self.await_(self._execute_async(operation, parameters))
           ^^^^^^^^^^^^^^^^^^^^^^^^^^^^^^^^^^^^^^^^^^^^^^^^^^^^^^^
  File "/home/yuksal21/virtualenv/maestro.yuksalishbot.uz/3.12/lib64/python3.12/site-packages/sqlalchemy/util/_concurrency_py3k.py", line 132, in await_only
    return current.parent.switch(awaitable)  # type: ignore[no-any-return,attr-defined] # noqa: E501
           ^^^^^^^^^^^^^^^^^^^^^^^^^^^^^^^^
  File "/home/yuksal21/virtualenv/maestro.yuksalishbot.uz/3.12/lib64/python3.12/site-packages/sqlalchemy/util/_concurrency_py3k.py", line 196, in greenlet_spawn
    value = await result
            ^^^^^^^^^^^^
  File "/home/yuksal21/virtualenv/maestro.yuksalishbot.uz/3.12/lib64/python3.12/site-packages/sqlalchemy/connectors/asyncio.py", line 251, in _execute_async
    result = await self._cursor.execute(operation, parameters)
             ^^^^^^^^^^^^^^^^^^^^^^^^^^^^^^^^^^^^^^^^^^^^^^^^^
  File "/home/yuksal21/virtualenv/maestro.yuksalishbot.uz/3.12/lib/python3.12/site-packages/aiomysql/cursors.py", line 239, in execute
    await self._query(query)
  File "/home/yuksal21/virtualenv/maestro.yuksalishbot.uz/3.12/lib/python3.12/site-packages/aiomysql/cursors.py", line 457, in _query
    await conn.query(q)
  File "/home/yuksal21/virtualenv/maestro.yuksalishbot.uz/3.12/lib/python3.12/site-packages/aiomysql/connection.py", line 469, in query
    await self._read_query_result(unbuffered=unbuffered)
  File "/home/yuksal21/virtualenv/maestro.yuksalishbot.uz/3.12/lib/python3.12/site-packages/aiomysql/connection.py", line 683, in _read_query_result
    await result.read()
  File "/home/yuksal21/virtualenv/maestro.yuksalishbot.uz/3.12/lib/python3.12/site-packages/aiomysql/connection.py", line 1164, in read
    first_packet = await self.connection._read_packet()
                   ^^^^^^^^^^^^^^^^^^^^^^^^^^^^^^^^^^^^
  File "/home/yuksal21/virtualenv/maestro.yuksalishbot.uz/3.12/lib/python3.12/site-packages/aiomysql/connection.py", line 609, in _read_packet
    packet_header = await self._read_bytes(4)
                    ^^^^^^^^^^^^^^^^^^^^^^^^^
  File "/home/yuksal21/virtualenv/maestro.yuksalishbot.uz/3.12/lib/python3.12/site-packages/aiomysql/connection.py", line 661, in _read_bytes
    raise OperationalError(CR.CR_SERVER_LOST, msg) from e
sqlalchemy.exc.OperationalError: (pymysql.err.OperationalError) (2013, 'Lost connection to MySQL server during query')
[SQL: SELECT bookings.id, bookings.user_id, bookings.stylist_id, bookings.service_id, bookings.datetime, bookings.status, bookings.rating, bookings.review_text, users_1.id AS id_1, users_1.telegram_id, users_1.first_name, users_1.phone_number, users_1.language_code, users_1.role, users_1.subscription_until, users_1.is_active 
FROM bookings LEFT OUTER JOIN users AS users_1 ON users_1.id = bookings.user_id 
WHERE bookings.status = %s AND bookings.datetime >= %s AND bookings.datetime < %s]
[parameters: ('approved', '2026-03-14 20:00', '2026-03-14 21:00')]
(Background on this error at: https://sqlalche.me/e/20/e3q8)
INFO:aiogram.event:Update id=863691744 is handled. Duration 149 ms by bot id=8403442567
INFO:aiogram.event:Update id=863691745 is handled. Duration 250 ms by bot id=8403442567
INFO:aiogram.event:Update id=863691746 is handled. Duration 153 ms by bot id=8403442567
INFO:aiogram.event:Update id=863691747 is handled. Duration 237 ms by bot id=8403442567
INFO:aiogram.event:Update id=863691748 is handled. Duration 309 ms by bot id=8403442567
INFO:aiogram.event:Update id=863691749 is handled. Duration 246 ms by bot id=8403442567
INFO:aiogram.event:Update id=863691750 is handled. Duration 387 ms by bot id=8403442567
INFO:aiogram.event:Update id=863691751 is not handled. Duration 2 ms by bot id=8403442567
ERROR:aiogram.event:Cause exception while process update id=863691751 by bot id=8403442567
OperationalError: (pymysql.err.OperationalError) (2013, 'Lost connection to MySQL server during query')
[SQL: SELECT users.id, users.telegram_id, users.first_name, users.phone_number, users.language_code, users.role, users.subscription_until, users.is_active 
FROM users 
WHERE users.telegram_id = %s]
[parameters: (372688693,)]
(Background on this error at: https://sqlalche.me/e/20/e3q8)
Traceback (most recent call last):
  File "/home/yuksal21/virtualenv/maestro.yuksalishbot.uz/3.12/lib/python3.12/site-packages/aiomysql/connection.py", line 657, in _read_bytes
    data = await self._reader.readexactly(num_bytes)
           ^^^^^^^^^^^^^^^^^^^^^^^^^^^^^^^^^^^^^^^^^
  File "/opt/alt/python312/lib64/python3.12/asyncio/streams.py", line 750, in readexactly
    raise exceptions.IncompleteReadError(incomplete, n)
asyncio.exceptions.IncompleteReadError: 0 bytes read on a total of 4 expected bytes

The above exception was the direct cause of the following exception:

Traceback (most recent call last):
  File "/home/yuksal21/virtualenv/maestro.yuksalishbot.uz/3.12/lib64/python3.12/site-packages/sqlalchemy/engine/base.py", line 1967, in _exec_single_context
    self.dialect.do_execute(
  File "/home/yuksal21/virtualenv/maestro.yuksalishbot.uz/3.12/lib64/python3.12/site-packages/sqlalchemy/engine/default.py", line 952, in do_execute
    cursor.execute(statement, parameters)
  File "/home/yuksal21/virtualenv/maestro.yuksalishbot.uz/3.12/lib64/python3.12/site-packages/sqlalchemy/connectors/asyncio.py", line 230, in execute
    self._adapt_connection._handle_exception(error)
  File "/home/yuksal21/virtualenv/maestro.yuksalishbot.uz/3.12/lib64/python3.12/site-packages/sqlalchemy/connectors/asyncio.py", line 368, in _handle_exception
    raise error.with_traceback(exc_info[2])
  File "/home/yuksal21/virtualenv/maestro.yuksalishbot.uz/3.12/lib64/python3.12/site-packages/sqlalchemy/connectors/asyncio.py", line 228, in execute
    return self.await_(self._execute_async(operation, parameters))
           ^^^^^^^^^^^^^^^^^^^^^^^^^^^^^^^^^^^^^^^^^^^^^^^^^^^^^^^
  File "/home/yuksal21/virtualenv/maestro.yuksalishbot.uz/3.12/lib64/python3.12/site-packages/sqlalchemy/util/_concurrency_py3k.py", line 132, in await_only
    return current.parent.switch(awaitable)  # type: ignore[no-any-return,attr-defined] # noqa: E501
           ^^^^^^^^^^^^^^^^^^^^^^^^^^^^^^^^
  File "/home/yuksal21/virtualenv/maestro.yuksalishbot.uz/3.12/lib64/python3.12/site-packages/sqlalchemy/util/_concurrency_py3k.py", line 196, in greenlet_spawn
    value = await result
            ^^^^^^^^^^^^
  File "/home/yuksal21/virtualenv/maestro.yuksalishbot.uz/3.12/lib64/python3.12/site-packages/sqlalchemy/connectors/asyncio.py", line 251, in _execute_async
    result = await self._cursor.execute(operation, parameters)
             ^^^^^^^^^^^^^^^^^^^^^^^^^^^^^^^^^^^^^^^^^^^^^^^^^
  File "/home/yuksal21/virtualenv/maestro.yuksalishbot.uz/3.12/lib/python3.12/site-packages/aiomysql/cursors.py", line 239, in execute
    await self._query(query)
  File "/home/yuksal21/virtualenv/maestro.yuksalishbot.uz/3.12/lib/python3.12/site-packages/aiomysql/cursors.py", line 457, in _query
    await conn.query(q)
  File "/home/yuksal21/virtualenv/maestro.yuksalishbot.uz/3.12/lib/python3.12/site-packages/aiomysql/connection.py", line 469, in query
    await self._read_query_result(unbuffered=unbuffered)
  File "/home/yuksal21/virtualenv/maestro.yuksalishbot.uz/3.12/lib/python3.12/site-packages/aiomysql/connection.py", line 683, in _read_query_result
    await result.read()
  File "/home/yuksal21/virtualenv/maestro.yuksalishbot.uz/3.12/lib/python3.12/site-packages/aiomysql/connection.py", line 1164, in read
    first_packet = await self.connection._read_packet()
                   ^^^^^^^^^^^^^^^^^^^^^^^^^^^^^^^^^^^^
  File "/home/yuksal21/virtualenv/maestro.yuksalishbot.uz/3.12/lib/python3.12/site-packages/aiomysql/connection.py", line 609, in _read_packet
    packet_header = await self._read_bytes(4)
                    ^^^^^^^^^^^^^^^^^^^^^^^^^
  File "/home/yuksal21/virtualenv/maestro.yuksalishbot.uz/3.12/lib/python3.12/site-packages/aiomysql/connection.py", line 661, in _read_bytes
    raise OperationalError(CR.CR_SERVER_LOST, msg) from e
pymysql.err.OperationalError: (2013, 'Lost connection to MySQL server during query')

The above exception was the direct cause of the following exception:

Traceback (most recent call last):
  File "/home/yuksal21/virtualenv/maestro.yuksalishbot.uz/3.12/lib/python3.12/site-packages/aiogram/dispatcher/dispatcher.py", line 320, in _process_update
    response = await self.feed_update(bot, update, **kwargs)
               ^^^^^^^^^^^^^^^^^^^^^^^^^^^^^^^^^^^^^^^^^^^^^
  File "/home/yuksal21/virtualenv/maestro.yuksalishbot.uz/3.12/lib/python3.12/site-packages/aiogram/dispatcher/dispatcher.py", line 164, in feed_update
    response = await self.update.wrap_outer_middleware(
               ^^^^^^^^^^^^^^^^^^^^^^^^^^^^^^^^^^^^^^^^
  File "/home/yuksal21/virtualenv/maestro.yuksalishbot.uz/3.12/lib/python3.12/site-packages/aiogram/dispatcher/middlewares/error.py", line 27, in __call__
    return await handler(event, data)
           ^^^^^^^^^^^^^^^^^^^^^^^^^^
  File "/home/yuksal21/virtualenv/maestro.yuksalishbot.uz/3.12/lib/python3.12/site-packages/aiogram/dispatcher/middlewares/user_context.py", line 58, in __call__
    return await handler(event, data)
           ^^^^^^^^^^^^^^^^^^^^^^^^^^
  File "/home/yuksal21/virtualenv/maestro.yuksalishbot.uz/3.12/lib/python3.12/site-packages/aiogram/fsm/middleware.py", line 43, in __call__
    return await handler(event, data)
           ^^^^^^^^^^^^^^^^^^^^^^^^^^
  File "/home/yuksal21/virtualenv/maestro.yuksalishbot.uz/3.12/lib/python3.12/site-packages/aiogram/dispatcher/event/telegram.py", line 126, in trigger
    return await wrapped_inner(event, kwargs)
           ^^^^^^^^^^^^^^^^^^^^^^^^^^^^^^^^^^
  File "/home/yuksal21/virtualenv/maestro.yuksalishbot.uz/3.12/lib/python3.12/site-packages/aiogram/dispatcher/event/handler.py", line 71, in call
    return await wrapped()
           ^^^^^^^^^^^^^^^
  File "/home/yuksal21/virtualenv/maestro.yuksalishbot.uz/3.12/lib/python3.12/site-packages/aiogram/dispatcher/dispatcher.py", line 283, in _listen_update
    return await self.propagate_event(update_type=update_type, event=event, **kwargs)
           ^^^^^^^^^^^^^^^^^^^^^^^^^^^^^^^^^^^^^^^^^^^^^^^^^^^^^^^^^^^^^^^^^^^^^^^^^^
  File "/home/yuksal21/virtualenv/maestro.yuksalishbot.uz/3.12/lib/python3.12/site-packages/aiogram/dispatcher/router.py", line 161, in propagate_event
    return await observer.wrap_outer_middleware(_wrapped, event=event, data=kwargs)
           ^^^^^^^^^^^^^^^^^^^^^^^^^^^^^^^^^^^^^^^^^^^^^^^^^^^^^^^^^^^^^^^^^^^^^^^^
  File "/home/yuksal21/virtualenv/maestro.yuksalishbot.uz/3.12/lib/python3.12/site-packages/aiogram/dispatcher/router.py", line 153, in _wrapped
    return await self._propagate_event(
           ^^^^^^^^^^^^^^^^^^^^^^^^^^^^
  File "/home/yuksal21/virtualenv/maestro.yuksalishbot.uz/3.12/lib/python3.12/site-packages/aiogram/dispatcher/router.py", line 181, in _propagate_event
    response = await observer.trigger(event, **kwargs)
               ^^^^^^^^^^^^^^^^^^^^^^^^^^^^^^^^^^^^^^^
  File "/home/yuksal21/virtualenv/maestro.yuksalishbot.uz/3.12/lib/python3.12/site-packages/aiogram/dispatcher/event/telegram.py", line 126, in trigger
    return await wrapped_inner(event, kwargs)
           ^^^^^^^^^^^^^^^^^^^^^^^^^^^^^^^^^^
  File "/home/yuksal21/virtualenv/maestro.yuksalishbot.uz/3.12/lib/python3.12/site-packages/aiogram/dispatcher/event/handler.py", line 71, in call
    return await wrapped()
           ^^^^^^^^^^^^^^^
  File "/home/yuksal21/maestro.yuksalishbot.uz/bot.py", line 988, in booking_start_menu
    user = await ensure_registered_message(message)
           ^^^^^^^^^^^^^^^^^^^^^^^^^^^^^^^^^^^^^^^^
  File "/home/yuksal21/maestro.yuksalishbot.uz/bot.py", line 611, in ensure_registered_message
    user = await get_user_by_telegram_id(message.from_user.id)
           ^^^^^^^^^^^^^^^^^^^^^^^^^^^^^^^^^^^^^^^^^^^^^^^^^^^
  File "/home/yuksal21/maestro.yuksalishbot.uz/bot.py", line 544, in get_user_by_telegram_id
    return await session.scalar(select(db.User).where(db.User.telegram_id == telegram_id))
           ^^^^^^^^^^^^^^^^^^^^^^^^^^^^^^^^^^^^^^^^^^^^^^^^^^^^^^^^^^^^^^^^^^^^^^^^^^^^^^^
  File "/home/yuksal21/virtualenv/maestro.yuksalishbot.uz/3.12/lib64/python3.12/site-packages/sqlalchemy/ext/asyncio/session.py", line 505, in scalar
    return await greenlet_spawn(
           ^^^^^^^^^^^^^^^^^^^^^
  File "/home/yuksal21/virtualenv/maestro.yuksalishbot.uz/3.12/lib64/python3.12/site-packages/sqlalchemy/util/_concurrency_py3k.py", line 203, in greenlet_spawn
    result = context.switch(value)
             ^^^^^^^^^^^^^^^^^^^^^
  File "/home/yuksal21/virtualenv/maestro.yuksalishbot.uz/3.12/lib64/python3.12/site-packages/sqlalchemy/orm/session.py", line 2399, in scalar
    return self._execute_internal(
           ^^^^^^^^^^^^^^^^^^^^^^^
  File "/home/yuksal21/virtualenv/maestro.yuksalishbot.uz/3.12/lib64/python3.12/site-packages/sqlalchemy/orm/session.py", line 2249, in _execute_internal
    result: Result[Any] = compile_state_cls.orm_execute_statement(
                          ^^^^^^^^^^^^^^^^^^^^^^^^^^^^^^^^^^^^^^^^
  File "/home/yuksal21/virtualenv/maestro.yuksalishbot.uz/3.12/lib64/python3.12/site-packages/sqlalchemy/orm/context.py", line 306, in orm_execute_statement
    result = conn.execute(
             ^^^^^^^^^^^^^
  File "/home/yuksal21/virtualenv/maestro.yuksalishbot.uz/3.12/lib64/python3.12/site-packages/sqlalchemy/engine/base.py", line 1419, in execute
    return meth(
           ^^^^^
  File "/home/yuksal21/virtualenv/maestro.yuksalishbot.uz/3.12/lib64/python3.12/site-packages/sqlalchemy/sql/elements.py", line 527, in _execute_on_connection
    return connection._execute_clauseelement(
           ^^^^^^^^^^^^^^^^^^^^^^^^^^^^^^^^^^
  File "/home/yuksal21/virtualenv/maestro.yuksalishbot.uz/3.12/lib64/python3.12/site-packages/sqlalchemy/engine/base.py", line 1641, in _execute_clauseelement
    ret = self._execute_context(
          ^^^^^^^^^^^^^^^^^^^^^^
  File "/home/yuksal21/virtualenv/maestro.yuksalishbot.uz/3.12/lib64/python3.12/site-packages/sqlalchemy/engine/base.py", line 1846, in _execute_context
    return self._exec_single_context(
           ^^^^^^^^^^^^^^^^^^^^^^^^^^
  File "/home/yuksal21/virtualenv/maestro.yuksalishbot.uz/3.12/lib64/python3.12/site-packages/sqlalchemy/engine/base.py", line 1986, in _exec_single_context
    self._handle_dbapi_exception(
  File "/home/yuksal21/virtualenv/maestro.yuksalishbot.uz/3.12/lib64/python3.12/site-packages/sqlalchemy/engine/base.py", line 2363, in _handle_dbapi_exception
    raise sqlalchemy_exception.with_traceback(exc_info[2]) from e
  File "/home/yuksal21/virtualenv/maestro.yuksalishbot.uz/3.12/lib64/python3.12/site-packages/sqlalchemy/engine/base.py", line 1967, in _exec_single_context
    self.dialect.do_execute(
  File "/home/yuksal21/virtualenv/maestro.yuksalishbot.uz/3.12/lib64/python3.12/site-packages/sqlalchemy/engine/default.py", line 952, in do_execute
    cursor.execute(statement, parameters)
  File "/home/yuksal21/virtualenv/maestro.yuksalishbot.uz/3.12/lib64/python3.12/site-packages/sqlalchemy/connectors/asyncio.py", line 230, in execute
    self._adapt_connection._handle_exception(error)
  File "/home/yuksal21/virtualenv/maestro.yuksalishbot.uz/3.12/lib64/python3.12/site-packages/sqlalchemy/connectors/asyncio.py", line 368, in _handle_exception
    raise error.with_traceback(exc_info[2])
  File "/home/yuksal21/virtualenv/maestro.yuksalishbot.uz/3.12/lib64/python3.12/site-packages/sqlalchemy/connectors/asyncio.py", line 228, in execute
    return self.await_(self._execute_async(operation, parameters))
           ^^^^^^^^^^^^^^^^^^^^^^^^^^^^^^^^^^^^^^^^^^^^^^^^^^^^^^^
  File "/home/yuksal21/virtualenv/maestro.yuksalishbot.uz/3.12/lib64/python3.12/site-packages/sqlalchemy/util/_concurrency_py3k.py", line 132, in await_only
    return current.parent.switch(awaitable)  # type: ignore[no-any-return,attr-defined] # noqa: E501
           ^^^^^^^^^^^^^^^^^^^^^^^^^^^^^^^^
  File "/home/yuksal21/virtualenv/maestro.yuksalishbot.uz/3.12/lib64/python3.12/site-packages/sqlalchemy/util/_concurrency_py3k.py", line 196, in greenlet_spawn
    value = await result
            ^^^^^^^^^^^^
  File "/home/yuksal21/virtualenv/maestro.yuksalishbot.uz/3.12/lib64/python3.12/site-packages/sqlalchemy/connectors/asyncio.py", line 251, in _execute_async
    result = await self._cursor.execute(operation, parameters)
             ^^^^^^^^^^^^^^^^^^^^^^^^^^^^^^^^^^^^^^^^^^^^^^^^^
  File "/home/yuksal21/virtualenv/maestro.yuksalishbot.uz/3.12/lib/python3.12/site-packages/aiomysql/cursors.py", line 239, in execute
    await self._query(query)
  File "/home/yuksal21/virtualenv/maestro.yuksalishbot.uz/3.12/lib/python3.12/site-packages/aiomysql/cursors.py", line 457, in _query
    await conn.query(q)
  File "/home/yuksal21/virtualenv/maestro.yuksalishbot.uz/3.12/lib/python3.12/site-packages/aiomysql/connection.py", line 469, in query
    await self._read_query_result(unbuffered=unbuffered)
  File "/home/yuksal21/virtualenv/maestro.yuksalishbot.uz/3.12/lib/python3.12/site-packages/aiomysql/connection.py", line 683, in _read_query_result
    await result.read()
  File "/home/yuksal21/virtualenv/maestro.yuksalishbot.uz/3.12/lib/python3.12/site-packages/aiomysql/connection.py", line 1164, in read
    first_packet = await self.connection._read_packet()
                   ^^^^^^^^^^^^^^^^^^^^^^^^^^^^^^^^^^^^
  File "/home/yuksal21/virtualenv/maestro.yuksalishbot.uz/3.12/lib/python3.12/site-packages/aiomysql/connection.py", line 609, in _read_packet
    packet_header = await self._read_bytes(4)
                    ^^^^^^^^^^^^^^^^^^^^^^^^^
  File "/home/yuksal21/virtualenv/maestro.yuksalishbot.uz/3.12/lib/python3.12/site-packages/aiomysql/connection.py", line 661, in _read_bytes
    raise OperationalError(CR.CR_SERVER_LOST, msg) from e
sqlalchemy.exc.OperationalError: (pymysql.err.OperationalError) (2013, 'Lost connection to MySQL server during query')
[SQL: SELECT users.id, users.telegram_id, users.first_name, users.phone_number, users.language_code, users.role, users.subscription_until, users.is_active 
FROM users 
WHERE users.telegram_id = %s]
[parameters: (372688693,)]
(Background on this error at: https://sqlalche.me/e/20/e3q8)
INFO:aiogram.event:Update id=863691752 is handled. Duration 149 ms by bot id=8403442567
INFO:aiogram.event:Update id=863691753 is handled. Duration 130 ms by bot id=8403442567
INFO:aiogram.event:Update id=863691754 is handled. Duration 158 ms by bot id=8403442567
INFO:aiogram.event:Update id=863691755 is handled. Duration 127 ms by bot id=8403442567
INFO:aiogram.event:Update id=863691756 is handled. Duration 576 ms by bot id=8403442567
INFO:apscheduler.executors.default:Running job "check_reminders (trigger: cron[hour='*', minute='0'], next run at: 2026-03-13 22:00:00 +05)" (scheduled at 2026-03-13 21:00:00+05:00)
ERROR:apscheduler.executors.default:Job "check_reminders (trigger: cron[hour='*', minute='0'], next run at: 2026-03-13 22:00:00 +05)" raised an exception
Traceback (most recent call last):
  File "/home/yuksal21/virtualenv/maestro.yuksalishbot.uz/3.12/lib/python3.12/site-packages/aiomysql/connection.py", line 657, in _read_bytes
    data = await self._reader.readexactly(num_bytes)
           ^^^^^^^^^^^^^^^^^^^^^^^^^^^^^^^^^^^^^^^^^
  File "/opt/alt/python312/lib64/python3.12/asyncio/streams.py", line 750, in readexactly
    raise exceptions.IncompleteReadError(incomplete, n)
asyncio.exceptions.IncompleteReadError: 0 bytes read on a total of 4 expected bytes

The above exception was the direct cause of the following exception:

Traceback (most recent call last):
  File "/home/yuksal21/virtualenv/maestro.yuksalishbot.uz/3.12/lib64/python3.12/site-packages/sqlalchemy/engine/base.py", line 1967, in _exec_single_context
    self.dialect.do_execute(
  File "/home/yuksal21/virtualenv/maestro.yuksalishbot.uz/3.12/lib64/python3.12/site-packages/sqlalchemy/engine/default.py", line 952, in do_execute
    cursor.execute(statement, parameters)
  File "/home/yuksal21/virtualenv/maestro.yuksalishbot.uz/3.12/lib64/python3.12/site-packages/sqlalchemy/connectors/asyncio.py", line 230, in execute
    self._adapt_connection._handle_exception(error)
  File "/home/yuksal21/virtualenv/maestro.yuksalishbot.uz/3.12/lib64/python3.12/site-packages/sqlalchemy/connectors/asyncio.py", line 368, in _handle_exception
    raise error.with_traceback(exc_info[2])
  File "/home/yuksal21/virtualenv/maestro.yuksalishbot.uz/3.12/lib64/python3.12/site-packages/sqlalchemy/connectors/asyncio.py", line 228, in execute
    return self.await_(self._execute_async(operation, parameters))
           ^^^^^^^^^^^^^^^^^^^^^^^^^^^^^^^^^^^^^^^^^^^^^^^^^^^^^^^
  File "/home/yuksal21/virtualenv/maestro.yuksalishbot.uz/3.12/lib64/python3.12/site-packages/sqlalchemy/util/_concurrency_py3k.py", line 132, in await_only
    return current.parent.switch(awaitable)  # type: ignore[no-any-return,attr-defined] # noqa: E501
           ^^^^^^^^^^^^^^^^^^^^^^^^^^^^^^^^
  File "/home/yuksal21/virtualenv/maestro.yuksalishbot.uz/3.12/lib64/python3.12/site-packages/sqlalchemy/util/_concurrency_py3k.py", line 196, in greenlet_spawn
    value = await result
            ^^^^^^^^^^^^
  File "/home/yuksal21/virtualenv/maestro.yuksalishbot.uz/3.12/lib64/python3.12/site-packages/sqlalchemy/connectors/asyncio.py", line 251, in _execute_async
    result = await self._cursor.execute(operation, parameters)
             ^^^^^^^^^^^^^^^^^^^^^^^^^^^^^^^^^^^^^^^^^^^^^^^^^
  File "/home/yuksal21/virtualenv/maestro.yuksalishbot.uz/3.12/lib/python3.12/site-packages/aiomysql/cursors.py", line 239, in execute
    await self._query(query)
  File "/home/yuksal21/virtualenv/maestro.yuksalishbot.uz/3.12/lib/python3.12/site-packages/aiomysql/cursors.py", line 457, in _query
    await conn.query(q)
  File "/home/yuksal21/virtualenv/maestro.yuksalishbot.uz/3.12/lib/python3.12/site-packages/aiomysql/connection.py", line 469, in query
    await self._read_query_result(unbuffered=unbuffered)
  File "/home/yuksal21/virtualenv/maestro.yuksalishbot.uz/3.12/lib/python3.12/site-packages/aiomysql/connection.py", line 683, in _read_query_result
    await result.read()
  File "/home/yuksal21/virtualenv/maestro.yuksalishbot.uz/3.12/lib/python3.12/site-packages/aiomysql/connection.py", line 1164, in read
    first_packet = await self.connection._read_packet()
                   ^^^^^^^^^^^^^^^^^^^^^^^^^^^^^^^^^^^^
  File "/home/yuksal21/virtualenv/maestro.yuksalishbot.uz/3.12/lib/python3.12/site-packages/aiomysql/connection.py", line 609, in _read_packet
    packet_header = await self._read_bytes(4)
                    ^^^^^^^^^^^^^^^^^^^^^^^^^
  File "/home/yuksal21/virtualenv/maestro.yuksalishbot.uz/3.12/lib/python3.12/site-packages/aiomysql/connection.py", line 661, in _read_bytes
    raise OperationalError(CR.CR_SERVER_LOST, msg) from e
pymysql.err.OperationalError: (2013, 'Lost connection to MySQL server during query')

The above exception was the direct cause of the following exception:

Traceback (most recent call last):
  File "/home/yuksal21/virtualenv/maestro.yuksalishbot.uz/3.12/lib/python3.12/site-packages/apscheduler/executors/base.py", line 181, in run_coroutine_job
    retval = await job.func(*job.args, **job.kwargs)
             ^^^^^^^^^^^^^^^^^^^^^^^^^^^^^^^^^^^^^^^
  File "/home/yuksal21/maestro.yuksalishbot.uz/scheduler.py", line 25, in check_reminders
    bookings_to_remind = (await session.execute(query)).scalars().all()
                          ^^^^^^^^^^^^^^^^^^^^^^^^^^^^
  File "/home/yuksal21/virtualenv/maestro.yuksalishbot.uz/3.12/lib64/python3.12/site-packages/sqlalchemy/ext/asyncio/session.py", line 449, in execute
    result = await greenlet_spawn(
             ^^^^^^^^^^^^^^^^^^^^^
  File "/home/yuksal21/virtualenv/maestro.yuksalishbot.uz/3.12/lib64/python3.12/site-packages/sqlalchemy/util/_concurrency_py3k.py", line 203, in greenlet_spawn
    result = context.switch(value)
             ^^^^^^^^^^^^^^^^^^^^^
  File "/home/yuksal21/virtualenv/maestro.yuksalishbot.uz/3.12/lib64/python3.12/site-packages/sqlalchemy/orm/session.py", line 2351, in execute
    return self._execute_internal(
           ^^^^^^^^^^^^^^^^^^^^^^^
  File "/home/yuksal21/virtualenv/maestro.yuksalishbot.uz/3.12/lib64/python3.12/site-packages/sqlalchemy/orm/session.py", line 2249, in _execute_internal
    result: Result[Any] = compile_state_cls.orm_execute_statement(
                          ^^^^^^^^^^^^^^^^^^^^^^^^^^^^^^^^^^^^^^^^
  File "/home/yuksal21/virtualenv/maestro.yuksalishbot.uz/3.12/lib64/python3.12/site-packages/sqlalchemy/orm/context.py", line 306, in orm_execute_statement
    result = conn.execute(
             ^^^^^^^^^^^^^
  File "/home/yuksal21/virtualenv/maestro.yuksalishbot.uz/3.12/lib64/python3.12/site-packages/sqlalchemy/engine/base.py", line 1419, in execute
    return meth(
           ^^^^^
  File "/home/yuksal21/virtualenv/maestro.yuksalishbot.uz/3.12/lib64/python3.12/site-packages/sqlalchemy/sql/elements.py", line 527, in _execute_on_connection
    return connection._execute_clauseelement(
           ^^^^^^^^^^^^^^^^^^^^^^^^^^^^^^^^^^
  File "/home/yuksal21/virtualenv/maestro.yuksalishbot.uz/3.12/lib64/python3.12/site-packages/sqlalchemy/engine/base.py", line 1641, in _execute_clauseelement
    ret = self._execute_context(
          ^^^^^^^^^^^^^^^^^^^^^^
  File "/home/yuksal21/virtualenv/maestro.yuksalishbot.uz/3.12/lib64/python3.12/site-packages/sqlalchemy/engine/base.py", line 1846, in _execute_context
    return self._exec_single_context(
           ^^^^^^^^^^^^^^^^^^^^^^^^^^
  File "/home/yuksal21/virtualenv/maestro.yuksalishbot.uz/3.12/lib64/python3.12/site-packages/sqlalchemy/engine/base.py", line 1986, in _exec_single_context
    self._handle_dbapi_exception(
  File "/home/yuksal21/virtualenv/maestro.yuksalishbot.uz/3.12/lib64/python3.12/site-packages/sqlalchemy/engine/base.py", line 2363, in _handle_dbapi_exception
    raise sqlalchemy_exception.with_traceback(exc_info[2]) from e
  File "/home/yuksal21/virtualenv/maestro.yuksalishbot.uz/3.12/lib64/python3.12/site-packages/sqlalchemy/engine/base.py", line 1967, in _exec_single_context
    self.dialect.do_execute(
  File "/home/yuksal21/virtualenv/maestro.yuksalishbot.uz/3.12/lib64/python3.12/site-packages/sqlalchemy/engine/default.py", line 952, in do_execute
    cursor.execute(statement, parameters)
  File "/home/yuksal21/virtualenv/maestro.yuksalishbot.uz/3.12/lib64/python3.12/site-packages/sqlalchemy/connectors/asyncio.py", line 230, in execute
    self._adapt_connection._handle_exception(error)
  File "/home/yuksal21/virtualenv/maestro.yuksalishbot.uz/3.12/lib64/python3.12/site-packages/sqlalchemy/connectors/asyncio.py", line 368, in _handle_exception
    raise error.with_traceback(exc_info[2])
  File "/home/yuksal21/virtualenv/maestro.yuksalishbot.uz/3.12/lib64/python3.12/site-packages/sqlalchemy/connectors/asyncio.py", line 228, in execute
    return self.await_(self._execute_async(operation, parameters))
           ^^^^^^^^^^^^^^^^^^^^^^^^^^^^^^^^^^^^^^^^^^^^^^^^^^^^^^^
  File "/home/yuksal21/virtualenv/maestro.yuksalishbot.uz/3.12/lib64/python3.12/site-packages/sqlalchemy/util/_concurrency_py3k.py", line 132, in await_only
    return current.parent.switch(awaitable)  # type: ignore[no-any-return,attr-defined] # noqa: E501
           ^^^^^^^^^^^^^^^^^^^^^^^^^^^^^^^^
  File "/home/yuksal21/virtualenv/maestro.yuksalishbot.uz/3.12/lib64/python3.12/site-packages/sqlalchemy/util/_concurrency_py3k.py", line 196, in greenlet_spawn
    value = await result
            ^^^^^^^^^^^^
  File "/home/yuksal21/virtualenv/maestro.yuksalishbot.uz/3.12/lib64/python3.12/site-packages/sqlalchemy/connectors/asyncio.py", line 251, in _execute_async
    result = await self._cursor.execute(operation, parameters)
             ^^^^^^^^^^^^^^^^^^^^^^^^^^^^^^^^^^^^^^^^^^^^^^^^^
  File "/home/yuksal21/virtualenv/maestro.yuksalishbot.uz/3.12/lib/python3.12/site-packages/aiomysql/cursors.py", line 239, in execute
    await self._query(query)
  File "/home/yuksal21/virtualenv/maestro.yuksalishbot.uz/3.12/lib/python3.12/site-packages/aiomysql/cursors.py", line 457, in _query
    await conn.query(q)
  File "/home/yuksal21/virtualenv/maestro.yuksalishbot.uz/3.12/lib/python3.12/site-packages/aiomysql/connection.py", line 469, in query
    await self._read_query_result(unbuffered=unbuffered)
  File "/home/yuksal21/virtualenv/maestro.yuksalishbot.uz/3.12/lib/python3.12/site-packages/aiomysql/connection.py", line 683, in _read_query_result
    await result.read()
  File "/home/yuksal21/virtualenv/maestro.yuksalishbot.uz/3.12/lib/python3.12/site-packages/aiomysql/connection.py", line 1164, in read
    first_packet = await self.connection._read_packet()
                   ^^^^^^^^^^^^^^^^^^^^^^^^^^^^^^^^^^^^
  File "/home/yuksal21/virtualenv/maestro.yuksalishbot.uz/3.12/lib/python3.12/site-packages/aiomysql/connection.py", line 609, in _read_packet
    packet_header = await self._read_bytes(4)
                    ^^^^^^^^^^^^^^^^^^^^^^^^^
  File "/home/yuksal21/virtualenv/maestro.yuksalishbot.uz/3.12/lib/python3.12/site-packages/aiomysql/connection.py", line 661, in _read_bytes
    raise OperationalError(CR.CR_SERVER_LOST, msg) from e
sqlalchemy.exc.OperationalError: (pymysql.err.OperationalError) (2013, 'Lost connection to MySQL server during query')
[SQL: SELECT bookings.id, bookings.user_id, bookings.stylist_id, bookings.service_id, bookings.datetime, bookings.status, bookings.rating, bookings.review_text, users_1.id AS id_1, users_1.telegram_id, users_1.first_name, users_1.phone_number, users_1.language_code, users_1.role, users_1.subscription_until, users_1.is_active 
FROM bookings LEFT OUTER JOIN users AS users_1 ON users_1.id = bookings.user_id 
WHERE bookings.status = %s AND bookings.datetime >= %s AND bookings.datetime < %s]
[parameters: ('approved', '2026-03-14 21:00', '2026-03-14 22:00')]
(Background on this error at: https://sqlalche.me/e/20/e3q8)
INFO:aiogram.event:Update id=863691757 is handled. Duration 315 ms by bot id=8403442567
INFO:aiogram.event:Update id=863691758 is not handled. Duration 1 ms by bot id=8403442567
ERROR:aiogram.event:Cause exception while process update id=863691758 by bot id=8403442567
OperationalError: (pymysql.err.OperationalError) (2013, 'Lost connection to MySQL server during query')
[SQL: SELECT users.id, users.telegram_id, users.first_name, users.phone_number, users.language_code, users.role, users.subscription_until, users.is_active 
FROM users 
WHERE users.telegram_id = %s]
[parameters: (1069729475,)]
(Background on this error at: https://sqlalche.me/e/20/e3q8)
Traceback (most recent call last):
  File "/home/yuksal21/virtualenv/maestro.yuksalishbot.uz/3.12/lib/python3.12/site-packages/aiomysql/connection.py", line 657, in _read_bytes
    data = await self._reader.readexactly(num_bytes)
           ^^^^^^^^^^^^^^^^^^^^^^^^^^^^^^^^^^^^^^^^^
  File "/opt/alt/python312/lib64/python3.12/asyncio/streams.py", line 750, in readexactly
    raise exceptions.IncompleteReadError(incomplete, n)
asyncio.exceptions.IncompleteReadError: 0 bytes read on a total of 4 expected bytes

The above exception was the direct cause of the following exception:

Traceback (most recent call last):
  File "/home/yuksal21/virtualenv/maestro.yuksalishbot.uz/3.12/lib64/python3.12/site-packages/sqlalchemy/engine/base.py", line 1967, in _exec_single_context
    self.dialect.do_execute(
  File "/home/yuksal21/virtualenv/maestro.yuksalishbot.uz/3.12/lib64/python3.12/site-packages/sqlalchemy/engine/default.py", line 952, in do_execute
    cursor.execute(statement, parameters)
  File "/home/yuksal21/virtualenv/maestro.yuksalishbot.uz/3.12/lib64/python3.12/site-packages/sqlalchemy/connectors/asyncio.py", line 230, in execute
    self._adapt_connection._handle_exception(error)
  File "/home/yuksal21/virtualenv/maestro.yuksalishbot.uz/3.12/lib64/python3.12/site-packages/sqlalchemy/connectors/asyncio.py", line 368, in _handle_exception
    raise error.with_traceback(exc_info[2])
  File "/home/yuksal21/virtualenv/maestro.yuksalishbot.uz/3.12/lib64/python3.12/site-packages/sqlalchemy/connectors/asyncio.py", line 228, in execute
    return self.await_(self._execute_async(operation, parameters))
           ^^^^^^^^^^^^^^^^^^^^^^^^^^^^^^^^^^^^^^^^^^^^^^^^^^^^^^^
  File "/home/yuksal21/virtualenv/maestro.yuksalishbot.uz/3.12/lib64/python3.12/site-packages/sqlalchemy/util/_concurrency_py3k.py", line 132, in await_only
    return current.parent.switch(awaitable)  # type: ignore[no-any-return,attr-defined] # noqa: E501
           ^^^^^^^^^^^^^^^^^^^^^^^^^^^^^^^^
  File "/home/yuksal21/virtualenv/maestro.yuksalishbot.uz/3.12/lib64/python3.12/site-packages/sqlalchemy/util/_concurrency_py3k.py", line 196, in greenlet_spawn
    value = await result
            ^^^^^^^^^^^^
  File "/home/yuksal21/virtualenv/maestro.yuksalishbot.uz/3.12/lib64/python3.12/site-packages/sqlalchemy/connectors/asyncio.py", line 251, in _execute_async
    result = await self._cursor.execute(operation, parameters)
             ^^^^^^^^^^^^^^^^^^^^^^^^^^^^^^^^^^^^^^^^^^^^^^^^^
  File "/home/yuksal21/virtualenv/maestro.yuksalishbot.uz/3.12/lib/python3.12/site-packages/aiomysql/cursors.py", line 239, in execute
    await self._query(query)
  File "/home/yuksal21/virtualenv/maestro.yuksalishbot.uz/3.12/lib/python3.12/site-packages/aiomysql/cursors.py", line 457, in _query
    await conn.query(q)
  File "/home/yuksal21/virtualenv/maestro.yuksalishbot.uz/3.12/lib/python3.12/site-packages/aiomysql/connection.py", line 469, in query
    await self._read_query_result(unbuffered=unbuffered)
  File "/home/yuksal21/virtualenv/maestro.yuksalishbot.uz/3.12/lib/python3.12/site-packages/aiomysql/connection.py", line 683, in _read_query_result
    await result.read()
  File "/home/yuksal21/virtualenv/maestro.yuksalishbot.uz/3.12/lib/python3.12/site-packages/aiomysql/connection.py", line 1164, in read
    first_packet = await self.connection._read_packet()
                   ^^^^^^^^^^^^^^^^^^^^^^^^^^^^^^^^^^^^
  File "/home/yuksal21/virtualenv/maestro.yuksalishbot.uz/3.12/lib/python3.12/site-packages/aiomysql/connection.py", line 609, in _read_packet
    packet_header = await self._read_bytes(4)
                    ^^^^^^^^^^^^^^^^^^^^^^^^^
  File "/home/yuksal21/virtualenv/maestro.yuksalishbot.uz/3.12/lib/python3.12/site-packages/aiomysql/connection.py", line 661, in _read_bytes
    raise OperationalError(CR.CR_SERVER_LOST, msg) from e
pymysql.err.OperationalError: (2013, 'Lost connection to MySQL server during query')

The above exception was the direct cause of the following exception:

Traceback (most recent call last):
  File "/home/yuksal21/virtualenv/maestro.yuksalishbot.uz/3.12/lib/python3.12/site-packages/aiogram/dispatcher/dispatcher.py", line 320, in _process_update
    response = await self.feed_update(bot, update, **kwargs)
               ^^^^^^^^^^^^^^^^^^^^^^^^^^^^^^^^^^^^^^^^^^^^^
  File "/home/yuksal21/virtualenv/maestro.yuksalishbot.uz/3.12/lib/python3.12/site-packages/aiogram/dispatcher/dispatcher.py", line 164, in feed_update
    response = await self.update.wrap_outer_middleware(
               ^^^^^^^^^^^^^^^^^^^^^^^^^^^^^^^^^^^^^^^^
  File "/home/yuksal21/virtualenv/maestro.yuksalishbot.uz/3.12/lib/python3.12/site-packages/aiogram/dispatcher/middlewares/error.py", line 27, in __call__
    return await handler(event, data)
           ^^^^^^^^^^^^^^^^^^^^^^^^^^
  File "/home/yuksal21/virtualenv/maestro.yuksalishbot.uz/3.12/lib/python3.12/site-packages/aiogram/dispatcher/middlewares/user_context.py", line 58, in __call__
    return await handler(event, data)
           ^^^^^^^^^^^^^^^^^^^^^^^^^^
  File "/home/yuksal21/virtualenv/maestro.yuksalishbot.uz/3.12/lib/python3.12/site-packages/aiogram/fsm/middleware.py", line 43, in __call__
    return await handler(event, data)
           ^^^^^^^^^^^^^^^^^^^^^^^^^^
  File "/home/yuksal21/virtualenv/maestro.yuksalishbot.uz/3.12/lib/python3.12/site-packages/aiogram/dispatcher/event/telegram.py", line 126, in trigger
    return await wrapped_inner(event, kwargs)
           ^^^^^^^^^^^^^^^^^^^^^^^^^^^^^^^^^^
  File "/home/yuksal21/virtualenv/maestro.yuksalishbot.uz/3.12/lib/python3.12/site-packages/aiogram/dispatcher/event/handler.py", line 71, in call
    return await wrapped()
           ^^^^^^^^^^^^^^^
  File "/home/yuksal21/virtualenv/maestro.yuksalishbot.uz/3.12/lib/python3.12/site-packages/aiogram/dispatcher/dispatcher.py", line 283, in _listen_update
    return await self.propagate_event(update_type=update_type, event=event, **kwargs)
           ^^^^^^^^^^^^^^^^^^^^^^^^^^^^^^^^^^^^^^^^^^^^^^^^^^^^^^^^^^^^^^^^^^^^^^^^^^
  File "/home/yuksal21/virtualenv/maestro.yuksalishbot.uz/3.12/lib/python3.12/site-packages/aiogram/dispatcher/router.py", line 161, in propagate_event
    return await observer.wrap_outer_middleware(_wrapped, event=event, data=kwargs)
           ^^^^^^^^^^^^^^^^^^^^^^^^^^^^^^^^^^^^^^^^^^^^^^^^^^^^^^^^^^^^^^^^^^^^^^^^
  File "/home/yuksal21/virtualenv/maestro.yuksalishbot.uz/3.12/lib/python3.12/site-packages/aiogram/dispatcher/router.py", line 153, in _wrapped
    return await self._propagate_event(
           ^^^^^^^^^^^^^^^^^^^^^^^^^^^^
  File "/home/yuksal21/virtualenv/maestro.yuksalishbot.uz/3.12/lib/python3.12/site-packages/aiogram/dispatcher/router.py", line 181, in _propagate_event
    response = await observer.trigger(event, **kwargs)
               ^^^^^^^^^^^^^^^^^^^^^^^^^^^^^^^^^^^^^^^
  File "/home/yuksal21/virtualenv/maestro.yuksalishbot.uz/3.12/lib/python3.12/site-packages/aiogram/dispatcher/event/telegram.py", line 126, in trigger
    return await wrapped_inner(event, kwargs)
           ^^^^^^^^^^^^^^^^^^^^^^^^^^^^^^^^^^
  File "/home/yuksal21/virtualenv/maestro.yuksalishbot.uz/3.12/lib/python3.12/site-packages/aiogram/dispatcher/event/handler.py", line 71, in call
    return await wrapped()
           ^^^^^^^^^^^^^^^
  File "/home/yuksal21/maestro.yuksalishbot.uz/bot.py", line 672, in start
    user = await session.scalar(select(db.User).where(db.User.telegram_id == message.from_user.id))
           ^^^^^^^^^^^^^^^^^^^^^^^^^^^^^^^^^^^^^^^^^^^^^^^^^^^^^^^^^^^^^^^^^^^^^^^^^^^^^^^^^^^^^^^^
  File "/home/yuksal21/virtualenv/maestro.yuksalishbot.uz/3.12/lib64/python3.12/site-packages/sqlalchemy/ext/asyncio/session.py", line 505, in scalar
    return await greenlet_spawn(
           ^^^^^^^^^^^^^^^^^^^^^
  File "/home/yuksal21/virtualenv/maestro.yuksalishbot.uz/3.12/lib64/python3.12/site-packages/sqlalchemy/util/_concurrency_py3k.py", line 203, in greenlet_spawn
    result = context.switch(value)
             ^^^^^^^^^^^^^^^^^^^^^
  File "/home/yuksal21/virtualenv/maestro.yuksalishbot.uz/3.12/lib64/python3.12/site-packages/sqlalchemy/orm/session.py", line 2399, in scalar
    return self._execute_internal(
           ^^^^^^^^^^^^^^^^^^^^^^^
  File "/home/yuksal21/virtualenv/maestro.yuksalishbot.uz/3.12/lib64/python3.12/site-packages/sqlalchemy/orm/session.py", line 2249, in _execute_internal
    result: Result[Any] = compile_state_cls.orm_execute_statement(
                          ^^^^^^^^^^^^^^^^^^^^^^^^^^^^^^^^^^^^^^^^
  File "/home/yuksal21/virtualenv/maestro.yuksalishbot.uz/3.12/lib64/python3.12/site-packages/sqlalchemy/orm/context.py", line 306, in orm_execute_statement
    result = conn.execute(
             ^^^^^^^^^^^^^
  File "/home/yuksal21/virtualenv/maestro.yuksalishbot.uz/3.12/lib64/python3.12/site-packages/sqlalchemy/engine/base.py", line 1419, in execute
    return meth(
           ^^^^^
  File "/home/yuksal21/virtualenv/maestro.yuksalishbot.uz/3.12/lib64/python3.12/site-packages/sqlalchemy/sql/elements.py", line 527, in _execute_on_connection
    return connection._execute_clauseelement(
           ^^^^^^^^^^^^^^^^^^^^^^^^^^^^^^^^^^
  File "/home/yuksal21/virtualenv/maestro.yuksalishbot.uz/3.12/lib64/python3.12/site-packages/sqlalchemy/engine/base.py", line 1641, in _execute_clauseelement
    ret = self._execute_context(
          ^^^^^^^^^^^^^^^^^^^^^^
  File "/home/yuksal21/virtualenv/maestro.yuksalishbot.uz/3.12/lib64/python3.12/site-packages/sqlalchemy/engine/base.py", line 1846, in _execute_context
    return self._exec_single_context(
           ^^^^^^^^^^^^^^^^^^^^^^^^^^
  File "/home/yuksal21/virtualenv/maestro.yuksalishbot.uz/3.12/lib64/python3.12/site-packages/sqlalchemy/engine/base.py", line 1986, in _exec_single_context
    self._handle_dbapi_exception(
  File "/home/yuksal21/virtualenv/maestro.yuksalishbot.uz/3.12/lib64/python3.12/site-packages/sqlalchemy/engine/base.py", line 2363, in _handle_dbapi_exception
    raise sqlalchemy_exception.with_traceback(exc_info[2]) from e
  File "/home/yuksal21/virtualenv/maestro.yuksalishbot.uz/3.12/lib64/python3.12/site-packages/sqlalchemy/engine/base.py", line 1967, in _exec_single_context
    self.dialect.do_execute(
  File "/home/yuksal21/virtualenv/maestro.yuksalishbot.uz/3.12/lib64/python3.12/site-packages/sqlalchemy/engine/default.py", line 952, in do_execute
    cursor.execute(statement, parameters)
  File "/home/yuksal21/virtualenv/maestro.yuksalishbot.uz/3.12/lib64/python3.12/site-packages/sqlalchemy/connectors/asyncio.py", line 230, in execute
    self._adapt_connection._handle_exception(error)
  File "/home/yuksal21/virtualenv/maestro.yuksalishbot.uz/3.12/lib64/python3.12/site-packages/sqlalchemy/connectors/asyncio.py", line 368, in _handle_exception
    raise error.with_traceback(exc_info[2])
  File "/home/yuksal21/virtualenv/maestro.yuksalishbot.uz/3.12/lib64/python3.12/site-packages/sqlalchemy/connectors/asyncio.py", line 228, in execute
    return self.await_(self._execute_async(operation, parameters))
           ^^^^^^^^^^^^^^^^^^^^^^^^^^^^^^^^^^^^^^^^^^^^^^^^^^^^^^^
  File "/home/yuksal21/virtualenv/maestro.yuksalishbot.uz/3.12/lib64/python3.12/site-packages/sqlalchemy/util/_concurrency_py3k.py", line 132, in await_only
    return current.parent.switch(awaitable)  # type: ignore[no-any-return,attr-defined] # noqa: E501
           ^^^^^^^^^^^^^^^^^^^^^^^^^^^^^^^^
  File "/home/yuksal21/virtualenv/maestro.yuksalishbot.uz/3.12/lib64/python3.12/site-packages/sqlalchemy/util/_concurrency_py3k.py", line 196, in greenlet_spawn
    value = await result
            ^^^^^^^^^^^^
  File "/home/yuksal21/virtualenv/maestro.yuksalishbot.uz/3.12/lib64/python3.12/site-packages/sqlalchemy/connectors/asyncio.py", line 251, in _execute_async
    result = await self._cursor.execute(operation, parameters)
             ^^^^^^^^^^^^^^^^^^^^^^^^^^^^^^^^^^^^^^^^^^^^^^^^^
  File "/home/yuksal21/virtualenv/maestro.yuksalishbot.uz/3.12/lib/python3.12/site-packages/aiomysql/cursors.py", line 239, in execute
    await self._query(query)
  File "/home/yuksal21/virtualenv/maestro.yuksalishbot.uz/3.12/lib/python3.12/site-packages/aiomysql/cursors.py", line 457, in _query
    await conn.query(q)
  File "/home/yuksal21/virtualenv/maestro.yuksalishbot.uz/3.12/lib/python3.12/site-packages/aiomysql/connection.py", line 469, in query
    await self._read_query_result(unbuffered=unbuffered)
  File "/home/yuksal21/virtualenv/maestro.yuksalishbot.uz/3.12/lib/python3.12/site-packages/aiomysql/connection.py", line 683, in _read_query_result
    await result.read()
  File "/home/yuksal21/virtualenv/maestro.yuksalishbot.uz/3.12/lib/python3.12/site-packages/aiomysql/connection.py", line 1164, in read
    first_packet = await self.connection._read_packet()
                   ^^^^^^^^^^^^^^^^^^^^^^^^^^^^^^^^^^^^
  File "/home/yuksal21/virtualenv/maestro.yuksalishbot.uz/3.12/lib/python3.12/site-packages/aiomysql/connection.py", line 609, in _read_packet
    packet_header = await self._read_bytes(4)
                    ^^^^^^^^^^^^^^^^^^^^^^^^^
  File "/home/yuksal21/virtualenv/maestro.yuksalishbot.uz/3.12/lib/python3.12/site-packages/aiomysql/connection.py", line 661, in _read_bytes
    raise OperationalError(CR.CR_SERVER_LOST, msg) from e
sqlalchemy.exc.OperationalError: (pymysql.err.OperationalError) (2013, 'Lost connection to MySQL server during query')
[SQL: SELECT users.id, users.telegram_id, users.first_name, users.phone_number, users.language_code, users.role, users.subscription_until, users.is_active 
FROM users 
WHERE users.telegram_id = %s]
[parameters: (1069729475,)]
(Background on this error at: https://sqlalche.me/e/20/e3q8)
INFO:aiogram.event:Update id=863691759 is handled. Duration 132 ms by bot id=8403442567
INFO:aiogram.event:Update id=863691760 is handled. Duration 214 ms by bot id=8403442567
INFO:aiogram.event:Update id=863691761 is handled. Duration 139 ms by bot id=8403442567
INFO:aiogram.event:Update id=863691762 is handled. Duration 125 ms by bot id=8403442567
INFO:aiogram.event:Update id=863691763 is handled. Duration 118 ms by bot id=8403442567
INFO:aiogram.event:Update id=863691764 is handled. Duration 218 ms by bot id=8403442567
INFO:aiogram.event:Update id=863691765 is handled. Duration 130 ms by bot id=8403442567
INFO:aiogram.event:Update id=863691766 is handled. Duration 233 ms by bot id=8403442567
INFO:aiogram.event:Update id=863691767 is handled. Duration 383 ms by bot id=8403442567
INFO:aiogram.event:Update id=863691768 is handled. Duration 104 ms by bot id=8403442567
INFO:aiogram.event:Update id=863691769 is handled. Duration 102 ms by bot id=8403442567
INFO:aiogram.event:Update id=863691770 is handled. Duration 267 ms by bot id=8403442567
INFO:aiogram.event:Update id=863691771 is handled. Duration 718 ms by bot id=8403442567
INFO:aiogram.event:Update id=863691772 is handled. Duration 355 ms by bot id=8403442567
INFO:aiogram.event:Update id=863691773 is handled. Duration 262 ms by bot id=8403442567
INFO:aiogram.event:Update id=863691774 is handled. Duration 137 ms by bot id=8403442567
INFO:aiogram.event:Update id=863691775 is handled. Duration 220 ms by bot id=8403442567
INFO:aiogram.event:Update id=863691776 is handled. Duration 128 ms by bot id=8403442567
INFO:aiogram.event:Update id=863691777 is handled. Duration 239 ms by bot id=8403442567
INFO:aiogram.event:Update id=863691778 is handled. Duration 108 ms by bot id=8403442567
INFO:aiogram.event:Update id=863691779 is handled. Duration 160 ms by bot id=8403442567
INFO:aiogram.event:Update id=863691780 is handled. Duration 365 ms by bot id=8403442567
INFO:aiogram.event:Update id=863691781 is handled. Duration 151 ms by bot id=8403442567
INFO:aiogram.event:Update id=863691782 is handled. Duration 136 ms by bot id=8403442567
INFO:aiogram.event:Update id=863691783 is handled. Duration 235 ms by bot id=8403442567
INFO:aiogram.event:Update id=863691784 is not handled. Duration 3 ms by bot id=8403442567
ERROR:aiogram.event:Cause exception while process update id=863691784 by bot id=8403442567
OperationalError: (pymysql.err.OperationalError) (2013, 'Lost connection to MySQL server during query')
[SQL: SELECT users.id, users.telegram_id, users.first_name, users.phone_number, users.language_code, users.role, users.subscription_until, users.is_active 
FROM users 
WHERE users.telegram_id = %s]
[parameters: (6633981653,)]
(Background on this error at: https://sqlalche.me/e/20/e3q8)
Traceback (most recent call last):
  File "/home/yuksal21/virtualenv/maestro.yuksalishbot.uz/3.12/lib/python3.12/site-packages/aiomysql/connection.py", line 657, in _read_bytes
    data = await self._reader.readexactly(num_bytes)
           ^^^^^^^^^^^^^^^^^^^^^^^^^^^^^^^^^^^^^^^^^
  File "/opt/alt/python312/lib64/python3.12/asyncio/streams.py", line 750, in readexactly
    raise exceptions.IncompleteReadError(incomplete, n)
asyncio.exceptions.IncompleteReadError: 0 bytes read on a total of 4 expected bytes

The above exception was the direct cause of the following exception:

Traceback (most recent call last):
  File "/home/yuksal21/virtualenv/maestro.yuksalishbot.uz/3.12/lib64/python3.12/site-packages/sqlalchemy/engine/base.py", line 1967, in _exec_single_context
    self.dialect.do_execute(
  File "/home/yuksal21/virtualenv/maestro.yuksalishbot.uz/3.12/lib64/python3.12/site-packages/sqlalchemy/engine/default.py", line 952, in do_execute
    cursor.execute(statement, parameters)
  File "/home/yuksal21/virtualenv/maestro.yuksalishbot.uz/3.12/lib64/python3.12/site-packages/sqlalchemy/connectors/asyncio.py", line 230, in execute
    self._adapt_connection._handle_exception(error)
  File "/home/yuksal21/virtualenv/maestro.yuksalishbot.uz/3.12/lib64/python3.12/site-packages/sqlalchemy/connectors/asyncio.py", line 368, in _handle_exception
    raise error.with_traceback(exc_info[2])
  File "/home/yuksal21/virtualenv/maestro.yuksalishbot.uz/3.12/lib64/python3.12/site-packages/sqlalchemy/connectors/asyncio.py", line 228, in execute
    return self.await_(self._execute_async(operation, parameters))
           ^^^^^^^^^^^^^^^^^^^^^^^^^^^^^^^^^^^^^^^^^^^^^^^^^^^^^^^
  File "/home/yuksal21/virtualenv/maestro.yuksalishbot.uz/3.12/lib64/python3.12/site-packages/sqlalchemy/util/_concurrency_py3k.py", line 132, in await_only
    return current.parent.switch(awaitable)  # type: ignore[no-any-return,attr-defined] # noqa: E501
           ^^^^^^^^^^^^^^^^^^^^^^^^^^^^^^^^
  File "/home/yuksal21/virtualenv/maestro.yuksalishbot.uz/3.12/lib64/python3.12/site-packages/sqlalchemy/util/_concurrency_py3k.py", line 196, in greenlet_spawn
    value = await result
            ^^^^^^^^^^^^
  File "/home/yuksal21/virtualenv/maestro.yuksalishbot.uz/3.12/lib64/python3.12/site-packages/sqlalchemy/connectors/asyncio.py", line 251, in _execute_async
    result = await self._cursor.execute(operation, parameters)
             ^^^^^^^^^^^^^^^^^^^^^^^^^^^^^^^^^^^^^^^^^^^^^^^^^
  File "/home/yuksal21/virtualenv/maestro.yuksalishbot.uz/3.12/lib/python3.12/site-packages/aiomysql/cursors.py", line 239, in execute
    await self._query(query)
  File "/home/yuksal21/virtualenv/maestro.yuksalishbot.uz/3.12/lib/python3.12/site-packages/aiomysql/cursors.py", line 457, in _query
    await conn.query(q)
  File "/home/yuksal21/virtualenv/maestro.yuksalishbot.uz/3.12/lib/python3.12/site-packages/aiomysql/connection.py", line 469, in query
    await self._read_query_result(unbuffered=unbuffered)
  File "/home/yuksal21/virtualenv/maestro.yuksalishbot.uz/3.12/lib/python3.12/site-packages/aiomysql/connection.py", line 683, in _read_query_result
    await result.read()
  File "/home/yuksal21/virtualenv/maestro.yuksalishbot.uz/3.12/lib/python3.12/site-packages/aiomysql/connection.py", line 1164, in read
    first_packet = await self.connection._read_packet()
                   ^^^^^^^^^^^^^^^^^^^^^^^^^^^^^^^^^^^^
  File "/home/yuksal21/virtualenv/maestro.yuksalishbot.uz/3.12/lib/python3.12/site-packages/aiomysql/connection.py", line 609, in _read_packet
    packet_header = await self._read_bytes(4)
                    ^^^^^^^^^^^^^^^^^^^^^^^^^
  File "/home/yuksal21/virtualenv/maestro.yuksalishbot.uz/3.12/lib/python3.12/site-packages/aiomysql/connection.py", line 661, in _read_bytes
    raise OperationalError(CR.CR_SERVER_LOST, msg) from e
pymysql.err.OperationalError: (2013, 'Lost connection to MySQL server during query')

The above exception was the direct cause of the following exception:

Traceback (most recent call last):
  File "/home/yuksal21/virtualenv/maestro.yuksalishbot.uz/3.12/lib/python3.12/site-packages/aiogram/dispatcher/dispatcher.py", line 320, in _process_update
    response = await self.feed_update(bot, update, **kwargs)
               ^^^^^^^^^^^^^^^^^^^^^^^^^^^^^^^^^^^^^^^^^^^^^
  File "/home/yuksal21/virtualenv/maestro.yuksalishbot.uz/3.12/lib/python3.12/site-packages/aiogram/dispatcher/dispatcher.py", line 164, in feed_update
    response = await self.update.wrap_outer_middleware(
               ^^^^^^^^^^^^^^^^^^^^^^^^^^^^^^^^^^^^^^^^
  File "/home/yuksal21/virtualenv/maestro.yuksalishbot.uz/3.12/lib/python3.12/site-packages/aiogram/dispatcher/middlewares/error.py", line 27, in __call__
    return await handler(event, data)
           ^^^^^^^^^^^^^^^^^^^^^^^^^^
  File "/home/yuksal21/virtualenv/maestro.yuksalishbot.uz/3.12/lib/python3.12/site-packages/aiogram/dispatcher/middlewares/user_context.py", line 58, in __call__
    return await handler(event, data)
           ^^^^^^^^^^^^^^^^^^^^^^^^^^
  File "/home/yuksal21/virtualenv/maestro.yuksalishbot.uz/3.12/lib/python3.12/site-packages/aiogram/fsm/middleware.py", line 43, in __call__
    return await handler(event, data)
           ^^^^^^^^^^^^^^^^^^^^^^^^^^
  File "/home/yuksal21/virtualenv/maestro.yuksalishbot.uz/3.12/lib/python3.12/site-packages/aiogram/dispatcher/event/telegram.py", line 126, in trigger
    return await wrapped_inner(event, kwargs)
           ^^^^^^^^^^^^^^^^^^^^^^^^^^^^^^^^^^
  File "/home/yuksal21/virtualenv/maestro.yuksalishbot.uz/3.12/lib/python3.12/site-packages/aiogram/dispatcher/event/handler.py", line 71, in call
    return await wrapped()
           ^^^^^^^^^^^^^^^
  File "/home/yuksal21/virtualenv/maestro.yuksalishbot.uz/3.12/lib/python3.12/site-packages/aiogram/dispatcher/dispatcher.py", line 283, in _listen_update
    return await self.propagate_event(update_type=update_type, event=event, **kwargs)
           ^^^^^^^^^^^^^^^^^^^^^^^^^^^^^^^^^^^^^^^^^^^^^^^^^^^^^^^^^^^^^^^^^^^^^^^^^^
  File "/home/yuksal21/virtualenv/maestro.yuksalishbot.uz/3.12/lib/python3.12/site-packages/aiogram/dispatcher/router.py", line 161, in propagate_event
    return await observer.wrap_outer_middleware(_wrapped, event=event, data=kwargs)
           ^^^^^^^^^^^^^^^^^^^^^^^^^^^^^^^^^^^^^^^^^^^^^^^^^^^^^^^^^^^^^^^^^^^^^^^^
  File "/home/yuksal21/virtualenv/maestro.yuksalishbot.uz/3.12/lib/python3.12/site-packages/aiogram/dispatcher/router.py", line 153, in _wrapped
    return await self._propagate_event(
           ^^^^^^^^^^^^^^^^^^^^^^^^^^^^
  File "/home/yuksal21/virtualenv/maestro.yuksalishbot.uz/3.12/lib/python3.12/site-packages/aiogram/dispatcher/router.py", line 181, in _propagate_event
    response = await observer.trigger(event, **kwargs)
               ^^^^^^^^^^^^^^^^^^^^^^^^^^^^^^^^^^^^^^^
  File "/home/yuksal21/virtualenv/maestro.yuksalishbot.uz/3.12/lib/python3.12/site-packages/aiogram/dispatcher/event/telegram.py", line 126, in trigger
    return await wrapped_inner(event, kwargs)
           ^^^^^^^^^^^^^^^^^^^^^^^^^^^^^^^^^^
  File "/home/yuksal21/virtualenv/maestro.yuksalishbot.uz/3.12/lib/python3.12/site-packages/aiogram/dispatcher/event/handler.py", line 71, in call
    return await wrapped()
           ^^^^^^^^^^^^^^^
  File "/home/yuksal21/maestro.yuksalishbot.uz/bot.py", line 2352, in manage_services
    user, stylist = await ensure_active_stylist_message(message)
                    ^^^^^^^^^^^^^^^^^^^^^^^^^^^^^^^^^^^^^^^^^^^^
  File "/home/yuksal21/maestro.yuksalishbot.uz/bot.py", line 357, in ensure_active_stylist_message
    user, stylist = await get_stylist_profile_by_telegram(session, message.from_user.id)
                    ^^^^^^^^^^^^^^^^^^^^^^^^^^^^^^^^^^^^^^^^^^^^^^^^^^^^^^^^^^^^^^^^^^^^
  File "/home/yuksal21/maestro.yuksalishbot.uz/bot.py", line 298, in get_stylist_profile_by_telegram
    user = await session.scalar(select(db.User).where(db.User.telegram_id == telegram_id))
           ^^^^^^^^^^^^^^^^^^^^^^^^^^^^^^^^^^^^^^^^^^^^^^^^^^^^^^^^^^^^^^^^^^^^^^^^^^^^^^^
  File "/home/yuksal21/virtualenv/maestro.yuksalishbot.uz/3.12/lib64/python3.12/site-packages/sqlalchemy/ext/asyncio/session.py", line 505, in scalar
    return await greenlet_spawn(
           ^^^^^^^^^^^^^^^^^^^^^
  File "/home/yuksal21/virtualenv/maestro.yuksalishbot.uz/3.12/lib64/python3.12/site-packages/sqlalchemy/util/_concurrency_py3k.py", line 203, in greenlet_spawn
    result = context.switch(value)
             ^^^^^^^^^^^^^^^^^^^^^
  File "/home/yuksal21/virtualenv/maestro.yuksalishbot.uz/3.12/lib64/python3.12/site-packages/sqlalchemy/orm/session.py", line 2399, in scalar
    return self._execute_internal(
           ^^^^^^^^^^^^^^^^^^^^^^^
  File "/home/yuksal21/virtualenv/maestro.yuksalishbot.uz/3.12/lib64/python3.12/site-packages/sqlalchemy/orm/session.py", line 2249, in _execute_internal
    result: Result[Any] = compile_state_cls.orm_execute_statement(
                          ^^^^^^^^^^^^^^^^^^^^^^^^^^^^^^^^^^^^^^^^
  File "/home/yuksal21/virtualenv/maestro.yuksalishbot.uz/3.12/lib64/python3.12/site-packages/sqlalchemy/orm/context.py", line 306, in orm_execute_statement
    result = conn.execute(
             ^^^^^^^^^^^^^
  File "/home/yuksal21/virtualenv/maestro.yuksalishbot.uz/3.12/lib64/python3.12/site-packages/sqlalchemy/engine/base.py", line 1419, in execute
    return meth(
           ^^^^^
  File "/home/yuksal21/virtualenv/maestro.yuksalishbot.uz/3.12/lib64/python3.12/site-packages/sqlalchemy/sql/elements.py", line 527, in _execute_on_connection
    return connection._execute_clauseelement(
           ^^^^^^^^^^^^^^^^^^^^^^^^^^^^^^^^^^
  File "/home/yuksal21/virtualenv/maestro.yuksalishbot.uz/3.12/lib64/python3.12/site-packages/sqlalchemy/engine/base.py", line 1641, in _execute_clauseelement
    ret = self._execute_context(
          ^^^^^^^^^^^^^^^^^^^^^^
  File "/home/yuksal21/virtualenv/maestro.yuksalishbot.uz/3.12/lib64/python3.12/site-packages/sqlalchemy/engine/base.py", line 1846, in _execute_context
    return self._exec_single_context(
           ^^^^^^^^^^^^^^^^^^^^^^^^^^
  File "/home/yuksal21/virtualenv/maestro.yuksalishbot.uz/3.12/lib64/python3.12/site-packages/sqlalchemy/engine/base.py", line 1986, in _exec_single_context
    self._handle_dbapi_exception(
  File "/home/yuksal21/virtualenv/maestro.yuksalishbot.uz/3.12/lib64/python3.12/site-packages/sqlalchemy/engine/base.py", line 2363, in _handle_dbapi_exception
    raise sqlalchemy_exception.with_traceback(exc_info[2]) from e
  File "/home/yuksal21/virtualenv/maestro.yuksalishbot.uz/3.12/lib64/python3.12/site-packages/sqlalchemy/engine/base.py", line 1967, in _exec_single_context
    self.dialect.do_execute(
  File "/home/yuksal21/virtualenv/maestro.yuksalishbot.uz/3.12/lib64/python3.12/site-packages/sqlalchemy/engine/default.py", line 952, in do_execute
    cursor.execute(statement, parameters)
  File "/home/yuksal21/virtualenv/maestro.yuksalishbot.uz/3.12/lib64/python3.12/site-packages/sqlalchemy/connectors/asyncio.py", line 230, in execute
    self._adapt_connection._handle_exception(error)
  File "/home/yuksal21/virtualenv/maestro.yuksalishbot.uz/3.12/lib64/python3.12/site-packages/sqlalchemy/connectors/asyncio.py", line 368, in _handle_exception
    raise error.with_traceback(exc_info[2])
  File "/home/yuksal21/virtualenv/maestro.yuksalishbot.uz/3.12/lib64/python3.12/site-packages/sqlalchemy/connectors/asyncio.py", line 228, in execute
    return self.await_(self._execute_async(operation, parameters))
           ^^^^^^^^^^^^^^^^^^^^^^^^^^^^^^^^^^^^^^^^^^^^^^^^^^^^^^^
  File "/home/yuksal21/virtualenv/maestro.yuksalishbot.uz/3.12/lib64/python3.12/site-packages/sqlalchemy/util/_concurrency_py3k.py", line 132, in await_only
    return current.parent.switch(awaitable)  # type: ignore[no-any-return,attr-defined] # noqa: E501
           ^^^^^^^^^^^^^^^^^^^^^^^^^^^^^^^^
  File "/home/yuksal21/virtualenv/maestro.yuksalishbot.uz/3.12/lib64/python3.12/site-packages/sqlalchemy/util/_concurrency_py3k.py", line 196, in greenlet_spawn
    value = await result
            ^^^^^^^^^^^^
  File "/home/yuksal21/virtualenv/maestro.yuksalishbot.uz/3.12/lib64/python3.12/site-packages/sqlalchemy/connectors/asyncio.py", line 251, in _execute_async
    result = await self._cursor.execute(operation, parameters)
             ^^^^^^^^^^^^^^^^^^^^^^^^^^^^^^^^^^^^^^^^^^^^^^^^^
  File "/home/yuksal21/virtualenv/maestro.yuksalishbot.uz/3.12/lib/python3.12/site-packages/aiomysql/cursors.py", line 239, in execute
    await self._query(query)
  File "/home/yuksal21/virtualenv/maestro.yuksalishbot.uz/3.12/lib/python3.12/site-packages/aiomysql/cursors.py", line 457, in _query
    await conn.query(q)
  File "/home/yuksal21/virtualenv/maestro.yuksalishbot.uz/3.12/lib/python3.12/site-packages/aiomysql/connection.py", line 469, in query
    await self._read_query_result(unbuffered=unbuffered)
  File "/home/yuksal21/virtualenv/maestro.yuksalishbot.uz/3.12/lib/python3.12/site-packages/aiomysql/connection.py", line 683, in _read_query_result
    await result.read()
  File "/home/yuksal21/virtualenv/maestro.yuksalishbot.uz/3.12/lib/python3.12/site-packages/aiomysql/connection.py", line 1164, in read
    first_packet = await self.connection._read_packet()
                   ^^^^^^^^^^^^^^^^^^^^^^^^^^^^^^^^^^^^
  File "/home/yuksal21/virtualenv/maestro.yuksalishbot.uz/3.12/lib/python3.12/site-packages/aiomysql/connection.py", line 609, in _read_packet
    packet_header = await self._read_bytes(4)
                    ^^^^^^^^^^^^^^^^^^^^^^^^^
  File "/home/yuksal21/virtualenv/maestro.yuksalishbot.uz/3.12/lib/python3.12/site-packages/aiomysql/connection.py", line 661, in _read_bytes
    raise OperationalError(CR.CR_SERVER_LOST, msg) from e
sqlalchemy.exc.OperationalError: (pymysql.err.OperationalError) (2013, 'Lost connection to MySQL server during query')
[SQL: SELECT users.id, users.telegram_id, users.first_name, users.phone_number, users.language_code, users.role, users.subscription_until, users.is_active 
FROM users 
WHERE users.telegram_id = %s]
[parameters: (6633981653,)]
(Background on this error at: https://sqlalche.me/e/20/e3q8)
INFO:aiogram.event:Update id=863691785 is handled. Duration 136 ms by bot id=8403442567
INFO:aiogram.event:Update id=863691786 is handled. Duration 123 ms by bot id=8403442567
INFO:aiogram.event:Update id=863691787 is handled. Duration 167 ms by bot id=8403442567
INFO:apscheduler.executors.default:Running job "check_reminders (trigger: cron[hour='*', minute='0'], next run at: 2026-03-13 23:00:00 +05)" (scheduled at 2026-03-13 22:00:00+05:00)
ERROR:apscheduler.executors.default:Job "check_reminders (trigger: cron[hour='*', minute='0'], next run at: 2026-03-13 23:00:00 +05)" raised an exception
Traceback (most recent call last):
  File "/home/yuksal21/virtualenv/maestro.yuksalishbot.uz/3.12/lib/python3.12/site-packages/aiomysql/connection.py", line 657, in _read_bytes
    data = await self._reader.readexactly(num_bytes)
           ^^^^^^^^^^^^^^^^^^^^^^^^^^^^^^^^^^^^^^^^^
  File "/opt/alt/python312/lib64/python3.12/asyncio/streams.py", line 750, in readexactly
    raise exceptions.IncompleteReadError(incomplete, n)
asyncio.exceptions.IncompleteReadError: 0 bytes read on a total of 4 expected bytes

The above exception was the direct cause of the following exception:

Traceback (most recent call last):
  File "/home/yuksal21/virtualenv/maestro.yuksalishbot.uz/3.12/lib64/python3.12/site-packages/sqlalchemy/engine/base.py", line 1967, in _exec_single_context
    self.dialect.do_execute(
  File "/home/yuksal21/virtualenv/maestro.yuksalishbot.uz/3.12/lib64/python3.12/site-packages/sqlalchemy/engine/default.py", line 952, in do_execute
    cursor.execute(statement, parameters)
  File "/home/yuksal21/virtualenv/maestro.yuksalishbot.uz/3.12/lib64/python3.12/site-packages/sqlalchemy/connectors/asyncio.py", line 230, in execute
    self._adapt_connection._handle_exception(error)
  File "/home/yuksal21/virtualenv/maestro.yuksalishbot.uz/3.12/lib64/python3.12/site-packages/sqlalchemy/connectors/asyncio.py", line 368, in _handle_exception
    raise error.with_traceback(exc_info[2])
  File "/home/yuksal21/virtualenv/maestro.yuksalishbot.uz/3.12/lib64/python3.12/site-packages/sqlalchemy/connectors/asyncio.py", line 228, in execute
    return self.await_(self._execute_async(operation, parameters))
           ^^^^^^^^^^^^^^^^^^^^^^^^^^^^^^^^^^^^^^^^^^^^^^^^^^^^^^^
  File "/home/yuksal21/virtualenv/maestro.yuksalishbot.uz/3.12/lib64/python3.12/site-packages/sqlalchemy/util/_concurrency_py3k.py", line 132, in await_only
    return current.parent.switch(awaitable)  # type: ignore[no-any-return,attr-defined] # noqa: E501
           ^^^^^^^^^^^^^^^^^^^^^^^^^^^^^^^^
  File "/home/yuksal21/virtualenv/maestro.yuksalishbot.uz/3.12/lib64/python3.12/site-packages/sqlalchemy/util/_concurrency_py3k.py", line 196, in greenlet_spawn
    value = await result
            ^^^^^^^^^^^^
  File "/home/yuksal21/virtualenv/maestro.yuksalishbot.uz/3.12/lib64/python3.12/site-packages/sqlalchemy/connectors/asyncio.py", line 251, in _execute_async
    result = await self._cursor.execute(operation, parameters)
             ^^^^^^^^^^^^^^^^^^^^^^^^^^^^^^^^^^^^^^^^^^^^^^^^^
  File "/home/yuksal21/virtualenv/maestro.yuksalishbot.uz/3.12/lib/python3.12/site-packages/aiomysql/cursors.py", line 239, in execute
    await self._query(query)
  File "/home/yuksal21/virtualenv/maestro.yuksalishbot.uz/3.12/lib/python3.12/site-packages/aiomysql/cursors.py", line 457, in _query
    await conn.query(q)
  File "/home/yuksal21/virtualenv/maestro.yuksalishbot.uz/3.12/lib/python3.12/site-packages/aiomysql/connection.py", line 469, in query
    await self._read_query_result(unbuffered=unbuffered)
  File "/home/yuksal21/virtualenv/maestro.yuksalishbot.uz/3.12/lib/python3.12/site-packages/aiomysql/connection.py", line 683, in _read_query_result
    await result.read()
  File "/home/yuksal21/virtualenv/maestro.yuksalishbot.uz/3.12/lib/python3.12/site-packages/aiomysql/connection.py", line 1164, in read
    first_packet = await self.connection._read_packet()
                   ^^^^^^^^^^^^^^^^^^^^^^^^^^^^^^^^^^^^
  File "/home/yuksal21/virtualenv/maestro.yuksalishbot.uz/3.12/lib/python3.12/site-packages/aiomysql/connection.py", line 609, in _read_packet
    packet_header = await self._read_bytes(4)
                    ^^^^^^^^^^^^^^^^^^^^^^^^^
  File "/home/yuksal21/virtualenv/maestro.yuksalishbot.uz/3.12/lib/python3.12/site-packages/aiomysql/connection.py", line 661, in _read_bytes
    raise OperationalError(CR.CR_SERVER_LOST, msg) from e
pymysql.err.OperationalError: (2013, 'Lost connection to MySQL server during query')

The above exception was the direct cause of the following exception:

Traceback (most recent call last):
  File "/home/yuksal21/virtualenv/maestro.yuksalishbot.uz/3.12/lib/python3.12/site-packages/apscheduler/executors/base.py", line 181, in run_coroutine_job
    retval = await job.func(*job.args, **job.kwargs)
             ^^^^^^^^^^^^^^^^^^^^^^^^^^^^^^^^^^^^^^^
  File "/home/yuksal21/maestro.yuksalishbot.uz/scheduler.py", line 25, in check_reminders
    bookings_to_remind = (await session.execute(query)).scalars().all()
                          ^^^^^^^^^^^^^^^^^^^^^^^^^^^^
  File "/home/yuksal21/virtualenv/maestro.yuksalishbot.uz/3.12/lib64/python3.12/site-packages/sqlalchemy/ext/asyncio/session.py", line 449, in execute
    result = await greenlet_spawn(
             ^^^^^^^^^^^^^^^^^^^^^
  File "/home/yuksal21/virtualenv/maestro.yuksalishbot.uz/3.12/lib64/python3.12/site-packages/sqlalchemy/util/_concurrency_py3k.py", line 203, in greenlet_spawn
    result = context.switch(value)
             ^^^^^^^^^^^^^^^^^^^^^
  File "/home/yuksal21/virtualenv/maestro.yuksalishbot.uz/3.12/lib64/python3.12/site-packages/sqlalchemy/orm/session.py", line 2351, in execute
    return self._execute_internal(
           ^^^^^^^^^^^^^^^^^^^^^^^
  File "/home/yuksal21/virtualenv/maestro.yuksalishbot.uz/3.12/lib64/python3.12/site-packages/sqlalchemy/orm/session.py", line 2249, in _execute_internal
    result: Result[Any] = compile_state_cls.orm_execute_statement(
                          ^^^^^^^^^^^^^^^^^^^^^^^^^^^^^^^^^^^^^^^^
  File "/home/yuksal21/virtualenv/maestro.yuksalishbot.uz/3.12/lib64/python3.12/site-packages/sqlalchemy/orm/context.py", line 306, in orm_execute_statement
    result = conn.execute(
             ^^^^^^^^^^^^^
  File "/home/yuksal21/virtualenv/maestro.yuksalishbot.uz/3.12/lib64/python3.12/site-packages/sqlalchemy/engine/base.py", line 1419, in execute
    return meth(
           ^^^^^
  File "/home/yuksal21/virtualenv/maestro.yuksalishbot.uz/3.12/lib64/python3.12/site-packages/sqlalchemy/sql/elements.py", line 527, in _execute_on_connection
    return connection._execute_clauseelement(
           ^^^^^^^^^^^^^^^^^^^^^^^^^^^^^^^^^^
  File "/home/yuksal21/virtualenv/maestro.yuksalishbot.uz/3.12/lib64/python3.12/site-packages/sqlalchemy/engine/base.py", line 1641, in _execute_clauseelement
    ret = self._execute_context(
          ^^^^^^^^^^^^^^^^^^^^^^
  File "/home/yuksal21/virtualenv/maestro.yuksalishbot.uz/3.12/lib64/python3.12/site-packages/sqlalchemy/engine/base.py", line 1846, in _execute_context
    return self._exec_single_context(
           ^^^^^^^^^^^^^^^^^^^^^^^^^^
  File "/home/yuksal21/virtualenv/maestro.yuksalishbot.uz/3.12/lib64/python3.12/site-packages/sqlalchemy/engine/base.py", line 1986, in _exec_single_context
    self._handle_dbapi_exception(
  File "/home/yuksal21/virtualenv/maestro.yuksalishbot.uz/3.12/lib64/python3.12/site-packages/sqlalchemy/engine/base.py", line 2363, in _handle_dbapi_exception
    raise sqlalchemy_exception.with_traceback(exc_info[2]) from e
  File "/home/yuksal21/virtualenv/maestro.yuksalishbot.uz/3.12/lib64/python3.12/site-packages/sqlalchemy/engine/base.py", line 1967, in _exec_single_context
    self.dialect.do_execute(
  File "/home/yuksal21/virtualenv/maestro.yuksalishbot.uz/3.12/lib64/python3.12/site-packages/sqlalchemy/engine/default.py", line 952, in do_execute
    cursor.execute(statement, parameters)
  File "/home/yuksal21/virtualenv/maestro.yuksalishbot.uz/3.12/lib64/python3.12/site-packages/sqlalchemy/connectors/asyncio.py", line 230, in execute
    self._adapt_connection._handle_exception(error)
  File "/home/yuksal21/virtualenv/maestro.yuksalishbot.uz/3.12/lib64/python3.12/site-packages/sqlalchemy/connectors/asyncio.py", line 368, in _handle_exception
    raise error.with_traceback(exc_info[2])
  File "/home/yuksal21/virtualenv/maestro.yuksalishbot.uz/3.12/lib64/python3.12/site-packages/sqlalchemy/connectors/asyncio.py", line 228, in execute
    return self.await_(self._execute_async(operation, parameters))
           ^^^^^^^^^^^^^^^^^^^^^^^^^^^^^^^^^^^^^^^^^^^^^^^^^^^^^^^
  File "/home/yuksal21/virtualenv/maestro.yuksalishbot.uz/3.12/lib64/python3.12/site-packages/sqlalchemy/util/_concurrency_py3k.py", line 132, in await_only
    return current.parent.switch(awaitable)  # type: ignore[no-any-return,attr-defined] # noqa: E501
           ^^^^^^^^^^^^^^^^^^^^^^^^^^^^^^^^
  File "/home/yuksal21/virtualenv/maestro.yuksalishbot.uz/3.12/lib64/python3.12/site-packages/sqlalchemy/util/_concurrency_py3k.py", line 196, in greenlet_spawn
    value = await result
            ^^^^^^^^^^^^
  File "/home/yuksal21/virtualenv/maestro.yuksalishbot.uz/3.12/lib64/python3.12/site-packages/sqlalchemy/connectors/asyncio.py", line 251, in _execute_async
    result = await self._cursor.execute(operation, parameters)
             ^^^^^^^^^^^^^^^^^^^^^^^^^^^^^^^^^^^^^^^^^^^^^^^^^
  File "/home/yuksal21/virtualenv/maestro.yuksalishbot.uz/3.12/lib/python3.12/site-packages/aiomysql/cursors.py", line 239, in execute
    await self._query(query)
  File "/home/yuksal21/virtualenv/maestro.yuksalishbot.uz/3.12/lib/python3.12/site-packages/aiomysql/cursors.py", line 457, in _query
    await conn.query(q)
  File "/home/yuksal21/virtualenv/maestro.yuksalishbot.uz/3.12/lib/python3.12/site-packages/aiomysql/connection.py", line 469, in query
    await self._read_query_result(unbuffered=unbuffered)
  File "/home/yuksal21/virtualenv/maestro.yuksalishbot.uz/3.12/lib/python3.12/site-packages/aiomysql/connection.py", line 683, in _read_query_result
    await result.read()
  File "/home/yuksal21/virtualenv/maestro.yuksalishbot.uz/3.12/lib/python3.12/site-packages/aiomysql/connection.py", line 1164, in read
    first_packet = await self.connection._read_packet()
                   ^^^^^^^^^^^^^^^^^^^^^^^^^^^^^^^^^^^^
  File "/home/yuksal21/virtualenv/maestro.yuksalishbot.uz/3.12/lib/python3.12/site-packages/aiomysql/connection.py", line 609, in _read_packet
    packet_header = await self._read_bytes(4)
                    ^^^^^^^^^^^^^^^^^^^^^^^^^
  File "/home/yuksal21/virtualenv/maestro.yuksalishbot.uz/3.12/lib/python3.12/site-packages/aiomysql/connection.py", line 661, in _read_bytes
    raise OperationalError(CR.CR_SERVER_LOST, msg) from e
sqlalchemy.exc.OperationalError: (pymysql.err.OperationalError) (2013, 'Lost connection to MySQL server during query')
[SQL: SELECT bookings.id, bookings.user_id, bookings.stylist_id, bookings.service_id, bookings.datetime, bookings.status, bookings.rating, bookings.review_text, users_1.id AS id_1, users_1.telegram_id, users_1.first_name, users_1.phone_number, users_1.language_code, users_1.role, users_1.subscription_until, users_1.is_active 
FROM bookings LEFT OUTER JOIN users AS users_1 ON users_1.id = bookings.user_id 
WHERE bookings.status = %s AND bookings.datetime >= %s AND bookings.datetime < %s]
[parameters: ('approved', '2026-03-14 22:00', '2026-03-14 23:00')]
(Background on this error at: https://sqlalche.me/e/20/e3q8)
INFO:aiogram.event:Update id=863691788 is handled. Duration 394 ms by bot id=8403442567
INFO:aiogram.event:Update id=863691789 is handled. Duration 161 ms by bot id=8403442567
INFO:aiogram.event:Update id=863691790 is handled. Duration 141 ms by bot id=8403442567
INFO:aiogram.event:Update id=863691791 is not handled. Duration 3 ms by bot id=8403442567
ERROR:aiogram.event:Cause exception while process update id=863691791 by bot id=8403442567
OperationalError: (pymysql.err.OperationalError) (2013, 'Lost connection to MySQL server during query')
[SQL: SELECT users.id, users.telegram_id, users.first_name, users.phone_number, users.language_code, users.role, users.subscription_until, users.is_active 
FROM users 
WHERE users.telegram_id = %s]
[parameters: (6633981653,)]
(Background on this error at: https://sqlalche.me/e/20/e3q8)
Traceback (most recent call last):
  File "/home/yuksal21/virtualenv/maestro.yuksalishbot.uz/3.12/lib/python3.12/site-packages/aiomysql/connection.py", line 657, in _read_bytes
    data = await self._reader.readexactly(num_bytes)
           ^^^^^^^^^^^^^^^^^^^^^^^^^^^^^^^^^^^^^^^^^
  File "/opt/alt/python312/lib64/python3.12/asyncio/streams.py", line 750, in readexactly
    raise exceptions.IncompleteReadError(incomplete, n)
asyncio.exceptions.IncompleteReadError: 0 bytes read on a total of 4 expected bytes

The above exception was the direct cause of the following exception:

Traceback (most recent call last):
  File "/home/yuksal21/virtualenv/maestro.yuksalishbot.uz/3.12/lib64/python3.12/site-packages/sqlalchemy/engine/base.py", line 1967, in _exec_single_context
    self.dialect.do_execute(
  File "/home/yuksal21/virtualenv/maestro.yuksalishbot.uz/3.12/lib64/python3.12/site-packages/sqlalchemy/engine/default.py", line 952, in do_execute
    cursor.execute(statement, parameters)
  File "/home/yuksal21/virtualenv/maestro.yuksalishbot.uz/3.12/lib64/python3.12/site-packages/sqlalchemy/connectors/asyncio.py", line 230, in execute
    self._adapt_connection._handle_exception(error)
  File "/home/yuksal21/virtualenv/maestro.yuksalishbot.uz/3.12/lib64/python3.12/site-packages/sqlalchemy/connectors/asyncio.py", line 368, in _handle_exception
    raise error.with_traceback(exc_info[2])
  File "/home/yuksal21/virtualenv/maestro.yuksalishbot.uz/3.12/lib64/python3.12/site-packages/sqlalchemy/connectors/asyncio.py", line 228, in execute
    return self.await_(self._execute_async(operation, parameters))
           ^^^^^^^^^^^^^^^^^^^^^^^^^^^^^^^^^^^^^^^^^^^^^^^^^^^^^^^
  File "/home/yuksal21/virtualenv/maestro.yuksalishbot.uz/3.12/lib64/python3.12/site-packages/sqlalchemy/util/_concurrency_py3k.py", line 132, in await_only
    return current.parent.switch(awaitable)  # type: ignore[no-any-return,attr-defined] # noqa: E501
           ^^^^^^^^^^^^^^^^^^^^^^^^^^^^^^^^
  File "/home/yuksal21/virtualenv/maestro.yuksalishbot.uz/3.12/lib64/python3.12/site-packages/sqlalchemy/util/_concurrency_py3k.py", line 196, in greenlet_spawn
    value = await result
            ^^^^^^^^^^^^
  File "/home/yuksal21/virtualenv/maestro.yuksalishbot.uz/3.12/lib64/python3.12/site-packages/sqlalchemy/connectors/asyncio.py", line 251, in _execute_async
    result = await self._cursor.execute(operation, parameters)
             ^^^^^^^^^^^^^^^^^^^^^^^^^^^^^^^^^^^^^^^^^^^^^^^^^
  File "/home/yuksal21/virtualenv/maestro.yuksalishbot.uz/3.12/lib/python3.12/site-packages/aiomysql/cursors.py", line 239, in execute
    await self._query(query)
  File "/home/yuksal21/virtualenv/maestro.yuksalishbot.uz/3.12/lib/python3.12/site-packages/aiomysql/cursors.py", line 457, in _query
    await conn.query(q)
  File "/home/yuksal21/virtualenv/maestro.yuksalishbot.uz/3.12/lib/python3.12/site-packages/aiomysql/connection.py", line 469, in query
    await self._read_query_result(unbuffered=unbuffered)
  File "/home/yuksal21/virtualenv/maestro.yuksalishbot.uz/3.12/lib/python3.12/site-packages/aiomysql/connection.py", line 683, in _read_query_result
    await result.read()
  File "/home/yuksal21/virtualenv/maestro.yuksalishbot.uz/3.12/lib/python3.12/site-packages/aiomysql/connection.py", line 1164, in read
    first_packet = await self.connection._read_packet()
                   ^^^^^^^^^^^^^^^^^^^^^^^^^^^^^^^^^^^^
  File "/home/yuksal21/virtualenv/maestro.yuksalishbot.uz/3.12/lib/python3.12/site-packages/aiomysql/connection.py", line 609, in _read_packet
    packet_header = await self._read_bytes(4)
                    ^^^^^^^^^^^^^^^^^^^^^^^^^
  File "/home/yuksal21/virtualenv/maestro.yuksalishbot.uz/3.12/lib/python3.12/site-packages/aiomysql/connection.py", line 661, in _read_bytes
    raise OperationalError(CR.CR_SERVER_LOST, msg) from e
pymysql.err.OperationalError: (2013, 'Lost connection to MySQL server during query')

The above exception was the direct cause of the following exception:

Traceback (most recent call last):
  File "/home/yuksal21/virtualenv/maestro.yuksalishbot.uz/3.12/lib/python3.12/site-packages/aiogram/dispatcher/dispatcher.py", line 320, in _process_update
    response = await self.feed_update(bot, update, **kwargs)
               ^^^^^^^^^^^^^^^^^^^^^^^^^^^^^^^^^^^^^^^^^^^^^
  File "/home/yuksal21/virtualenv/maestro.yuksalishbot.uz/3.12/lib/python3.12/site-packages/aiogram/dispatcher/dispatcher.py", line 164, in feed_update
    response = await self.update.wrap_outer_middleware(
               ^^^^^^^^^^^^^^^^^^^^^^^^^^^^^^^^^^^^^^^^
  File "/home/yuksal21/virtualenv/maestro.yuksalishbot.uz/3.12/lib/python3.12/site-packages/aiogram/dispatcher/middlewares/error.py", line 27, in __call__
    return await handler(event, data)
           ^^^^^^^^^^^^^^^^^^^^^^^^^^
  File "/home/yuksal21/virtualenv/maestro.yuksalishbot.uz/3.12/lib/python3.12/site-packages/aiogram/dispatcher/middlewares/user_context.py", line 58, in __call__
    return await handler(event, data)
           ^^^^^^^^^^^^^^^^^^^^^^^^^^
  File "/home/yuksal21/virtualenv/maestro.yuksalishbot.uz/3.12/lib/python3.12/site-packages/aiogram/fsm/middleware.py", line 43, in __call__
    return await handler(event, data)
           ^^^^^^^^^^^^^^^^^^^^^^^^^^
  File "/home/yuksal21/virtualenv/maestro.yuksalishbot.uz/3.12/lib/python3.12/site-packages/aiogram/dispatcher/event/telegram.py", line 126, in trigger
    return await wrapped_inner(event, kwargs)
           ^^^^^^^^^^^^^^^^^^^^^^^^^^^^^^^^^^
  File "/home/yuksal21/virtualenv/maestro.yuksalishbot.uz/3.12/lib/python3.12/site-packages/aiogram/dispatcher/event/handler.py", line 71, in call
    return await wrapped()
           ^^^^^^^^^^^^^^^
  File "/home/yuksal21/virtualenv/maestro.yuksalishbot.uz/3.12/lib/python3.12/site-packages/aiogram/dispatcher/dispatcher.py", line 283, in _listen_update
    return await self.propagate_event(update_type=update_type, event=event, **kwargs)
           ^^^^^^^^^^^^^^^^^^^^^^^^^^^^^^^^^^^^^^^^^^^^^^^^^^^^^^^^^^^^^^^^^^^^^^^^^^
  File "/home/yuksal21/virtualenv/maestro.yuksalishbot.uz/3.12/lib/python3.12/site-packages/aiogram/dispatcher/router.py", line 161, in propagate_event
    return await observer.wrap_outer_middleware(_wrapped, event=event, data=kwargs)
           ^^^^^^^^^^^^^^^^^^^^^^^^^^^^^^^^^^^^^^^^^^^^^^^^^^^^^^^^^^^^^^^^^^^^^^^^
  File "/home/yuksal21/virtualenv/maestro.yuksalishbot.uz/3.12/lib/python3.12/site-packages/aiogram/dispatcher/router.py", line 153, in _wrapped
    return await self._propagate_event(
           ^^^^^^^^^^^^^^^^^^^^^^^^^^^^
  File "/home/yuksal21/virtualenv/maestro.yuksalishbot.uz/3.12/lib/python3.12/site-packages/aiogram/dispatcher/router.py", line 181, in _propagate_event
    response = await observer.trigger(event, **kwargs)
               ^^^^^^^^^^^^^^^^^^^^^^^^^^^^^^^^^^^^^^^
  File "/home/yuksal21/virtualenv/maestro.yuksalishbot.uz/3.12/lib/python3.12/site-packages/aiogram/dispatcher/event/telegram.py", line 126, in trigger
    return await wrapped_inner(event, kwargs)
           ^^^^^^^^^^^^^^^^^^^^^^^^^^^^^^^^^^
  File "/home/yuksal21/virtualenv/maestro.yuksalishbot.uz/3.12/lib/python3.12/site-packages/aiogram/dispatcher/event/handler.py", line 71, in call
    return await wrapped()
           ^^^^^^^^^^^^^^^
  File "/home/yuksal21/maestro.yuksalishbot.uz/bot.py", line 2007, in open_special_dates
    user, stylist = await ensure_active_stylist_callback(cb)
                    ^^^^^^^^^^^^^^^^^^^^^^^^^^^^^^^^^^^^^^^^
  File "/home/yuksal21/maestro.yuksalishbot.uz/bot.py", line 368, in ensure_active_stylist_callback
    user, stylist = await get_stylist_profile_by_telegram(session, cb.from_user.id)
                    ^^^^^^^^^^^^^^^^^^^^^^^^^^^^^^^^^^^^^^^^^^^^^^^^^^^^^^^^^^^^^^^
  File "/home/yuksal21/maestro.yuksalishbot.uz/bot.py", line 298, in get_stylist_profile_by_telegram
    user = await session.scalar(select(db.User).where(db.User.telegram_id == telegram_id))
           ^^^^^^^^^^^^^^^^^^^^^^^^^^^^^^^^^^^^^^^^^^^^^^^^^^^^^^^^^^^^^^^^^^^^^^^^^^^^^^^
  File "/home/yuksal21/virtualenv/maestro.yuksalishbot.uz/3.12/lib64/python3.12/site-packages/sqlalchemy/ext/asyncio/session.py", line 505, in scalar
    return await greenlet_spawn(
           ^^^^^^^^^^^^^^^^^^^^^
  File "/home/yuksal21/virtualenv/maestro.yuksalishbot.uz/3.12/lib64/python3.12/site-packages/sqlalchemy/util/_concurrency_py3k.py", line 203, in greenlet_spawn
    result = context.switch(value)
             ^^^^^^^^^^^^^^^^^^^^^
  File "/home/yuksal21/virtualenv/maestro.yuksalishbot.uz/3.12/lib64/python3.12/site-packages/sqlalchemy/orm/session.py", line 2399, in scalar
    return self._execute_internal(
           ^^^^^^^^^^^^^^^^^^^^^^^
  File "/home/yuksal21/virtualenv/maestro.yuksalishbot.uz/3.12/lib64/python3.12/site-packages/sqlalchemy/orm/session.py", line 2249, in _execute_internal
    result: Result[Any] = compile_state_cls.orm_execute_statement(
                          ^^^^^^^^^^^^^^^^^^^^^^^^^^^^^^^^^^^^^^^^
  File "/home/yuksal21/virtualenv/maestro.yuksalishbot.uz/3.12/lib64/python3.12/site-packages/sqlalchemy/orm/context.py", line 306, in orm_execute_statement
    result = conn.execute(
             ^^^^^^^^^^^^^
  File "/home/yuksal21/virtualenv/maestro.yuksalishbot.uz/3.12/lib64/python3.12/site-packages/sqlalchemy/engine/base.py", line 1419, in execute
    return meth(
           ^^^^^
  File "/home/yuksal21/virtualenv/maestro.yuksalishbot.uz/3.12/lib64/python3.12/site-packages/sqlalchemy/sql/elements.py", line 527, in _execute_on_connection
    return connection._execute_clauseelement(
           ^^^^^^^^^^^^^^^^^^^^^^^^^^^^^^^^^^
  File "/home/yuksal21/virtualenv/maestro.yuksalishbot.uz/3.12/lib64/python3.12/site-packages/sqlalchemy/engine/base.py", line 1641, in _execute_clauseelement
    ret = self._execute_context(
          ^^^^^^^^^^^^^^^^^^^^^^
  File "/home/yuksal21/virtualenv/maestro.yuksalishbot.uz/3.12/lib64/python3.12/site-packages/sqlalchemy/engine/base.py", line 1846, in _execute_context
    return self._exec_single_context(
           ^^^^^^^^^^^^^^^^^^^^^^^^^^
  File "/home/yuksal21/virtualenv/maestro.yuksalishbot.uz/3.12/lib64/python3.12/site-packages/sqlalchemy/engine/base.py", line 1986, in _exec_single_context
    self._handle_dbapi_exception(
  File "/home/yuksal21/virtualenv/maestro.yuksalishbot.uz/3.12/lib64/python3.12/site-packages/sqlalchemy/engine/base.py", line 2363, in _handle_dbapi_exception
    raise sqlalchemy_exception.with_traceback(exc_info[2]) from e
  File "/home/yuksal21/virtualenv/maestro.yuksalishbot.uz/3.12/lib64/python3.12/site-packages/sqlalchemy/engine/base.py", line 1967, in _exec_single_context
    self.dialect.do_execute(
  File "/home/yuksal21/virtualenv/maestro.yuksalishbot.uz/3.12/lib64/python3.12/site-packages/sqlalchemy/engine/default.py", line 952, in do_execute
    cursor.execute(statement, parameters)
  File "/home/yuksal21/virtualenv/maestro.yuksalishbot.uz/3.12/lib64/python3.12/site-packages/sqlalchemy/connectors/asyncio.py", line 230, in execute
    self._adapt_connection._handle_exception(error)
  File "/home/yuksal21/virtualenv/maestro.yuksalishbot.uz/3.12/lib64/python3.12/site-packages/sqlalchemy/connectors/asyncio.py", line 368, in _handle_exception
    raise error.with_traceback(exc_info[2])
  File "/home/yuksal21/virtualenv/maestro.yuksalishbot.uz/3.12/lib64/python3.12/site-packages/sqlalchemy/connectors/asyncio.py", line 228, in execute
    return self.await_(self._execute_async(operation, parameters))
           ^^^^^^^^^^^^^^^^^^^^^^^^^^^^^^^^^^^^^^^^^^^^^^^^^^^^^^^
  File "/home/yuksal21/virtualenv/maestro.yuksalishbot.uz/3.12/lib64/python3.12/site-packages/sqlalchemy/util/_concurrency_py3k.py", line 132, in await_only
    return current.parent.switch(awaitable)  # type: ignore[no-any-return,attr-defined] # noqa: E501
           ^^^^^^^^^^^^^^^^^^^^^^^^^^^^^^^^
  File "/home/yuksal21/virtualenv/maestro.yuksalishbot.uz/3.12/lib64/python3.12/site-packages/sqlalchemy/util/_concurrency_py3k.py", line 196, in greenlet_spawn
    value = await result
            ^^^^^^^^^^^^
  File "/home/yuksal21/virtualenv/maestro.yuksalishbot.uz/3.12/lib64/python3.12/site-packages/sqlalchemy/connectors/asyncio.py", line 251, in _execute_async
    result = await self._cursor.execute(operation, parameters)
             ^^^^^^^^^^^^^^^^^^^^^^^^^^^^^^^^^^^^^^^^^^^^^^^^^
  File "/home/yuksal21/virtualenv/maestro.yuksalishbot.uz/3.12/lib/python3.12/site-packages/aiomysql/cursors.py", line 239, in execute
    await self._query(query)
  File "/home/yuksal21/virtualenv/maestro.yuksalishbot.uz/3.12/lib/python3.12/site-packages/aiomysql/cursors.py", line 457, in _query
    await conn.query(q)
  File "/home/yuksal21/virtualenv/maestro.yuksalishbot.uz/3.12/lib/python3.12/site-packages/aiomysql/connection.py", line 469, in query
    await self._read_query_result(unbuffered=unbuffered)
  File "/home/yuksal21/virtualenv/maestro.yuksalishbot.uz/3.12/lib/python3.12/site-packages/aiomysql/connection.py", line 683, in _read_query_result
    await result.read()
  File "/home/yuksal21/virtualenv/maestro.yuksalishbot.uz/3.12/lib/python3.12/site-packages/aiomysql/connection.py", line 1164, in read
    first_packet = await self.connection._read_packet()
                   ^^^^^^^^^^^^^^^^^^^^^^^^^^^^^^^^^^^^
  File "/home/yuksal21/virtualenv/maestro.yuksalishbot.uz/3.12/lib/python3.12/site-packages/aiomysql/connection.py", line 609, in _read_packet
    packet_header = await self._read_bytes(4)
                    ^^^^^^^^^^^^^^^^^^^^^^^^^
  File "/home/yuksal21/virtualenv/maestro.yuksalishbot.uz/3.12/lib/python3.12/site-packages/aiomysql/connection.py", line 661, in _read_bytes
    raise OperationalError(CR.CR_SERVER_LOST, msg) from e
sqlalchemy.exc.OperationalError: (pymysql.err.OperationalError) (2013, 'Lost connection to MySQL server during query')
[SQL: SELECT users.id, users.telegram_id, users.first_name, users.phone_number, users.language_code, users.role, users.subscription_until, users.is_active 
FROM users 
WHERE users.telegram_id = %s]
[parameters: (6633981653,)]
(Background on this error at: https://sqlalche.me/e/20/e3q8)
INFO:aiogram.event:Update id=863691792 is handled. Duration 277 ms by bot id=8403442567
INFO:aiogram.event:Update id=863691793 is handled. Duration 377 ms by bot id=8403442567
INFO:aiogram.event:Update id=863691794 is handled. Duration 342 ms by bot id=8403442567
INFO:aiogram.event:Update id=863691795 is handled. Duration 273 ms by bot id=8403442567
INFO:aiogram.event:Update id=863691796 is handled. Duration 247 ms by bot id=8403442567
INFO:aiogram.event:Update id=863691797 is handled. Duration 251 ms by bot id=8403442567
INFO:aiogram.event:Update id=863691798 is handled. Duration 146 ms by bot id=8403442567
INFO:aiogram.event:Update id=863691799 is handled. Duration 122 ms by bot id=8403442567
INFO:aiogram.event:Update id=863691800 is handled. Duration 129 ms by bot id=8403442567
INFO:aiogram.event:Update id=863691801 is handled. Duration 137 ms by bot id=8403442567
INFO:aiogram.event:Update id=863691802 is handled. Duration 131 ms by bot id=8403442567
INFO:aiogram.event:Update id=863691803 is handled. Duration 240 ms by bot id=8403442567
INFO:aiogram.event:Update id=863691804 is handled. Duration 236 ms by bot id=8403442567
INFO:aiogram.event:Update id=863691805 is handled. Duration 324 ms by bot id=8403442567
INFO:aiogram.event:Update id=863691806 is handled. Duration 141 ms by bot id=8403442567
INFO:aiogram.event:Update id=863691807 is handled. Duration 124 ms by bot id=8403442567
INFO:aiogram.event:Update id=863691808 is handled. Duration 245 ms by bot id=8403442567
INFO:aiogram.event:Update id=863691809 is handled. Duration 122 ms by bot id=8403442567
INFO:aiogram.event:Update id=863691810 is not handled. Duration 1 ms by bot id=8403442567
ERROR:aiogram.event:Cause exception while process update id=863691810 by bot id=8403442567
OperationalError: (pymysql.err.OperationalError) (2013, 'Lost connection to MySQL server during query')
[SQL: SELECT users.id, users.telegram_id, users.first_name, users.phone_number, users.language_code, users.role, users.subscription_until, users.is_active 
FROM users 
WHERE users.telegram_id = %s]
[parameters: (372688693,)]
(Background on this error at: https://sqlalche.me/e/20/e3q8)
Traceback (most recent call last):
  File "/home/yuksal21/virtualenv/maestro.yuksalishbot.uz/3.12/lib/python3.12/site-packages/aiomysql/connection.py", line 657, in _read_bytes
    data = await self._reader.readexactly(num_bytes)
           ^^^^^^^^^^^^^^^^^^^^^^^^^^^^^^^^^^^^^^^^^
  File "/opt/alt/python312/lib64/python3.12/asyncio/streams.py", line 750, in readexactly
    raise exceptions.IncompleteReadError(incomplete, n)
asyncio.exceptions.IncompleteReadError: 0 bytes read on a total of 4 expected bytes

The above exception was the direct cause of the following exception:

Traceback (most recent call last):
  File "/home/yuksal21/virtualenv/maestro.yuksalishbot.uz/3.12/lib64/python3.12/site-packages/sqlalchemy/engine/base.py", line 1967, in _exec_single_context
    self.dialect.do_execute(
  File "/home/yuksal21/virtualenv/maestro.yuksalishbot.uz/3.12/lib64/python3.12/site-packages/sqlalchemy/engine/default.py", line 952, in do_execute
    cursor.execute(statement, parameters)
  File "/home/yuksal21/virtualenv/maestro.yuksalishbot.uz/3.12/lib64/python3.12/site-packages/sqlalchemy/connectors/asyncio.py", line 230, in execute
    self._adapt_connection._handle_exception(error)
  File "/home/yuksal21/virtualenv/maestro.yuksalishbot.uz/3.12/lib64/python3.12/site-packages/sqlalchemy/connectors/asyncio.py", line 368, in _handle_exception
    raise error.with_traceback(exc_info[2])
  File "/home/yuksal21/virtualenv/maestro.yuksalishbot.uz/3.12/lib64/python3.12/site-packages/sqlalchemy/connectors/asyncio.py", line 228, in execute
    return self.await_(self._execute_async(operation, parameters))
           ^^^^^^^^^^^^^^^^^^^^^^^^^^^^^^^^^^^^^^^^^^^^^^^^^^^^^^^
  File "/home/yuksal21/virtualenv/maestro.yuksalishbot.uz/3.12/lib64/python3.12/site-packages/sqlalchemy/util/_concurrency_py3k.py", line 132, in await_only
    return current.parent.switch(awaitable)  # type: ignore[no-any-return,attr-defined] # noqa: E501
           ^^^^^^^^^^^^^^^^^^^^^^^^^^^^^^^^
  File "/home/yuksal21/virtualenv/maestro.yuksalishbot.uz/3.12/lib64/python3.12/site-packages/sqlalchemy/util/_concurrency_py3k.py", line 196, in greenlet_spawn
    value = await result
            ^^^^^^^^^^^^
  File "/home/yuksal21/virtualenv/maestro.yuksalishbot.uz/3.12/lib64/python3.12/site-packages/sqlalchemy/connectors/asyncio.py", line 251, in _execute_async
    result = await self._cursor.execute(operation, parameters)
             ^^^^^^^^^^^^^^^^^^^^^^^^^^^^^^^^^^^^^^^^^^^^^^^^^
  File "/home/yuksal21/virtualenv/maestro.yuksalishbot.uz/3.12/lib/python3.12/site-packages/aiomysql/cursors.py", line 239, in execute
    await self._query(query)
  File "/home/yuksal21/virtualenv/maestro.yuksalishbot.uz/3.12/lib/python3.12/site-packages/aiomysql/cursors.py", line 457, in _query
    await conn.query(q)
  File "/home/yuksal21/virtualenv/maestro.yuksalishbot.uz/3.12/lib/python3.12/site-packages/aiomysql/connection.py", line 469, in query
    await self._read_query_result(unbuffered=unbuffered)
  File "/home/yuksal21/virtualenv/maestro.yuksalishbot.uz/3.12/lib/python3.12/site-packages/aiomysql/connection.py", line 683, in _read_query_result
    await result.read()
  File "/home/yuksal21/virtualenv/maestro.yuksalishbot.uz/3.12/lib/python3.12/site-packages/aiomysql/connection.py", line 1164, in read
    first_packet = await self.connection._read_packet()
                   ^^^^^^^^^^^^^^^^^^^^^^^^^^^^^^^^^^^^
  File "/home/yuksal21/virtualenv/maestro.yuksalishbot.uz/3.12/lib/python3.12/site-packages/aiomysql/connection.py", line 609, in _read_packet
    packet_header = await self._read_bytes(4)
                    ^^^^^^^^^^^^^^^^^^^^^^^^^
  File "/home/yuksal21/virtualenv/maestro.yuksalishbot.uz/3.12/lib/python3.12/site-packages/aiomysql/connection.py", line 661, in _read_bytes
    raise OperationalError(CR.CR_SERVER_LOST, msg) from e
pymysql.err.OperationalError: (2013, 'Lost connection to MySQL server during query')

The above exception was the direct cause of the following exception:

Traceback (most recent call last):
  File "/home/yuksal21/virtualenv/maestro.yuksalishbot.uz/3.12/lib/python3.12/site-packages/aiogram/dispatcher/dispatcher.py", line 320, in _process_update
    response = await self.feed_update(bot, update, **kwargs)
               ^^^^^^^^^^^^^^^^^^^^^^^^^^^^^^^^^^^^^^^^^^^^^
  File "/home/yuksal21/virtualenv/maestro.yuksalishbot.uz/3.12/lib/python3.12/site-packages/aiogram/dispatcher/dispatcher.py", line 164, in feed_update
    response = await self.update.wrap_outer_middleware(
               ^^^^^^^^^^^^^^^^^^^^^^^^^^^^^^^^^^^^^^^^
  File "/home/yuksal21/virtualenv/maestro.yuksalishbot.uz/3.12/lib/python3.12/site-packages/aiogram/dispatcher/middlewares/error.py", line 27, in __call__
    return await handler(event, data)
           ^^^^^^^^^^^^^^^^^^^^^^^^^^
  File "/home/yuksal21/virtualenv/maestro.yuksalishbot.uz/3.12/lib/python3.12/site-packages/aiogram/dispatcher/middlewares/user_context.py", line 58, in __call__
    return await handler(event, data)
           ^^^^^^^^^^^^^^^^^^^^^^^^^^
  File "/home/yuksal21/virtualenv/maestro.yuksalishbot.uz/3.12/lib/python3.12/site-packages/aiogram/fsm/middleware.py", line 43, in __call__
    return await handler(event, data)
           ^^^^^^^^^^^^^^^^^^^^^^^^^^
  File "/home/yuksal21/virtualenv/maestro.yuksalishbot.uz/3.12/lib/python3.12/site-packages/aiogram/dispatcher/event/telegram.py", line 126, in trigger
    return await wrapped_inner(event, kwargs)
           ^^^^^^^^^^^^^^^^^^^^^^^^^^^^^^^^^^
  File "/home/yuksal21/virtualenv/maestro.yuksalishbot.uz/3.12/lib/python3.12/site-packages/aiogram/dispatcher/event/handler.py", line 71, in call
    return await wrapped()
           ^^^^^^^^^^^^^^^
  File "/home/yuksal21/virtualenv/maestro.yuksalishbot.uz/3.12/lib/python3.12/site-packages/aiogram/dispatcher/dispatcher.py", line 283, in _listen_update
    return await self.propagate_event(update_type=update_type, event=event, **kwargs)
           ^^^^^^^^^^^^^^^^^^^^^^^^^^^^^^^^^^^^^^^^^^^^^^^^^^^^^^^^^^^^^^^^^^^^^^^^^^
  File "/home/yuksal21/virtualenv/maestro.yuksalishbot.uz/3.12/lib/python3.12/site-packages/aiogram/dispatcher/router.py", line 161, in propagate_event
    return await observer.wrap_outer_middleware(_wrapped, event=event, data=kwargs)
           ^^^^^^^^^^^^^^^^^^^^^^^^^^^^^^^^^^^^^^^^^^^^^^^^^^^^^^^^^^^^^^^^^^^^^^^^
  File "/home/yuksal21/virtualenv/maestro.yuksalishbot.uz/3.12/lib/python3.12/site-packages/aiogram/dispatcher/router.py", line 153, in _wrapped
    return await self._propagate_event(
           ^^^^^^^^^^^^^^^^^^^^^^^^^^^^
  File "/home/yuksal21/virtualenv/maestro.yuksalishbot.uz/3.12/lib/python3.12/site-packages/aiogram/dispatcher/router.py", line 181, in _propagate_event
    response = await observer.trigger(event, **kwargs)
               ^^^^^^^^^^^^^^^^^^^^^^^^^^^^^^^^^^^^^^^
  File "/home/yuksal21/virtualenv/maestro.yuksalishbot.uz/3.12/lib/python3.12/site-packages/aiogram/dispatcher/event/telegram.py", line 126, in trigger
    return await wrapped_inner(event, kwargs)
           ^^^^^^^^^^^^^^^^^^^^^^^^^^^^^^^^^^
  File "/home/yuksal21/virtualenv/maestro.yuksalishbot.uz/3.12/lib/python3.12/site-packages/aiogram/dispatcher/event/handler.py", line 71, in call
    return await wrapped()
           ^^^^^^^^^^^^^^^
  File "/home/yuksal21/maestro.yuksalishbot.uz/bot.py", line 960, in process_search_input
    success = await run_search_input_flow(message, search_type)
              ^^^^^^^^^^^^^^^^^^^^^^^^^^^^^^^^^^^^^^^^^^^^^^^^^
  File "/home/yuksal21/maestro.yuksalishbot.uz/bot.py", line 877, in run_search_input_flow
    lang = await get_user_lang(message.from_user.id)
           ^^^^^^^^^^^^^^^^^^^^^^^^^^^^^^^^^^^^^^^^^
  File "/home/yuksal21/maestro.yuksalishbot.uz/bot.py", line 548, in get_user_lang
    user = await get_user_by_telegram_id(telegram_id)
           ^^^^^^^^^^^^^^^^^^^^^^^^^^^^^^^^^^^^^^^^^^
  File "/home/yuksal21/maestro.yuksalishbot.uz/bot.py", line 544, in get_user_by_telegram_id
    return await session.scalar(select(db.User).where(db.User.telegram_id == telegram_id))
           ^^^^^^^^^^^^^^^^^^^^^^^^^^^^^^^^^^^^^^^^^^^^^^^^^^^^^^^^^^^^^^^^^^^^^^^^^^^^^^^
  File "/home/yuksal21/virtualenv/maestro.yuksalishbot.uz/3.12/lib64/python3.12/site-packages/sqlalchemy/ext/asyncio/session.py", line 505, in scalar
    return await greenlet_spawn(
           ^^^^^^^^^^^^^^^^^^^^^
  File "/home/yuksal21/virtualenv/maestro.yuksalishbot.uz/3.12/lib64/python3.12/site-packages/sqlalchemy/util/_concurrency_py3k.py", line 203, in greenlet_spawn
    result = context.switch(value)
             ^^^^^^^^^^^^^^^^^^^^^
  File "/home/yuksal21/virtualenv/maestro.yuksalishbot.uz/3.12/lib64/python3.12/site-packages/sqlalchemy/orm/session.py", line 2399, in scalar
    return self._execute_internal(
           ^^^^^^^^^^^^^^^^^^^^^^^
  File "/home/yuksal21/virtualenv/maestro.yuksalishbot.uz/3.12/lib64/python3.12/site-packages/sqlalchemy/orm/session.py", line 2249, in _execute_internal
    result: Result[Any] = compile_state_cls.orm_execute_statement(
                          ^^^^^^^^^^^^^^^^^^^^^^^^^^^^^^^^^^^^^^^^
  File "/home/yuksal21/virtualenv/maestro.yuksalishbot.uz/3.12/lib64/python3.12/site-packages/sqlalchemy/orm/context.py", line 306, in orm_execute_statement
    result = conn.execute(
             ^^^^^^^^^^^^^
  File "/home/yuksal21/virtualenv/maestro.yuksalishbot.uz/3.12/lib64/python3.12/site-packages/sqlalchemy/engine/base.py", line 1419, in execute
    return meth(
           ^^^^^
  File "/home/yuksal21/virtualenv/maestro.yuksalishbot.uz/3.12/lib64/python3.12/site-packages/sqlalchemy/sql/elements.py", line 527, in _execute_on_connection
    return connection._execute_clauseelement(
           ^^^^^^^^^^^^^^^^^^^^^^^^^^^^^^^^^^
  File "/home/yuksal21/virtualenv/maestro.yuksalishbot.uz/3.12/lib64/python3.12/site-packages/sqlalchemy/engine/base.py", line 1641, in _execute_clauseelement
    ret = self._execute_context(
          ^^^^^^^^^^^^^^^^^^^^^^
  File "/home/yuksal21/virtualenv/maestro.yuksalishbot.uz/3.12/lib64/python3.12/site-packages/sqlalchemy/engine/base.py", line 1846, in _execute_context
    return self._exec_single_context(
           ^^^^^^^^^^^^^^^^^^^^^^^^^^
  File "/home/yuksal21/virtualenv/maestro.yuksalishbot.uz/3.12/lib64/python3.12/site-packages/sqlalchemy/engine/base.py", line 1986, in _exec_single_context
    self._handle_dbapi_exception(
  File "/home/yuksal21/virtualenv/maestro.yuksalishbot.uz/3.12/lib64/python3.12/site-packages/sqlalchemy/engine/base.py", line 2363, in _handle_dbapi_exception
    raise sqlalchemy_exception.with_traceback(exc_info[2]) from e
  File "/home/yuksal21/virtualenv/maestro.yuksalishbot.uz/3.12/lib64/python3.12/site-packages/sqlalchemy/engine/base.py", line 1967, in _exec_single_context
    self.dialect.do_execute(
  File "/home/yuksal21/virtualenv/maestro.yuksalishbot.uz/3.12/lib64/python3.12/site-packages/sqlalchemy/engine/default.py", line 952, in do_execute
    cursor.execute(statement, parameters)
  File "/home/yuksal21/virtualenv/maestro.yuksalishbot.uz/3.12/lib64/python3.12/site-packages/sqlalchemy/connectors/asyncio.py", line 230, in execute
    self._adapt_connection._handle_exception(error)
  File "/home/yuksal21/virtualenv/maestro.yuksalishbot.uz/3.12/lib64/python3.12/site-packages/sqlalchemy/connectors/asyncio.py", line 368, in _handle_exception
    raise error.with_traceback(exc_info[2])
  File "/home/yuksal21/virtualenv/maestro.yuksalishbot.uz/3.12/lib64/python3.12/site-packages/sqlalchemy/connectors/asyncio.py", line 228, in execute
    return self.await_(self._execute_async(operation, parameters))
           ^^^^^^^^^^^^^^^^^^^^^^^^^^^^^^^^^^^^^^^^^^^^^^^^^^^^^^^
  File "/home/yuksal21/virtualenv/maestro.yuksalishbot.uz/3.12/lib64/python3.12/site-packages/sqlalchemy/util/_concurrency_py3k.py", line 132, in await_only
    return current.parent.switch(awaitable)  # type: ignore[no-any-return,attr-defined] # noqa: E501
           ^^^^^^^^^^^^^^^^^^^^^^^^^^^^^^^^
  File "/home/yuksal21/virtualenv/maestro.yuksalishbot.uz/3.12/lib64/python3.12/site-packages/sqlalchemy/util/_concurrency_py3k.py", line 196, in greenlet_spawn
    value = await result
            ^^^^^^^^^^^^
  File "/home/yuksal21/virtualenv/maestro.yuksalishbot.uz/3.12/lib64/python3.12/site-packages/sqlalchemy/connectors/asyncio.py", line 251, in _execute_async
    result = await self._cursor.execute(operation, parameters)
             ^^^^^^^^^^^^^^^^^^^^^^^^^^^^^^^^^^^^^^^^^^^^^^^^^
  File "/home/yuksal21/virtualenv/maestro.yuksalishbot.uz/3.12/lib/python3.12/site-packages/aiomysql/cursors.py", line 239, in execute
    await self._query(query)
  File "/home/yuksal21/virtualenv/maestro.yuksalishbot.uz/3.12/lib/python3.12/site-packages/aiomysql/cursors.py", line 457, in _query
    await conn.query(q)
  File "/home/yuksal21/virtualenv/maestro.yuksalishbot.uz/3.12/lib/python3.12/site-packages/aiomysql/connection.py", line 469, in query
    await self._read_query_result(unbuffered=unbuffered)
  File "/home/yuksal21/virtualenv/maestro.yuksalishbot.uz/3.12/lib/python3.12/site-packages/aiomysql/connection.py", line 683, in _read_query_result
    await result.read()
  File "/home/yuksal21/virtualenv/maestro.yuksalishbot.uz/3.12/lib/python3.12/site-packages/aiomysql/connection.py", line 1164, in read
    first_packet = await self.connection._read_packet()
                   ^^^^^^^^^^^^^^^^^^^^^^^^^^^^^^^^^^^^
  File "/home/yuksal21/virtualenv/maestro.yuksalishbot.uz/3.12/lib/python3.12/site-packages/aiomysql/connection.py", line 609, in _read_packet
    packet_header = await self._read_bytes(4)
                    ^^^^^^^^^^^^^^^^^^^^^^^^^
  File "/home/yuksal21/virtualenv/maestro.yuksalishbot.uz/3.12/lib/python3.12/site-packages/aiomysql/connection.py", line 661, in _read_bytes
    raise OperationalError(CR.CR_SERVER_LOST, msg) from e
sqlalchemy.exc.OperationalError: (pymysql.err.OperationalError) (2013, 'Lost connection to MySQL server during query')
[SQL: SELECT users.id, users.telegram_id, users.first_name, users.phone_number, users.language_code, users.role, users.subscription_until, users.is_active 
FROM users 
WHERE users.telegram_id = %s]
[parameters: (372688693,)]
(Background on this error at: https://sqlalche.me/e/20/e3q8)
INFO:aiogram.event:Update id=863691811 is handled. Duration 391 ms by bot id=8403442567
INFO:aiogram.event:Update id=863691812 is handled. Duration 137 ms by bot id=8403442567
INFO:aiogram.event:Update id=863691813 is handled. Duration 123 ms by bot id=8403442567
INFO:aiogram.event:Update id=863691814 is handled. Duration 123 ms by bot id=8403442567
INFO:aiogram.event:Update id=863691815 is not handled. Duration 3 ms by bot id=8403442567
ERROR:aiogram.event:Cause exception while process update id=863691815 by bot id=8403442567
OperationalError: (pymysql.err.OperationalError) (2013, 'Lost connection to MySQL server during query')
[SQL: SELECT users.id, users.telegram_id, users.first_name, users.phone_number, users.language_code, users.role, users.subscription_until, users.is_active 
FROM users 
WHERE users.telegram_id = %s]
[parameters: (1069729475,)]
(Background on this error at: https://sqlalche.me/e/20/e3q8)
Traceback (most recent call last):
  File "/home/yuksal21/virtualenv/maestro.yuksalishbot.uz/3.12/lib/python3.12/site-packages/aiomysql/connection.py", line 657, in _read_bytes
    data = await self._reader.readexactly(num_bytes)
           ^^^^^^^^^^^^^^^^^^^^^^^^^^^^^^^^^^^^^^^^^
  File "/opt/alt/python312/lib64/python3.12/asyncio/streams.py", line 750, in readexactly
    raise exceptions.IncompleteReadError(incomplete, n)
asyncio.exceptions.IncompleteReadError: 0 bytes read on a total of 4 expected bytes

The above exception was the direct cause of the following exception:

Traceback (most recent call last):
  File "/home/yuksal21/virtualenv/maestro.yuksalishbot.uz/3.12/lib64/python3.12/site-packages/sqlalchemy/engine/base.py", line 1967, in _exec_single_context
    self.dialect.do_execute(
  File "/home/yuksal21/virtualenv/maestro.yuksalishbot.uz/3.12/lib64/python3.12/site-packages/sqlalchemy/engine/default.py", line 952, in do_execute
    cursor.execute(statement, parameters)
  File "/home/yuksal21/virtualenv/maestro.yuksalishbot.uz/3.12/lib64/python3.12/site-packages/sqlalchemy/connectors/asyncio.py", line 230, in execute
    self._adapt_connection._handle_exception(error)
  File "/home/yuksal21/virtualenv/maestro.yuksalishbot.uz/3.12/lib64/python3.12/site-packages/sqlalchemy/connectors/asyncio.py", line 368, in _handle_exception
    raise error.with_traceback(exc_info[2])
  File "/home/yuksal21/virtualenv/maestro.yuksalishbot.uz/3.12/lib64/python3.12/site-packages/sqlalchemy/connectors/asyncio.py", line 228, in execute
    return self.await_(self._execute_async(operation, parameters))
           ^^^^^^^^^^^^^^^^^^^^^^^^^^^^^^^^^^^^^^^^^^^^^^^^^^^^^^^
  File "/home/yuksal21/virtualenv/maestro.yuksalishbot.uz/3.12/lib64/python3.12/site-packages/sqlalchemy/util/_concurrency_py3k.py", line 132, in await_only
    return current.parent.switch(awaitable)  # type: ignore[no-any-return,attr-defined] # noqa: E501
           ^^^^^^^^^^^^^^^^^^^^^^^^^^^^^^^^
  File "/home/yuksal21/virtualenv/maestro.yuksalishbot.uz/3.12/lib64/python3.12/site-packages/sqlalchemy/util/_concurrency_py3k.py", line 196, in greenlet_spawn
    value = await result
            ^^^^^^^^^^^^
  File "/home/yuksal21/virtualenv/maestro.yuksalishbot.uz/3.12/lib64/python3.12/site-packages/sqlalchemy/connectors/asyncio.py", line 251, in _execute_async
    result = await self._cursor.execute(operation, parameters)
             ^^^^^^^^^^^^^^^^^^^^^^^^^^^^^^^^^^^^^^^^^^^^^^^^^
  File "/home/yuksal21/virtualenv/maestro.yuksalishbot.uz/3.12/lib/python3.12/site-packages/aiomysql/cursors.py", line 239, in execute
    await self._query(query)
  File "/home/yuksal21/virtualenv/maestro.yuksalishbot.uz/3.12/lib/python3.12/site-packages/aiomysql/cursors.py", line 457, in _query
    await conn.query(q)
  File "/home/yuksal21/virtualenv/maestro.yuksalishbot.uz/3.12/lib/python3.12/site-packages/aiomysql/connection.py", line 469, in query
    await self._read_query_result(unbuffered=unbuffered)
  File "/home/yuksal21/virtualenv/maestro.yuksalishbot.uz/3.12/lib/python3.12/site-packages/aiomysql/connection.py", line 683, in _read_query_result
    await result.read()
  File "/home/yuksal21/virtualenv/maestro.yuksalishbot.uz/3.12/lib/python3.12/site-packages/aiomysql/connection.py", line 1164, in read
    first_packet = await self.connection._read_packet()
                   ^^^^^^^^^^^^^^^^^^^^^^^^^^^^^^^^^^^^
  File "/home/yuksal21/virtualenv/maestro.yuksalishbot.uz/3.12/lib/python3.12/site-packages/aiomysql/connection.py", line 609, in _read_packet
    packet_header = await self._read_bytes(4)
                    ^^^^^^^^^^^^^^^^^^^^^^^^^
  File "/home/yuksal21/virtualenv/maestro.yuksalishbot.uz/3.12/lib/python3.12/site-packages/aiomysql/connection.py", line 661, in _read_bytes
    raise OperationalError(CR.CR_SERVER_LOST, msg) from e
pymysql.err.OperationalError: (2013, 'Lost connection to MySQL server during query')

The above exception was the direct cause of the following exception:

Traceback (most recent call last):
  File "/home/yuksal21/virtualenv/maestro.yuksalishbot.uz/3.12/lib/python3.12/site-packages/aiogram/dispatcher/dispatcher.py", line 320, in _process_update
    response = await self.feed_update(bot, update, **kwargs)
               ^^^^^^^^^^^^^^^^^^^^^^^^^^^^^^^^^^^^^^^^^^^^^
  File "/home/yuksal21/virtualenv/maestro.yuksalishbot.uz/3.12/lib/python3.12/site-packages/aiogram/dispatcher/dispatcher.py", line 164, in feed_update
    response = await self.update.wrap_outer_middleware(
               ^^^^^^^^^^^^^^^^^^^^^^^^^^^^^^^^^^^^^^^^
  File "/home/yuksal21/virtualenv/maestro.yuksalishbot.uz/3.12/lib/python3.12/site-packages/aiogram/dispatcher/middlewares/error.py", line 27, in __call__
    return await handler(event, data)
           ^^^^^^^^^^^^^^^^^^^^^^^^^^
  File "/home/yuksal21/virtualenv/maestro.yuksalishbot.uz/3.12/lib/python3.12/site-packages/aiogram/dispatcher/middlewares/user_context.py", line 58, in __call__
    return await handler(event, data)
           ^^^^^^^^^^^^^^^^^^^^^^^^^^
  File "/home/yuksal21/virtualenv/maestro.yuksalishbot.uz/3.12/lib/python3.12/site-packages/aiogram/fsm/middleware.py", line 43, in __call__
    return await handler(event, data)
           ^^^^^^^^^^^^^^^^^^^^^^^^^^
  File "/home/yuksal21/virtualenv/maestro.yuksalishbot.uz/3.12/lib/python3.12/site-packages/aiogram/dispatcher/event/telegram.py", line 126, in trigger
    return await wrapped_inner(event, kwargs)
           ^^^^^^^^^^^^^^^^^^^^^^^^^^^^^^^^^^
  File "/home/yuksal21/virtualenv/maestro.yuksalishbot.uz/3.12/lib/python3.12/site-packages/aiogram/dispatcher/event/handler.py", line 71, in call
    return await wrapped()
           ^^^^^^^^^^^^^^^
  File "/home/yuksal21/virtualenv/maestro.yuksalishbot.uz/3.12/lib/python3.12/site-packages/aiogram/dispatcher/dispatcher.py", line 283, in _listen_update
    return await self.propagate_event(update_type=update_type, event=event, **kwargs)
           ^^^^^^^^^^^^^^^^^^^^^^^^^^^^^^^^^^^^^^^^^^^^^^^^^^^^^^^^^^^^^^^^^^^^^^^^^^
  File "/home/yuksal21/virtualenv/maestro.yuksalishbot.uz/3.12/lib/python3.12/site-packages/aiogram/dispatcher/router.py", line 161, in propagate_event
    return await observer.wrap_outer_middleware(_wrapped, event=event, data=kwargs)
           ^^^^^^^^^^^^^^^^^^^^^^^^^^^^^^^^^^^^^^^^^^^^^^^^^^^^^^^^^^^^^^^^^^^^^^^^
  File "/home/yuksal21/virtualenv/maestro.yuksalishbot.uz/3.12/lib/python3.12/site-packages/aiogram/dispatcher/router.py", line 153, in _wrapped
    return await self._propagate_event(
           ^^^^^^^^^^^^^^^^^^^^^^^^^^^^
  File "/home/yuksal21/virtualenv/maestro.yuksalishbot.uz/3.12/lib/python3.12/site-packages/aiogram/dispatcher/router.py", line 181, in _propagate_event
    response = await observer.trigger(event, **kwargs)
               ^^^^^^^^^^^^^^^^^^^^^^^^^^^^^^^^^^^^^^^
  File "/home/yuksal21/virtualenv/maestro.yuksalishbot.uz/3.12/lib/python3.12/site-packages/aiogram/dispatcher/event/telegram.py", line 126, in trigger
    return await wrapped_inner(event, kwargs)
           ^^^^^^^^^^^^^^^^^^^^^^^^^^^^^^^^^^
  File "/home/yuksal21/virtualenv/maestro.yuksalishbot.uz/3.12/lib/python3.12/site-packages/aiogram/dispatcher/event/handler.py", line 71, in call
    return await wrapped()
           ^^^^^^^^^^^^^^^
  File "/home/yuksal21/maestro.yuksalishbot.uz/bot.py", line 988, in booking_start_menu
    user = await ensure_registered_message(message)
           ^^^^^^^^^^^^^^^^^^^^^^^^^^^^^^^^^^^^^^^^
  File "/home/yuksal21/maestro.yuksalishbot.uz/bot.py", line 611, in ensure_registered_message
    user = await get_user_by_telegram_id(message.from_user.id)
           ^^^^^^^^^^^^^^^^^^^^^^^^^^^^^^^^^^^^^^^^^^^^^^^^^^^
  File "/home/yuksal21/maestro.yuksalishbot.uz/bot.py", line 544, in get_user_by_telegram_id
    return await session.scalar(select(db.User).where(db.User.telegram_id == telegram_id))
           ^^^^^^^^^^^^^^^^^^^^^^^^^^^^^^^^^^^^^^^^^^^^^^^^^^^^^^^^^^^^^^^^^^^^^^^^^^^^^^^
  File "/home/yuksal21/virtualenv/maestro.yuksalishbot.uz/3.12/lib64/python3.12/site-packages/sqlalchemy/ext/asyncio/session.py", line 505, in scalar
    return await greenlet_spawn(
           ^^^^^^^^^^^^^^^^^^^^^
  File "/home/yuksal21/virtualenv/maestro.yuksalishbot.uz/3.12/lib64/python3.12/site-packages/sqlalchemy/util/_concurrency_py3k.py", line 203, in greenlet_spawn
    result = context.switch(value)
             ^^^^^^^^^^^^^^^^^^^^^
  File "/home/yuksal21/virtualenv/maestro.yuksalishbot.uz/3.12/lib64/python3.12/site-packages/sqlalchemy/orm/session.py", line 2399, in scalar
    return self._execute_internal(
           ^^^^^^^^^^^^^^^^^^^^^^^
  File "/home/yuksal21/virtualenv/maestro.yuksalishbot.uz/3.12/lib64/python3.12/site-packages/sqlalchemy/orm/session.py", line 2249, in _execute_internal
    result: Result[Any] = compile_state_cls.orm_execute_statement(
                          ^^^^^^^^^^^^^^^^^^^^^^^^^^^^^^^^^^^^^^^^
  File "/home/yuksal21/virtualenv/maestro.yuksalishbot.uz/3.12/lib64/python3.12/site-packages/sqlalchemy/orm/context.py", line 306, in orm_execute_statement
    result = conn.execute(
             ^^^^^^^^^^^^^
  File "/home/yuksal21/virtualenv/maestro.yuksalishbot.uz/3.12/lib64/python3.12/site-packages/sqlalchemy/engine/base.py", line 1419, in execute
    return meth(
           ^^^^^
  File "/home/yuksal21/virtualenv/maestro.yuksalishbot.uz/3.12/lib64/python3.12/site-packages/sqlalchemy/sql/elements.py", line 527, in _execute_on_connection
    return connection._execute_clauseelement(
           ^^^^^^^^^^^^^^^^^^^^^^^^^^^^^^^^^^
  File "/home/yuksal21/virtualenv/maestro.yuksalishbot.uz/3.12/lib64/python3.12/site-packages/sqlalchemy/engine/base.py", line 1641, in _execute_clauseelement
    ret = self._execute_context(
          ^^^^^^^^^^^^^^^^^^^^^^
  File "/home/yuksal21/virtualenv/maestro.yuksalishbot.uz/3.12/lib64/python3.12/site-packages/sqlalchemy/engine/base.py", line 1846, in _execute_context
    return self._exec_single_context(
           ^^^^^^^^^^^^^^^^^^^^^^^^^^
  File "/home/yuksal21/virtualenv/maestro.yuksalishbot.uz/3.12/lib64/python3.12/site-packages/sqlalchemy/engine/base.py", line 1986, in _exec_single_context
    self._handle_dbapi_exception(
  File "/home/yuksal21/virtualenv/maestro.yuksalishbot.uz/3.12/lib64/python3.12/site-packages/sqlalchemy/engine/base.py", line 2363, in _handle_dbapi_exception
    raise sqlalchemy_exception.with_traceback(exc_info[2]) from e
  File "/home/yuksal21/virtualenv/maestro.yuksalishbot.uz/3.12/lib64/python3.12/site-packages/sqlalchemy/engine/base.py", line 1967, in _exec_single_context
    self.dialect.do_execute(
  File "/home/yuksal21/virtualenv/maestro.yuksalishbot.uz/3.12/lib64/python3.12/site-packages/sqlalchemy/engine/default.py", line 952, in do_execute
    cursor.execute(statement, parameters)
  File "/home/yuksal21/virtualenv/maestro.yuksalishbot.uz/3.12/lib64/python3.12/site-packages/sqlalchemy/connectors/asyncio.py", line 230, in execute
    self._adapt_connection._handle_exception(error)
  File "/home/yuksal21/virtualenv/maestro.yuksalishbot.uz/3.12/lib64/python3.12/site-packages/sqlalchemy/connectors/asyncio.py", line 368, in _handle_exception
    raise error.with_traceback(exc_info[2])
  File "/home/yuksal21/virtualenv/maestro.yuksalishbot.uz/3.12/lib64/python3.12/site-packages/sqlalchemy/connectors/asyncio.py", line 228, in execute
    return self.await_(self._execute_async(operation, parameters))
           ^^^^^^^^^^^^^^^^^^^^^^^^^^^^^^^^^^^^^^^^^^^^^^^^^^^^^^^
  File "/home/yuksal21/virtualenv/maestro.yuksalishbot.uz/3.12/lib64/python3.12/site-packages/sqlalchemy/util/_concurrency_py3k.py", line 132, in await_only
    return current.parent.switch(awaitable)  # type: ignore[no-any-return,attr-defined] # noqa: E501
           ^^^^^^^^^^^^^^^^^^^^^^^^^^^^^^^^
  File "/home/yuksal21/virtualenv/maestro.yuksalishbot.uz/3.12/lib64/python3.12/site-packages/sqlalchemy/util/_concurrency_py3k.py", line 196, in greenlet_spawn
    value = await result
            ^^^^^^^^^^^^
  File "/home/yuksal21/virtualenv/maestro.yuksalishbot.uz/3.12/lib64/python3.12/site-packages/sqlalchemy/connectors/asyncio.py", line 251, in _execute_async
    result = await self._cursor.execute(operation, parameters)
             ^^^^^^^^^^^^^^^^^^^^^^^^^^^^^^^^^^^^^^^^^^^^^^^^^
  File "/home/yuksal21/virtualenv/maestro.yuksalishbot.uz/3.12/lib/python3.12/site-packages/aiomysql/cursors.py", line 239, in execute
    await self._query(query)
  File "/home/yuksal21/virtualenv/maestro.yuksalishbot.uz/3.12/lib/python3.12/site-packages/aiomysql/cursors.py", line 457, in _query
    await conn.query(q)
  File "/home/yuksal21/virtualenv/maestro.yuksalishbot.uz/3.12/lib/python3.12/site-packages/aiomysql/connection.py", line 469, in query
    await self._read_query_result(unbuffered=unbuffered)
  File "/home/yuksal21/virtualenv/maestro.yuksalishbot.uz/3.12/lib/python3.12/site-packages/aiomysql/connection.py", line 683, in _read_query_result
    await result.read()
  File "/home/yuksal21/virtualenv/maestro.yuksalishbot.uz/3.12/lib/python3.12/site-packages/aiomysql/connection.py", line 1164, in read
    first_packet = await self.connection._read_packet()
                   ^^^^^^^^^^^^^^^^^^^^^^^^^^^^^^^^^^^^
  File "/home/yuksal21/virtualenv/maestro.yuksalishbot.uz/3.12/lib/python3.12/site-packages/aiomysql/connection.py", line 609, in _read_packet
    packet_header = await self._read_bytes(4)
                    ^^^^^^^^^^^^^^^^^^^^^^^^^
  File "/home/yuksal21/virtualenv/maestro.yuksalishbot.uz/3.12/lib/python3.12/site-packages/aiomysql/connection.py", line 661, in _read_bytes
    raise OperationalError(CR.CR_SERVER_LOST, msg) from e
sqlalchemy.exc.OperationalError: (pymysql.err.OperationalError) (2013, 'Lost connection to MySQL server during query')
[SQL: SELECT users.id, users.telegram_id, users.first_name, users.phone_number, users.language_code, users.role, users.subscription_until, users.is_active 
FROM users 
WHERE users.telegram_id = %s]
[parameters: (1069729475,)]
(Background on this error at: https://sqlalche.me/e/20/e3q8)
INFO:apscheduler.executors.default:Running job "check_reminders (trigger: cron[hour='*', minute='0'], next run at: 2026-03-14 00:00:00 +05)" (scheduled at 2026-03-13 23:00:00+05:00)
INFO:apscheduler.executors.default:Job "check_reminders (trigger: cron[hour='*', minute='0'], next run at: 2026-03-14 00:00:00 +05)" executed successfully
INFO:aiogram.event:Update id=863691816 is not handled. Duration 2 ms by bot id=8403442567
ERROR:aiogram.event:Cause exception while process update id=863691816 by bot id=8403442567
OperationalError: (pymysql.err.OperationalError) (2013, 'Lost connection to MySQL server during query')
[SQL: SELECT users.id, users.telegram_id, users.first_name, users.phone_number, users.language_code, users.role, users.subscription_until, users.is_active 
FROM users 
WHERE users.telegram_id = %s]
[parameters: (372688693,)]
(Background on this error at: https://sqlalche.me/e/20/e3q8)
Traceback (most recent call last):
  File "/home/yuksal21/virtualenv/maestro.yuksalishbot.uz/3.12/lib/python3.12/site-packages/aiomysql/connection.py", line 657, in _read_bytes
    data = await self._reader.readexactly(num_bytes)
           ^^^^^^^^^^^^^^^^^^^^^^^^^^^^^^^^^^^^^^^^^
  File "/opt/alt/python312/lib64/python3.12/asyncio/streams.py", line 750, in readexactly
    raise exceptions.IncompleteReadError(incomplete, n)
asyncio.exceptions.IncompleteReadError: 0 bytes read on a total of 4 expected bytes

The above exception was the direct cause of the following exception:

Traceback (most recent call last):
  File "/home/yuksal21/virtualenv/maestro.yuksalishbot.uz/3.12/lib64/python3.12/site-packages/sqlalchemy/engine/base.py", line 1967, in _exec_single_context
    self.dialect.do_execute(
  File "/home/yuksal21/virtualenv/maestro.yuksalishbot.uz/3.12/lib64/python3.12/site-packages/sqlalchemy/engine/default.py", line 952, in do_execute
    cursor.execute(statement, parameters)
  File "/home/yuksal21/virtualenv/maestro.yuksalishbot.uz/3.12/lib64/python3.12/site-packages/sqlalchemy/connectors/asyncio.py", line 230, in execute
    self._adapt_connection._handle_exception(error)
  File "/home/yuksal21/virtualenv/maestro.yuksalishbot.uz/3.12/lib64/python3.12/site-packages/sqlalchemy/connectors/asyncio.py", line 368, in _handle_exception
    raise error.with_traceback(exc_info[2])
  File "/home/yuksal21/virtualenv/maestro.yuksalishbot.uz/3.12/lib64/python3.12/site-packages/sqlalchemy/connectors/asyncio.py", line 228, in execute
    return self.await_(self._execute_async(operation, parameters))
           ^^^^^^^^^^^^^^^^^^^^^^^^^^^^^^^^^^^^^^^^^^^^^^^^^^^^^^^
  File "/home/yuksal21/virtualenv/maestro.yuksalishbot.uz/3.12/lib64/python3.12/site-packages/sqlalchemy/util/_concurrency_py3k.py", line 132, in await_only
    return current.parent.switch(awaitable)  # type: ignore[no-any-return,attr-defined] # noqa: E501
           ^^^^^^^^^^^^^^^^^^^^^^^^^^^^^^^^
  File "/home/yuksal21/virtualenv/maestro.yuksalishbot.uz/3.12/lib64/python3.12/site-packages/sqlalchemy/util/_concurrency_py3k.py", line 196, in greenlet_spawn
    value = await result
            ^^^^^^^^^^^^
  File "/home/yuksal21/virtualenv/maestro.yuksalishbot.uz/3.12/lib64/python3.12/site-packages/sqlalchemy/connectors/asyncio.py", line 251, in _execute_async
    result = await self._cursor.execute(operation, parameters)
             ^^^^^^^^^^^^^^^^^^^^^^^^^^^^^^^^^^^^^^^^^^^^^^^^^
  File "/home/yuksal21/virtualenv/maestro.yuksalishbot.uz/3.12/lib/python3.12/site-packages/aiomysql/cursors.py", line 239, in execute
    await self._query(query)
  File "/home/yuksal21/virtualenv/maestro.yuksalishbot.uz/3.12/lib/python3.12/site-packages/aiomysql/cursors.py", line 457, in _query
    await conn.query(q)
  File "/home/yuksal21/virtualenv/maestro.yuksalishbot.uz/3.12/lib/python3.12/site-packages/aiomysql/connection.py", line 469, in query
    await self._read_query_result(unbuffered=unbuffered)
  File "/home/yuksal21/virtualenv/maestro.yuksalishbot.uz/3.12/lib/python3.12/site-packages/aiomysql/connection.py", line 683, in _read_query_result
    await result.read()
  File "/home/yuksal21/virtualenv/maestro.yuksalishbot.uz/3.12/lib/python3.12/site-packages/aiomysql/connection.py", line 1164, in read
    first_packet = await self.connection._read_packet()
                   ^^^^^^^^^^^^^^^^^^^^^^^^^^^^^^^^^^^^
  File "/home/yuksal21/virtualenv/maestro.yuksalishbot.uz/3.12/lib/python3.12/site-packages/aiomysql/connection.py", line 609, in _read_packet
    packet_header = await self._read_bytes(4)
                    ^^^^^^^^^^^^^^^^^^^^^^^^^
  File "/home/yuksal21/virtualenv/maestro.yuksalishbot.uz/3.12/lib/python3.12/site-packages/aiomysql/connection.py", line 661, in _read_bytes
    raise OperationalError(CR.CR_SERVER_LOST, msg) from e
pymysql.err.OperationalError: (2013, 'Lost connection to MySQL server during query')

The above exception was the direct cause of the following exception:

Traceback (most recent call last):
  File "/home/yuksal21/virtualenv/maestro.yuksalishbot.uz/3.12/lib/python3.12/site-packages/aiogram/dispatcher/dispatcher.py", line 320, in _process_update
    response = await self.feed_update(bot, update, **kwargs)
               ^^^^^^^^^^^^^^^^^^^^^^^^^^^^^^^^^^^^^^^^^^^^^
  File "/home/yuksal21/virtualenv/maestro.yuksalishbot.uz/3.12/lib/python3.12/site-packages/aiogram/dispatcher/dispatcher.py", line 164, in feed_update
    response = await self.update.wrap_outer_middleware(
               ^^^^^^^^^^^^^^^^^^^^^^^^^^^^^^^^^^^^^^^^
  File "/home/yuksal21/virtualenv/maestro.yuksalishbot.uz/3.12/lib/python3.12/site-packages/aiogram/dispatcher/middlewares/error.py", line 27, in __call__
    return await handler(event, data)
           ^^^^^^^^^^^^^^^^^^^^^^^^^^
  File "/home/yuksal21/virtualenv/maestro.yuksalishbot.uz/3.12/lib/python3.12/site-packages/aiogram/dispatcher/middlewares/user_context.py", line 58, in __call__
    return await handler(event, data)
           ^^^^^^^^^^^^^^^^^^^^^^^^^^
  File "/home/yuksal21/virtualenv/maestro.yuksalishbot.uz/3.12/lib/python3.12/site-packages/aiogram/fsm/middleware.py", line 43, in __call__
    return await handler(event, data)
           ^^^^^^^^^^^^^^^^^^^^^^^^^^
  File "/home/yuksal21/virtualenv/maestro.yuksalishbot.uz/3.12/lib/python3.12/site-packages/aiogram/dispatcher/event/telegram.py", line 126, in trigger
    return await wrapped_inner(event, kwargs)
           ^^^^^^^^^^^^^^^^^^^^^^^^^^^^^^^^^^
  File "/home/yuksal21/virtualenv/maestro.yuksalishbot.uz/3.12/lib/python3.12/site-packages/aiogram/dispatcher/event/handler.py", line 71, in call
    return await wrapped()
           ^^^^^^^^^^^^^^^
  File "/home/yuksal21/virtualenv/maestro.yuksalishbot.uz/3.12/lib/python3.12/site-packages/aiogram/dispatcher/dispatcher.py", line 283, in _listen_update
    return await self.propagate_event(update_type=update_type, event=event, **kwargs)
           ^^^^^^^^^^^^^^^^^^^^^^^^^^^^^^^^^^^^^^^^^^^^^^^^^^^^^^^^^^^^^^^^^^^^^^^^^^
  File "/home/yuksal21/virtualenv/maestro.yuksalishbot.uz/3.12/lib/python3.12/site-packages/aiogram/dispatcher/router.py", line 161, in propagate_event
    return await observer.wrap_outer_middleware(_wrapped, event=event, data=kwargs)
           ^^^^^^^^^^^^^^^^^^^^^^^^^^^^^^^^^^^^^^^^^^^^^^^^^^^^^^^^^^^^^^^^^^^^^^^^
  File "/home/yuksal21/virtualenv/maestro.yuksalishbot.uz/3.12/lib/python3.12/site-packages/aiogram/dispatcher/router.py", line 153, in _wrapped
    return await self._propagate_event(
           ^^^^^^^^^^^^^^^^^^^^^^^^^^^^
  File "/home/yuksal21/virtualenv/maestro.yuksalishbot.uz/3.12/lib/python3.12/site-packages/aiogram/dispatcher/router.py", line 181, in _propagate_event
    response = await observer.trigger(event, **kwargs)
               ^^^^^^^^^^^^^^^^^^^^^^^^^^^^^^^^^^^^^^^
  File "/home/yuksal21/virtualenv/maestro.yuksalishbot.uz/3.12/lib/python3.12/site-packages/aiogram/dispatcher/event/telegram.py", line 126, in trigger
    return await wrapped_inner(event, kwargs)
           ^^^^^^^^^^^^^^^^^^^^^^^^^^^^^^^^^^
  File "/home/yuksal21/virtualenv/maestro.yuksalishbot.uz/3.12/lib/python3.12/site-packages/aiogram/dispatcher/event/handler.py", line 71, in call
    return await wrapped()
           ^^^^^^^^^^^^^^^
  File "/home/yuksal21/maestro.yuksalishbot.uz/bot.py", line 988, in booking_start_menu
    user = await ensure_registered_message(message)
           ^^^^^^^^^^^^^^^^^^^^^^^^^^^^^^^^^^^^^^^^
  File "/home/yuksal21/maestro.yuksalishbot.uz/bot.py", line 611, in ensure_registered_message
    user = await get_user_by_telegram_id(message.from_user.id)
           ^^^^^^^^^^^^^^^^^^^^^^^^^^^^^^^^^^^^^^^^^^^^^^^^^^^
  File "/home/yuksal21/maestro.yuksalishbot.uz/bot.py", line 544, in get_user_by_telegram_id
    return await session.scalar(select(db.User).where(db.User.telegram_id == telegram_id))
           ^^^^^^^^^^^^^^^^^^^^^^^^^^^^^^^^^^^^^^^^^^^^^^^^^^^^^^^^^^^^^^^^^^^^^^^^^^^^^^^
  File "/home/yuksal21/virtualenv/maestro.yuksalishbot.uz/3.12/lib64/python3.12/site-packages/sqlalchemy/ext/asyncio/session.py", line 505, in scalar
    return await greenlet_spawn(
           ^^^^^^^^^^^^^^^^^^^^^
  File "/home/yuksal21/virtualenv/maestro.yuksalishbot.uz/3.12/lib64/python3.12/site-packages/sqlalchemy/util/_concurrency_py3k.py", line 203, in greenlet_spawn
    result = context.switch(value)
             ^^^^^^^^^^^^^^^^^^^^^
  File "/home/yuksal21/virtualenv/maestro.yuksalishbot.uz/3.12/lib64/python3.12/site-packages/sqlalchemy/orm/session.py", line 2399, in scalar
    return self._execute_internal(
           ^^^^^^^^^^^^^^^^^^^^^^^
  File "/home/yuksal21/virtualenv/maestro.yuksalishbot.uz/3.12/lib64/python3.12/site-packages/sqlalchemy/orm/session.py", line 2249, in _execute_internal
    result: Result[Any] = compile_state_cls.orm_execute_statement(
                          ^^^^^^^^^^^^^^^^^^^^^^^^^^^^^^^^^^^^^^^^
  File "/home/yuksal21/virtualenv/maestro.yuksalishbot.uz/3.12/lib64/python3.12/site-packages/sqlalchemy/orm/context.py", line 306, in orm_execute_statement
    result = conn.execute(
             ^^^^^^^^^^^^^
  File "/home/yuksal21/virtualenv/maestro.yuksalishbot.uz/3.12/lib64/python3.12/site-packages/sqlalchemy/engine/base.py", line 1419, in execute
    return meth(
           ^^^^^
  File "/home/yuksal21/virtualenv/maestro.yuksalishbot.uz/3.12/lib64/python3.12/site-packages/sqlalchemy/sql/elements.py", line 527, in _execute_on_connection
    return connection._execute_clauseelement(
           ^^^^^^^^^^^^^^^^^^^^^^^^^^^^^^^^^^
  File "/home/yuksal21/virtualenv/maestro.yuksalishbot.uz/3.12/lib64/python3.12/site-packages/sqlalchemy/engine/base.py", line 1641, in _execute_clauseelement
    ret = self._execute_context(
          ^^^^^^^^^^^^^^^^^^^^^^
  File "/home/yuksal21/virtualenv/maestro.yuksalishbot.uz/3.12/lib64/python3.12/site-packages/sqlalchemy/engine/base.py", line 1846, in _execute_context
    return self._exec_single_context(
           ^^^^^^^^^^^^^^^^^^^^^^^^^^
  File "/home/yuksal21/virtualenv/maestro.yuksalishbot.uz/3.12/lib64/python3.12/site-packages/sqlalchemy/engine/base.py", line 1986, in _exec_single_context
    self._handle_dbapi_exception(
  File "/home/yuksal21/virtualenv/maestro.yuksalishbot.uz/3.12/lib64/python3.12/site-packages/sqlalchemy/engine/base.py", line 2363, in _handle_dbapi_exception
    raise sqlalchemy_exception.with_traceback(exc_info[2]) from e
  File "/home/yuksal21/virtualenv/maestro.yuksalishbot.uz/3.12/lib64/python3.12/site-packages/sqlalchemy/engine/base.py", line 1967, in _exec_single_context
    self.dialect.do_execute(
  File "/home/yuksal21/virtualenv/maestro.yuksalishbot.uz/3.12/lib64/python3.12/site-packages/sqlalchemy/engine/default.py", line 952, in do_execute
    cursor.execute(statement, parameters)
  File "/home/yuksal21/virtualenv/maestro.yuksalishbot.uz/3.12/lib64/python3.12/site-packages/sqlalchemy/connectors/asyncio.py", line 230, in execute
    self._adapt_connection._handle_exception(error)
  File "/home/yuksal21/virtualenv/maestro.yuksalishbot.uz/3.12/lib64/python3.12/site-packages/sqlalchemy/connectors/asyncio.py", line 368, in _handle_exception
    raise error.with_traceback(exc_info[2])
  File "/home/yuksal21/virtualenv/maestro.yuksalishbot.uz/3.12/lib64/python3.12/site-packages/sqlalchemy/connectors/asyncio.py", line 228, in execute
    return self.await_(self._execute_async(operation, parameters))
           ^^^^^^^^^^^^^^^^^^^^^^^^^^^^^^^^^^^^^^^^^^^^^^^^^^^^^^^
  File "/home/yuksal21/virtualenv/maestro.yuksalishbot.uz/3.12/lib64/python3.12/site-packages/sqlalchemy/util/_concurrency_py3k.py", line 132, in await_only
    return current.parent.switch(awaitable)  # type: ignore[no-any-return,attr-defined] # noqa: E501
           ^^^^^^^^^^^^^^^^^^^^^^^^^^^^^^^^
  File "/home/yuksal21/virtualenv/maestro.yuksalishbot.uz/3.12/lib64/python3.12/site-packages/sqlalchemy/util/_concurrency_py3k.py", line 196, in greenlet_spawn
    value = await result
            ^^^^^^^^^^^^
  File "/home/yuksal21/virtualenv/maestro.yuksalishbot.uz/3.12/lib64/python3.12/site-packages/sqlalchemy/connectors/asyncio.py", line 251, in _execute_async
    result = await self._cursor.execute(operation, parameters)
             ^^^^^^^^^^^^^^^^^^^^^^^^^^^^^^^^^^^^^^^^^^^^^^^^^
  File "/home/yuksal21/virtualenv/maestro.yuksalishbot.uz/3.12/lib/python3.12/site-packages/aiomysql/cursors.py", line 239, in execute
    await self._query(query)
  File "/home/yuksal21/virtualenv/maestro.yuksalishbot.uz/3.12/lib/python3.12/site-packages/aiomysql/cursors.py", line 457, in _query
    await conn.query(q)
  File "/home/yuksal21/virtualenv/maestro.yuksalishbot.uz/3.12/lib/python3.12/site-packages/aiomysql/connection.py", line 469, in query
    await self._read_query_result(unbuffered=unbuffered)
  File "/home/yuksal21/virtualenv/maestro.yuksalishbot.uz/3.12/lib/python3.12/site-packages/aiomysql/connection.py", line 683, in _read_query_result
    await result.read()
  File "/home/yuksal21/virtualenv/maestro.yuksalishbot.uz/3.12/lib/python3.12/site-packages/aiomysql/connection.py", line 1164, in read
    first_packet = await self.connection._read_packet()
                   ^^^^^^^^^^^^^^^^^^^^^^^^^^^^^^^^^^^^
  File "/home/yuksal21/virtualenv/maestro.yuksalishbot.uz/3.12/lib/python3.12/site-packages/aiomysql/connection.py", line 609, in _read_packet
    packet_header = await self._read_bytes(4)
                    ^^^^^^^^^^^^^^^^^^^^^^^^^
  File "/home/yuksal21/virtualenv/maestro.yuksalishbot.uz/3.12/lib/python3.12/site-packages/aiomysql/connection.py", line 661, in _read_bytes
    raise OperationalError(CR.CR_SERVER_LOST, msg) from e
sqlalchemy.exc.OperationalError: (pymysql.err.OperationalError) (2013, 'Lost connection to MySQL server during query')
[SQL: SELECT users.id, users.telegram_id, users.first_name, users.phone_number, users.language_code, users.role, users.subscription_until, users.is_active 
FROM users 
WHERE users.telegram_id = %s]
[parameters: (372688693,)]
(Background on this error at: https://sqlalche.me/e/20/e3q8)
INFO:aiogram.event:Update id=863691817 is handled. Duration 169 ms by bot id=8403442567
INFO:apscheduler.executors.default:Running job "check_reminders (trigger: cron[hour='*', minute='0'], next run at: 2026-03-14 01:00:00 +05)" (scheduled at 2026-03-14 00:00:00+05:00)
ERROR:apscheduler.executors.default:Job "check_reminders (trigger: cron[hour='*', minute='0'], next run at: 2026-03-14 01:00:00 +05)" raised an exception
Traceback (most recent call last):
  File "/home/yuksal21/virtualenv/maestro.yuksalishbot.uz/3.12/lib/python3.12/site-packages/aiomysql/connection.py", line 657, in _read_bytes
    data = await self._reader.readexactly(num_bytes)
           ^^^^^^^^^^^^^^^^^^^^^^^^^^^^^^^^^^^^^^^^^
  File "/opt/alt/python312/lib64/python3.12/asyncio/streams.py", line 750, in readexactly
    raise exceptions.IncompleteReadError(incomplete, n)
asyncio.exceptions.IncompleteReadError: 0 bytes read on a total of 4 expected bytes

The above exception was the direct cause of the following exception:

Traceback (most recent call last):
  File "/home/yuksal21/virtualenv/maestro.yuksalishbot.uz/3.12/lib64/python3.12/site-packages/sqlalchemy/engine/base.py", line 1967, in _exec_single_context
    self.dialect.do_execute(
  File "/home/yuksal21/virtualenv/maestro.yuksalishbot.uz/3.12/lib64/python3.12/site-packages/sqlalchemy/engine/default.py", line 952, in do_execute
    cursor.execute(statement, parameters)
  File "/home/yuksal21/virtualenv/maestro.yuksalishbot.uz/3.12/lib64/python3.12/site-packages/sqlalchemy/connectors/asyncio.py", line 230, in execute
    self._adapt_connection._handle_exception(error)
  File "/home/yuksal21/virtualenv/maestro.yuksalishbot.uz/3.12/lib64/python3.12/site-packages/sqlalchemy/connectors/asyncio.py", line 368, in _handle_exception
    raise error.with_traceback(exc_info[2])
  File "/home/yuksal21/virtualenv/maestro.yuksalishbot.uz/3.12/lib64/python3.12/site-packages/sqlalchemy/connectors/asyncio.py", line 228, in execute
    return self.await_(self._execute_async(operation, parameters))
           ^^^^^^^^^^^^^^^^^^^^^^^^^^^^^^^^^^^^^^^^^^^^^^^^^^^^^^^
  File "/home/yuksal21/virtualenv/maestro.yuksalishbot.uz/3.12/lib64/python3.12/site-packages/sqlalchemy/util/_concurrency_py3k.py", line 132, in await_only
    return current.parent.switch(awaitable)  # type: ignore[no-any-return,attr-defined] # noqa: E501
           ^^^^^^^^^^^^^^^^^^^^^^^^^^^^^^^^
  File "/home/yuksal21/virtualenv/maestro.yuksalishbot.uz/3.12/lib64/python3.12/site-packages/sqlalchemy/util/_concurrency_py3k.py", line 196, in greenlet_spawn
    value = await result
            ^^^^^^^^^^^^
  File "/home/yuksal21/virtualenv/maestro.yuksalishbot.uz/3.12/lib64/python3.12/site-packages/sqlalchemy/connectors/asyncio.py", line 251, in _execute_async
    result = await self._cursor.execute(operation, parameters)
             ^^^^^^^^^^^^^^^^^^^^^^^^^^^^^^^^^^^^^^^^^^^^^^^^^
  File "/home/yuksal21/virtualenv/maestro.yuksalishbot.uz/3.12/lib/python3.12/site-packages/aiomysql/cursors.py", line 239, in execute
    await self._query(query)
  File "/home/yuksal21/virtualenv/maestro.yuksalishbot.uz/3.12/lib/python3.12/site-packages/aiomysql/cursors.py", line 457, in _query
    await conn.query(q)
  File "/home/yuksal21/virtualenv/maestro.yuksalishbot.uz/3.12/lib/python3.12/site-packages/aiomysql/connection.py", line 469, in query
    await self._read_query_result(unbuffered=unbuffered)
  File "/home/yuksal21/virtualenv/maestro.yuksalishbot.uz/3.12/lib/python3.12/site-packages/aiomysql/connection.py", line 683, in _read_query_result
    await result.read()
  File "/home/yuksal21/virtualenv/maestro.yuksalishbot.uz/3.12/lib/python3.12/site-packages/aiomysql/connection.py", line 1164, in read
    first_packet = await self.connection._read_packet()
                   ^^^^^^^^^^^^^^^^^^^^^^^^^^^^^^^^^^^^
  File "/home/yuksal21/virtualenv/maestro.yuksalishbot.uz/3.12/lib/python3.12/site-packages/aiomysql/connection.py", line 609, in _read_packet
    packet_header = await self._read_bytes(4)
                    ^^^^^^^^^^^^^^^^^^^^^^^^^
  File "/home/yuksal21/virtualenv/maestro.yuksalishbot.uz/3.12/lib/python3.12/site-packages/aiomysql/connection.py", line 661, in _read_bytes
    raise OperationalError(CR.CR_SERVER_LOST, msg) from e
pymysql.err.OperationalError: (2013, 'Lost connection to MySQL server during query')

The above exception was the direct cause of the following exception:

Traceback (most recent call last):
  File "/home/yuksal21/virtualenv/maestro.yuksalishbot.uz/3.12/lib/python3.12/site-packages/apscheduler/executors/base.py", line 181, in run_coroutine_job
    retval = await job.func(*job.args, **job.kwargs)
             ^^^^^^^^^^^^^^^^^^^^^^^^^^^^^^^^^^^^^^^
  File "/home/yuksal21/maestro.yuksalishbot.uz/scheduler.py", line 25, in check_reminders
    bookings_to_remind = (await session.execute(query)).scalars().all()
                          ^^^^^^^^^^^^^^^^^^^^^^^^^^^^
  File "/home/yuksal21/virtualenv/maestro.yuksalishbot.uz/3.12/lib64/python3.12/site-packages/sqlalchemy/ext/asyncio/session.py", line 449, in execute
    result = await greenlet_spawn(
             ^^^^^^^^^^^^^^^^^^^^^
  File "/home/yuksal21/virtualenv/maestro.yuksalishbot.uz/3.12/lib64/python3.12/site-packages/sqlalchemy/util/_concurrency_py3k.py", line 203, in greenlet_spawn
    result = context.switch(value)
             ^^^^^^^^^^^^^^^^^^^^^
  File "/home/yuksal21/virtualenv/maestro.yuksalishbot.uz/3.12/lib64/python3.12/site-packages/sqlalchemy/orm/session.py", line 2351, in execute
    return self._execute_internal(
           ^^^^^^^^^^^^^^^^^^^^^^^
  File "/home/yuksal21/virtualenv/maestro.yuksalishbot.uz/3.12/lib64/python3.12/site-packages/sqlalchemy/orm/session.py", line 2249, in _execute_internal
    result: Result[Any] = compile_state_cls.orm_execute_statement(
                          ^^^^^^^^^^^^^^^^^^^^^^^^^^^^^^^^^^^^^^^^
  File "/home/yuksal21/virtualenv/maestro.yuksalishbot.uz/3.12/lib64/python3.12/site-packages/sqlalchemy/orm/context.py", line 306, in orm_execute_statement
    result = conn.execute(
             ^^^^^^^^^^^^^
  File "/home/yuksal21/virtualenv/maestro.yuksalishbot.uz/3.12/lib64/python3.12/site-packages/sqlalchemy/engine/base.py", line 1419, in execute
    return meth(
           ^^^^^
  File "/home/yuksal21/virtualenv/maestro.yuksalishbot.uz/3.12/lib64/python3.12/site-packages/sqlalchemy/sql/elements.py", line 527, in _execute_on_connection
    return connection._execute_clauseelement(
           ^^^^^^^^^^^^^^^^^^^^^^^^^^^^^^^^^^
  File "/home/yuksal21/virtualenv/maestro.yuksalishbot.uz/3.12/lib64/python3.12/site-packages/sqlalchemy/engine/base.py", line 1641, in _execute_clauseelement
    ret = self._execute_context(
          ^^^^^^^^^^^^^^^^^^^^^^
  File "/home/yuksal21/virtualenv/maestro.yuksalishbot.uz/3.12/lib64/python3.12/site-packages/sqlalchemy/engine/base.py", line 1846, in _execute_context
    return self._exec_single_context(
           ^^^^^^^^^^^^^^^^^^^^^^^^^^
  File "/home/yuksal21/virtualenv/maestro.yuksalishbot.uz/3.12/lib64/python3.12/site-packages/sqlalchemy/engine/base.py", line 1986, in _exec_single_context
    self._handle_dbapi_exception(
  File "/home/yuksal21/virtualenv/maestro.yuksalishbot.uz/3.12/lib64/python3.12/site-packages/sqlalchemy/engine/base.py", line 2363, in _handle_dbapi_exception
    raise sqlalchemy_exception.with_traceback(exc_info[2]) from e
  File "/home/yuksal21/virtualenv/maestro.yuksalishbot.uz/3.12/lib64/python3.12/site-packages/sqlalchemy/engine/base.py", line 1967, in _exec_single_context
    self.dialect.do_execute(
  File "/home/yuksal21/virtualenv/maestro.yuksalishbot.uz/3.12/lib64/python3.12/site-packages/sqlalchemy/engine/default.py", line 952, in do_execute
    cursor.execute(statement, parameters)
  File "/home/yuksal21/virtualenv/maestro.yuksalishbot.uz/3.12/lib64/python3.12/site-packages/sqlalchemy/connectors/asyncio.py", line 230, in execute
    self._adapt_connection._handle_exception(error)
  File "/home/yuksal21/virtualenv/maestro.yuksalishbot.uz/3.12/lib64/python3.12/site-packages/sqlalchemy/connectors/asyncio.py", line 368, in _handle_exception
    raise error.with_traceback(exc_info[2])
  File "/home/yuksal21/virtualenv/maestro.yuksalishbot.uz/3.12/lib64/python3.12/site-packages/sqlalchemy/connectors/asyncio.py", line 228, in execute
    return self.await_(self._execute_async(operation, parameters))
           ^^^^^^^^^^^^^^^^^^^^^^^^^^^^^^^^^^^^^^^^^^^^^^^^^^^^^^^
  File "/home/yuksal21/virtualenv/maestro.yuksalishbot.uz/3.12/lib64/python3.12/site-packages/sqlalchemy/util/_concurrency_py3k.py", line 132, in await_only
    return current.parent.switch(awaitable)  # type: ignore[no-any-return,attr-defined] # noqa: E501
           ^^^^^^^^^^^^^^^^^^^^^^^^^^^^^^^^
  File "/home/yuksal21/virtualenv/maestro.yuksalishbot.uz/3.12/lib64/python3.12/site-packages/sqlalchemy/util/_concurrency_py3k.py", line 196, in greenlet_spawn
    value = await result
            ^^^^^^^^^^^^
  File "/home/yuksal21/virtualenv/maestro.yuksalishbot.uz/3.12/lib64/python3.12/site-packages/sqlalchemy/connectors/asyncio.py", line 251, in _execute_async
    result = await self._cursor.execute(operation, parameters)
             ^^^^^^^^^^^^^^^^^^^^^^^^^^^^^^^^^^^^^^^^^^^^^^^^^
  File "/home/yuksal21/virtualenv/maestro.yuksalishbot.uz/3.12/lib/python3.12/site-packages/aiomysql/cursors.py", line 239, in execute
    await self._query(query)
  File "/home/yuksal21/virtualenv/maestro.yuksalishbot.uz/3.12/lib/python3.12/site-packages/aiomysql/cursors.py", line 457, in _query
    await conn.query(q)
  File "/home/yuksal21/virtualenv/maestro.yuksalishbot.uz/3.12/lib/python3.12/site-packages/aiomysql/connection.py", line 469, in query
    await self._read_query_result(unbuffered=unbuffered)
  File "/home/yuksal21/virtualenv/maestro.yuksalishbot.uz/3.12/lib/python3.12/site-packages/aiomysql/connection.py", line 683, in _read_query_result
    await result.read()
  File "/home/yuksal21/virtualenv/maestro.yuksalishbot.uz/3.12/lib/python3.12/site-packages/aiomysql/connection.py", line 1164, in read
    first_packet = await self.connection._read_packet()
                   ^^^^^^^^^^^^^^^^^^^^^^^^^^^^^^^^^^^^
  File "/home/yuksal21/virtualenv/maestro.yuksalishbot.uz/3.12/lib/python3.12/site-packages/aiomysql/connection.py", line 609, in _read_packet
    packet_header = await self._read_bytes(4)
                    ^^^^^^^^^^^^^^^^^^^^^^^^^
  File "/home/yuksal21/virtualenv/maestro.yuksalishbot.uz/3.12/lib/python3.12/site-packages/aiomysql/connection.py", line 661, in _read_bytes
    raise OperationalError(CR.CR_SERVER_LOST, msg) from e
sqlalchemy.exc.OperationalError: (pymysql.err.OperationalError) (2013, 'Lost connection to MySQL server during query')
[SQL: SELECT bookings.id, bookings.user_id, bookings.stylist_id, bookings.service_id, bookings.datetime, bookings.status, bookings.rating, bookings.review_text, users_1.id AS id_1, users_1.telegram_id, users_1.first_name, users_1.phone_number, users_1.language_code, users_1.role, users_1.subscription_until, users_1.is_active 
FROM bookings LEFT OUTER JOIN users AS users_1 ON users_1.id = bookings.user_id 
WHERE bookings.status = %s AND bookings.datetime >= %s AND bookings.datetime < %s]
[parameters: ('approved', '2026-03-15 00:00', '2026-03-15 01:00')]
(Background on this error at: https://sqlalche.me/e/20/e3q8)
INFO:apscheduler.executors.default:Running job "check_reminders (trigger: cron[hour='*', minute='0'], next run at: 2026-03-14 02:00:00 +05)" (scheduled at 2026-03-14 01:00:00+05:00)
INFO:apscheduler.executors.default:Job "check_reminders (trigger: cron[hour='*', minute='0'], next run at: 2026-03-14 02:00:00 +05)" executed successfully
INFO:apscheduler.executors.default:Running job "check_reminders (trigger: cron[hour='*', minute='0'], next run at: 2026-03-14 03:00:00 +05)" (scheduled at 2026-03-14 02:00:00+05:00)
INFO:apscheduler.executors.default:Job "check_reminders (trigger: cron[hour='*', minute='0'], next run at: 2026-03-14 03:00:00 +05)" executed successfully
INFO:apscheduler.executors.default:Running job "check_reminders (trigger: cron[hour='*', minute='0'], next run at: 2026-03-14 04:00:00 +05)" (scheduled at 2026-03-14 03:00:00+05:00)
ERROR:apscheduler.executors.default:Job "check_reminders (trigger: cron[hour='*', minute='0'], next run at: 2026-03-14 04:00:00 +05)" raised an exception
Traceback (most recent call last):
  File "/home/yuksal21/virtualenv/maestro.yuksalishbot.uz/3.12/lib/python3.12/site-packages/aiomysql/connection.py", line 657, in _read_bytes
    data = await self._reader.readexactly(num_bytes)
           ^^^^^^^^^^^^^^^^^^^^^^^^^^^^^^^^^^^^^^^^^
  File "/opt/alt/python312/lib64/python3.12/asyncio/streams.py", line 750, in readexactly
    raise exceptions.IncompleteReadError(incomplete, n)
asyncio.exceptions.IncompleteReadError: 0 bytes read on a total of 4 expected bytes

The above exception was the direct cause of the following exception:

Traceback (most recent call last):
  File "/home/yuksal21/virtualenv/maestro.yuksalishbot.uz/3.12/lib64/python3.12/site-packages/sqlalchemy/engine/base.py", line 1967, in _exec_single_context
    self.dialect.do_execute(
  File "/home/yuksal21/virtualenv/maestro.yuksalishbot.uz/3.12/lib64/python3.12/site-packages/sqlalchemy/engine/default.py", line 952, in do_execute
    cursor.execute(statement, parameters)
  File "/home/yuksal21/virtualenv/maestro.yuksalishbot.uz/3.12/lib64/python3.12/site-packages/sqlalchemy/connectors/asyncio.py", line 230, in execute
    self._adapt_connection._handle_exception(error)
  File "/home/yuksal21/virtualenv/maestro.yuksalishbot.uz/3.12/lib64/python3.12/site-packages/sqlalchemy/connectors/asyncio.py", line 368, in _handle_exception
    raise error.with_traceback(exc_info[2])
  File "/home/yuksal21/virtualenv/maestro.yuksalishbot.uz/3.12/lib64/python3.12/site-packages/sqlalchemy/connectors/asyncio.py", line 228, in execute
    return self.await_(self._execute_async(operation, parameters))
           ^^^^^^^^^^^^^^^^^^^^^^^^^^^^^^^^^^^^^^^^^^^^^^^^^^^^^^^
  File "/home/yuksal21/virtualenv/maestro.yuksalishbot.uz/3.12/lib64/python3.12/site-packages/sqlalchemy/util/_concurrency_py3k.py", line 132, in await_only
    return current.parent.switch(awaitable)  # type: ignore[no-any-return,attr-defined] # noqa: E501
           ^^^^^^^^^^^^^^^^^^^^^^^^^^^^^^^^
  File "/home/yuksal21/virtualenv/maestro.yuksalishbot.uz/3.12/lib64/python3.12/site-packages/sqlalchemy/util/_concurrency_py3k.py", line 196, in greenlet_spawn
    value = await result
            ^^^^^^^^^^^^
  File "/home/yuksal21/virtualenv/maestro.yuksalishbot.uz/3.12/lib64/python3.12/site-packages/sqlalchemy/connectors/asyncio.py", line 251, in _execute_async
    result = await self._cursor.execute(operation, parameters)
             ^^^^^^^^^^^^^^^^^^^^^^^^^^^^^^^^^^^^^^^^^^^^^^^^^
  File "/home/yuksal21/virtualenv/maestro.yuksalishbot.uz/3.12/lib/python3.12/site-packages/aiomysql/cursors.py", line 239, in execute
    await self._query(query)
  File "/home/yuksal21/virtualenv/maestro.yuksalishbot.uz/3.12/lib/python3.12/site-packages/aiomysql/cursors.py", line 457, in _query
    await conn.query(q)
  File "/home/yuksal21/virtualenv/maestro.yuksalishbot.uz/3.12/lib/python3.12/site-packages/aiomysql/connection.py", line 469, in query
    await self._read_query_result(unbuffered=unbuffered)
  File "/home/yuksal21/virtualenv/maestro.yuksalishbot.uz/3.12/lib/python3.12/site-packages/aiomysql/connection.py", line 683, in _read_query_result
    await result.read()
  File "/home/yuksal21/virtualenv/maestro.yuksalishbot.uz/3.12/lib/python3.12/site-packages/aiomysql/connection.py", line 1164, in read
    first_packet = await self.connection._read_packet()
                   ^^^^^^^^^^^^^^^^^^^^^^^^^^^^^^^^^^^^
  File "/home/yuksal21/virtualenv/maestro.yuksalishbot.uz/3.12/lib/python3.12/site-packages/aiomysql/connection.py", line 609, in _read_packet
    packet_header = await self._read_bytes(4)
                    ^^^^^^^^^^^^^^^^^^^^^^^^^
  File "/home/yuksal21/virtualenv/maestro.yuksalishbot.uz/3.12/lib/python3.12/site-packages/aiomysql/connection.py", line 661, in _read_bytes
    raise OperationalError(CR.CR_SERVER_LOST, msg) from e
pymysql.err.OperationalError: (2013, 'Lost connection to MySQL server during query')

The above exception was the direct cause of the following exception:

Traceback (most recent call last):
  File "/home/yuksal21/virtualenv/maestro.yuksalishbot.uz/3.12/lib/python3.12/site-packages/apscheduler/executors/base.py", line 181, in run_coroutine_job
    retval = await job.func(*job.args, **job.kwargs)
             ^^^^^^^^^^^^^^^^^^^^^^^^^^^^^^^^^^^^^^^
  File "/home/yuksal21/maestro.yuksalishbot.uz/scheduler.py", line 25, in check_reminders
    bookings_to_remind = (await session.execute(query)).scalars().all()
                          ^^^^^^^^^^^^^^^^^^^^^^^^^^^^
  File "/home/yuksal21/virtualenv/maestro.yuksalishbot.uz/3.12/lib64/python3.12/site-packages/sqlalchemy/ext/asyncio/session.py", line 449, in execute
    result = await greenlet_spawn(
             ^^^^^^^^^^^^^^^^^^^^^
  File "/home/yuksal21/virtualenv/maestro.yuksalishbot.uz/3.12/lib64/python3.12/site-packages/sqlalchemy/util/_concurrency_py3k.py", line 203, in greenlet_spawn
    result = context.switch(value)
             ^^^^^^^^^^^^^^^^^^^^^
  File "/home/yuksal21/virtualenv/maestro.yuksalishbot.uz/3.12/lib64/python3.12/site-packages/sqlalchemy/orm/session.py", line 2351, in execute
    return self._execute_internal(
           ^^^^^^^^^^^^^^^^^^^^^^^
  File "/home/yuksal21/virtualenv/maestro.yuksalishbot.uz/3.12/lib64/python3.12/site-packages/sqlalchemy/orm/session.py", line 2249, in _execute_internal
    result: Result[Any] = compile_state_cls.orm_execute_statement(
                          ^^^^^^^^^^^^^^^^^^^^^^^^^^^^^^^^^^^^^^^^
  File "/home/yuksal21/virtualenv/maestro.yuksalishbot.uz/3.12/lib64/python3.12/site-packages/sqlalchemy/orm/context.py", line 306, in orm_execute_statement
    result = conn.execute(
             ^^^^^^^^^^^^^
  File "/home/yuksal21/virtualenv/maestro.yuksalishbot.uz/3.12/lib64/python3.12/site-packages/sqlalchemy/engine/base.py", line 1419, in execute
    return meth(
           ^^^^^
  File "/home/yuksal21/virtualenv/maestro.yuksalishbot.uz/3.12/lib64/python3.12/site-packages/sqlalchemy/sql/elements.py", line 527, in _execute_on_connection
    return connection._execute_clauseelement(
           ^^^^^^^^^^^^^^^^^^^^^^^^^^^^^^^^^^
  File "/home/yuksal21/virtualenv/maestro.yuksalishbot.uz/3.12/lib64/python3.12/site-packages/sqlalchemy/engine/base.py", line 1641, in _execute_clauseelement
    ret = self._execute_context(
          ^^^^^^^^^^^^^^^^^^^^^^
  File "/home/yuksal21/virtualenv/maestro.yuksalishbot.uz/3.12/lib64/python3.12/site-packages/sqlalchemy/engine/base.py", line 1846, in _execute_context
    return self._exec_single_context(
           ^^^^^^^^^^^^^^^^^^^^^^^^^^
  File "/home/yuksal21/virtualenv/maestro.yuksalishbot.uz/3.12/lib64/python3.12/site-packages/sqlalchemy/engine/base.py", line 1986, in _exec_single_context
    self._handle_dbapi_exception(
  File "/home/yuksal21/virtualenv/maestro.yuksalishbot.uz/3.12/lib64/python3.12/site-packages/sqlalchemy/engine/base.py", line 2363, in _handle_dbapi_exception
    raise sqlalchemy_exception.with_traceback(exc_info[2]) from e
  File "/home/yuksal21/virtualenv/maestro.yuksalishbot.uz/3.12/lib64/python3.12/site-packages/sqlalchemy/engine/base.py", line 1967, in _exec_single_context
    self.dialect.do_execute(
  File "/home/yuksal21/virtualenv/maestro.yuksalishbot.uz/3.12/lib64/python3.12/site-packages/sqlalchemy/engine/default.py", line 952, in do_execute
    cursor.execute(statement, parameters)
  File "/home/yuksal21/virtualenv/maestro.yuksalishbot.uz/3.12/lib64/python3.12/site-packages/sqlalchemy/connectors/asyncio.py", line 230, in execute
    self._adapt_connection._handle_exception(error)
  File "/home/yuksal21/virtualenv/maestro.yuksalishbot.uz/3.12/lib64/python3.12/site-packages/sqlalchemy/connectors/asyncio.py", line 368, in _handle_exception
    raise error.with_traceback(exc_info[2])
  File "/home/yuksal21/virtualenv/maestro.yuksalishbot.uz/3.12/lib64/python3.12/site-packages/sqlalchemy/connectors/asyncio.py", line 228, in execute
    return self.await_(self._execute_async(operation, parameters))
           ^^^^^^^^^^^^^^^^^^^^^^^^^^^^^^^^^^^^^^^^^^^^^^^^^^^^^^^
  File "/home/yuksal21/virtualenv/maestro.yuksalishbot.uz/3.12/lib64/python3.12/site-packages/sqlalchemy/util/_concurrency_py3k.py", line 132, in await_only
    return current.parent.switch(awaitable)  # type: ignore[no-any-return,attr-defined] # noqa: E501
           ^^^^^^^^^^^^^^^^^^^^^^^^^^^^^^^^
  File "/home/yuksal21/virtualenv/maestro.yuksalishbot.uz/3.12/lib64/python3.12/site-packages/sqlalchemy/util/_concurrency_py3k.py", line 196, in greenlet_spawn
    value = await result
            ^^^^^^^^^^^^
  File "/home/yuksal21/virtualenv/maestro.yuksalishbot.uz/3.12/lib64/python3.12/site-packages/sqlalchemy/connectors/asyncio.py", line 251, in _execute_async
    result = await self._cursor.execute(operation, parameters)
             ^^^^^^^^^^^^^^^^^^^^^^^^^^^^^^^^^^^^^^^^^^^^^^^^^
  File "/home/yuksal21/virtualenv/maestro.yuksalishbot.uz/3.12/lib/python3.12/site-packages/aiomysql/cursors.py", line 239, in execute
    await self._query(query)
  File "/home/yuksal21/virtualenv/maestro.yuksalishbot.uz/3.12/lib/python3.12/site-packages/aiomysql/cursors.py", line 457, in _query
    await conn.query(q)
  File "/home/yuksal21/virtualenv/maestro.yuksalishbot.uz/3.12/lib/python3.12/site-packages/aiomysql/connection.py", line 469, in query
    await self._read_query_result(unbuffered=unbuffered)
  File "/home/yuksal21/virtualenv/maestro.yuksalishbot.uz/3.12/lib/python3.12/site-packages/aiomysql/connection.py", line 683, in _read_query_result
    await result.read()
  File "/home/yuksal21/virtualenv/maestro.yuksalishbot.uz/3.12/lib/python3.12/site-packages/aiomysql/connection.py", line 1164, in read
    first_packet = await self.connection._read_packet()
                   ^^^^^^^^^^^^^^^^^^^^^^^^^^^^^^^^^^^^
  File "/home/yuksal21/virtualenv/maestro.yuksalishbot.uz/3.12/lib/python3.12/site-packages/aiomysql/connection.py", line 609, in _read_packet
    packet_header = await self._read_bytes(4)
                    ^^^^^^^^^^^^^^^^^^^^^^^^^
  File "/home/yuksal21/virtualenv/maestro.yuksalishbot.uz/3.12/lib/python3.12/site-packages/aiomysql/connection.py", line 661, in _read_bytes
    raise OperationalError(CR.CR_SERVER_LOST, msg) from e
sqlalchemy.exc.OperationalError: (pymysql.err.OperationalError) (2013, 'Lost connection to MySQL server during query')
[SQL: SELECT bookings.id, bookings.user_id, bookings.stylist_id, bookings.service_id, bookings.datetime, bookings.status, bookings.rating, bookings.review_text, users_1.id AS id_1, users_1.telegram_id, users_1.first_name, users_1.phone_number, users_1.language_code, users_1.role, users_1.subscription_until, users_1.is_active 
FROM bookings LEFT OUTER JOIN users AS users_1 ON users_1.id = bookings.user_id 
WHERE bookings.status = %s AND bookings.datetime >= %s AND bookings.datetime < %s]
[parameters: ('approved', '2026-03-15 03:00', '2026-03-15 04:00')]
(Background on this error at: https://sqlalche.me/e/20/e3q8)
INFO:apscheduler.executors.default:Running job "check_reminders (trigger: cron[hour='*', minute='0'], next run at: 2026-03-14 05:00:00 +05)" (scheduled at 2026-03-14 04:00:00+05:00)
INFO:apscheduler.executors.default:Job "check_reminders (trigger: cron[hour='*', minute='0'], next run at: 2026-03-14 05:00:00 +05)" executed successfully
INFO:apscheduler.executors.default:Running job "check_reminders (trigger: cron[hour='*', minute='0'], next run at: 2026-03-14 06:00:00 +05)" (scheduled at 2026-03-14 05:00:00+05:00)
ERROR:apscheduler.executors.default:Job "check_reminders (trigger: cron[hour='*', minute='0'], next run at: 2026-03-14 06:00:00 +05)" raised an exception
Traceback (most recent call last):
  File "/home/yuksal21/virtualenv/maestro.yuksalishbot.uz/3.12/lib/python3.12/site-packages/aiomysql/connection.py", line 657, in _read_bytes
    data = await self._reader.readexactly(num_bytes)
           ^^^^^^^^^^^^^^^^^^^^^^^^^^^^^^^^^^^^^^^^^
  File "/opt/alt/python312/lib64/python3.12/asyncio/streams.py", line 750, in readexactly
    raise exceptions.IncompleteReadError(incomplete, n)
asyncio.exceptions.IncompleteReadError: 0 bytes read on a total of 4 expected bytes

The above exception was the direct cause of the following exception:

Traceback (most recent call last):
  File "/home/yuksal21/virtualenv/maestro.yuksalishbot.uz/3.12/lib64/python3.12/site-packages/sqlalchemy/engine/base.py", line 1967, in _exec_single_context
    self.dialect.do_execute(
  File "/home/yuksal21/virtualenv/maestro.yuksalishbot.uz/3.12/lib64/python3.12/site-packages/sqlalchemy/engine/default.py", line 952, in do_execute
    cursor.execute(statement, parameters)
  File "/home/yuksal21/virtualenv/maestro.yuksalishbot.uz/3.12/lib64/python3.12/site-packages/sqlalchemy/connectors/asyncio.py", line 230, in execute
    self._adapt_connection._handle_exception(error)
  File "/home/yuksal21/virtualenv/maestro.yuksalishbot.uz/3.12/lib64/python3.12/site-packages/sqlalchemy/connectors/asyncio.py", line 368, in _handle_exception
    raise error.with_traceback(exc_info[2])
  File "/home/yuksal21/virtualenv/maestro.yuksalishbot.uz/3.12/lib64/python3.12/site-packages/sqlalchemy/connectors/asyncio.py", line 228, in execute
    return self.await_(self._execute_async(operation, parameters))
           ^^^^^^^^^^^^^^^^^^^^^^^^^^^^^^^^^^^^^^^^^^^^^^^^^^^^^^^
  File "/home/yuksal21/virtualenv/maestro.yuksalishbot.uz/3.12/lib64/python3.12/site-packages/sqlalchemy/util/_concurrency_py3k.py", line 132, in await_only
    return current.parent.switch(awaitable)  # type: ignore[no-any-return,attr-defined] # noqa: E501
           ^^^^^^^^^^^^^^^^^^^^^^^^^^^^^^^^
  File "/home/yuksal21/virtualenv/maestro.yuksalishbot.uz/3.12/lib64/python3.12/site-packages/sqlalchemy/util/_concurrency_py3k.py", line 196, in greenlet_spawn
    value = await result
            ^^^^^^^^^^^^
  File "/home/yuksal21/virtualenv/maestro.yuksalishbot.uz/3.12/lib64/python3.12/site-packages/sqlalchemy/connectors/asyncio.py", line 251, in _execute_async
    result = await self._cursor.execute(operation, parameters)
             ^^^^^^^^^^^^^^^^^^^^^^^^^^^^^^^^^^^^^^^^^^^^^^^^^
  File "/home/yuksal21/virtualenv/maestro.yuksalishbot.uz/3.12/lib/python3.12/site-packages/aiomysql/cursors.py", line 239, in execute
    await self._query(query)
  File "/home/yuksal21/virtualenv/maestro.yuksalishbot.uz/3.12/lib/python3.12/site-packages/aiomysql/cursors.py", line 457, in _query
    await conn.query(q)
  File "/home/yuksal21/virtualenv/maestro.yuksalishbot.uz/3.12/lib/python3.12/site-packages/aiomysql/connection.py", line 469, in query
    await self._read_query_result(unbuffered=unbuffered)
  File "/home/yuksal21/virtualenv/maestro.yuksalishbot.uz/3.12/lib/python3.12/site-packages/aiomysql/connection.py", line 683, in _read_query_result
    await result.read()
  File "/home/yuksal21/virtualenv/maestro.yuksalishbot.uz/3.12/lib/python3.12/site-packages/aiomysql/connection.py", line 1164, in read
    first_packet = await self.connection._read_packet()
                   ^^^^^^^^^^^^^^^^^^^^^^^^^^^^^^^^^^^^
  File "/home/yuksal21/virtualenv/maestro.yuksalishbot.uz/3.12/lib/python3.12/site-packages/aiomysql/connection.py", line 609, in _read_packet
    packet_header = await self._read_bytes(4)
                    ^^^^^^^^^^^^^^^^^^^^^^^^^
  File "/home/yuksal21/virtualenv/maestro.yuksalishbot.uz/3.12/lib/python3.12/site-packages/aiomysql/connection.py", line 661, in _read_bytes
    raise OperationalError(CR.CR_SERVER_LOST, msg) from e
pymysql.err.OperationalError: (2013, 'Lost connection to MySQL server during query')

The above exception was the direct cause of the following exception:

Traceback (most recent call last):
  File "/home/yuksal21/virtualenv/maestro.yuksalishbot.uz/3.12/lib/python3.12/site-packages/apscheduler/executors/base.py", line 181, in run_coroutine_job
    retval = await job.func(*job.args, **job.kwargs)
             ^^^^^^^^^^^^^^^^^^^^^^^^^^^^^^^^^^^^^^^
  File "/home/yuksal21/maestro.yuksalishbot.uz/scheduler.py", line 25, in check_reminders
    bookings_to_remind = (await session.execute(query)).scalars().all()
                          ^^^^^^^^^^^^^^^^^^^^^^^^^^^^
  File "/home/yuksal21/virtualenv/maestro.yuksalishbot.uz/3.12/lib64/python3.12/site-packages/sqlalchemy/ext/asyncio/session.py", line 449, in execute
    result = await greenlet_spawn(
             ^^^^^^^^^^^^^^^^^^^^^
  File "/home/yuksal21/virtualenv/maestro.yuksalishbot.uz/3.12/lib64/python3.12/site-packages/sqlalchemy/util/_concurrency_py3k.py", line 203, in greenlet_spawn
    result = context.switch(value)
             ^^^^^^^^^^^^^^^^^^^^^
  File "/home/yuksal21/virtualenv/maestro.yuksalishbot.uz/3.12/lib64/python3.12/site-packages/sqlalchemy/orm/session.py", line 2351, in execute
    return self._execute_internal(
           ^^^^^^^^^^^^^^^^^^^^^^^
  File "/home/yuksal21/virtualenv/maestro.yuksalishbot.uz/3.12/lib64/python3.12/site-packages/sqlalchemy/orm/session.py", line 2249, in _execute_internal
    result: Result[Any] = compile_state_cls.orm_execute_statement(
                          ^^^^^^^^^^^^^^^^^^^^^^^^^^^^^^^^^^^^^^^^
  File "/home/yuksal21/virtualenv/maestro.yuksalishbot.uz/3.12/lib64/python3.12/site-packages/sqlalchemy/orm/context.py", line 306, in orm_execute_statement
    result = conn.execute(
             ^^^^^^^^^^^^^
  File "/home/yuksal21/virtualenv/maestro.yuksalishbot.uz/3.12/lib64/python3.12/site-packages/sqlalchemy/engine/base.py", line 1419, in execute
    return meth(
           ^^^^^
  File "/home/yuksal21/virtualenv/maestro.yuksalishbot.uz/3.12/lib64/python3.12/site-packages/sqlalchemy/sql/elements.py", line 527, in _execute_on_connection
    return connection._execute_clauseelement(
           ^^^^^^^^^^^^^^^^^^^^^^^^^^^^^^^^^^
  File "/home/yuksal21/virtualenv/maestro.yuksalishbot.uz/3.12/lib64/python3.12/site-packages/sqlalchemy/engine/base.py", line 1641, in _execute_clauseelement
    ret = self._execute_context(
          ^^^^^^^^^^^^^^^^^^^^^^
  File "/home/yuksal21/virtualenv/maestro.yuksalishbot.uz/3.12/lib64/python3.12/site-packages/sqlalchemy/engine/base.py", line 1846, in _execute_context
    return self._exec_single_context(
           ^^^^^^^^^^^^^^^^^^^^^^^^^^
  File "/home/yuksal21/virtualenv/maestro.yuksalishbot.uz/3.12/lib64/python3.12/site-packages/sqlalchemy/engine/base.py", line 1986, in _exec_single_context
    self._handle_dbapi_exception(
  File "/home/yuksal21/virtualenv/maestro.yuksalishbot.uz/3.12/lib64/python3.12/site-packages/sqlalchemy/engine/base.py", line 2363, in _handle_dbapi_exception
    raise sqlalchemy_exception.with_traceback(exc_info[2]) from e
  File "/home/yuksal21/virtualenv/maestro.yuksalishbot.uz/3.12/lib64/python3.12/site-packages/sqlalchemy/engine/base.py", line 1967, in _exec_single_context
    self.dialect.do_execute(
  File "/home/yuksal21/virtualenv/maestro.yuksalishbot.uz/3.12/lib64/python3.12/site-packages/sqlalchemy/engine/default.py", line 952, in do_execute
    cursor.execute(statement, parameters)
  File "/home/yuksal21/virtualenv/maestro.yuksalishbot.uz/3.12/lib64/python3.12/site-packages/sqlalchemy/connectors/asyncio.py", line 230, in execute
    self._adapt_connection._handle_exception(error)
  File "/home/yuksal21/virtualenv/maestro.yuksalishbot.uz/3.12/lib64/python3.12/site-packages/sqlalchemy/connectors/asyncio.py", line 368, in _handle_exception
    raise error.with_traceback(exc_info[2])
  File "/home/yuksal21/virtualenv/maestro.yuksalishbot.uz/3.12/lib64/python3.12/site-packages/sqlalchemy/connectors/asyncio.py", line 228, in execute
    return self.await_(self._execute_async(operation, parameters))
           ^^^^^^^^^^^^^^^^^^^^^^^^^^^^^^^^^^^^^^^^^^^^^^^^^^^^^^^
  File "/home/yuksal21/virtualenv/maestro.yuksalishbot.uz/3.12/lib64/python3.12/site-packages/sqlalchemy/util/_concurrency_py3k.py", line 132, in await_only
    return current.parent.switch(awaitable)  # type: ignore[no-any-return,attr-defined] # noqa: E501
           ^^^^^^^^^^^^^^^^^^^^^^^^^^^^^^^^
  File "/home/yuksal21/virtualenv/maestro.yuksalishbot.uz/3.12/lib64/python3.12/site-packages/sqlalchemy/util/_concurrency_py3k.py", line 196, in greenlet_spawn
    value = await result
            ^^^^^^^^^^^^
  File "/home/yuksal21/virtualenv/maestro.yuksalishbot.uz/3.12/lib64/python3.12/site-packages/sqlalchemy/connectors/asyncio.py", line 251, in _execute_async
    result = await self._cursor.execute(operation, parameters)
             ^^^^^^^^^^^^^^^^^^^^^^^^^^^^^^^^^^^^^^^^^^^^^^^^^
  File "/home/yuksal21/virtualenv/maestro.yuksalishbot.uz/3.12/lib/python3.12/site-packages/aiomysql/cursors.py", line 239, in execute
    await self._query(query)
  File "/home/yuksal21/virtualenv/maestro.yuksalishbot.uz/3.12/lib/python3.12/site-packages/aiomysql/cursors.py", line 457, in _query
    await conn.query(q)
  File "/home/yuksal21/virtualenv/maestro.yuksalishbot.uz/3.12/lib/python3.12/site-packages/aiomysql/connection.py", line 469, in query
    await self._read_query_result(unbuffered=unbuffered)
  File "/home/yuksal21/virtualenv/maestro.yuksalishbot.uz/3.12/lib/python3.12/site-packages/aiomysql/connection.py", line 683, in _read_query_result
    await result.read()
  File "/home/yuksal21/virtualenv/maestro.yuksalishbot.uz/3.12/lib/python3.12/site-packages/aiomysql/connection.py", line 1164, in read
    first_packet = await self.connection._read_packet()
                   ^^^^^^^^^^^^^^^^^^^^^^^^^^^^^^^^^^^^
  File "/home/yuksal21/virtualenv/maestro.yuksalishbot.uz/3.12/lib/python3.12/site-packages/aiomysql/connection.py", line 609, in _read_packet
    packet_header = await self._read_bytes(4)
                    ^^^^^^^^^^^^^^^^^^^^^^^^^
  File "/home/yuksal21/virtualenv/maestro.yuksalishbot.uz/3.12/lib/python3.12/site-packages/aiomysql/connection.py", line 661, in _read_bytes
    raise OperationalError(CR.CR_SERVER_LOST, msg) from e
sqlalchemy.exc.OperationalError: (pymysql.err.OperationalError) (2013, 'Lost connection to MySQL server during query')
[SQL: SELECT bookings.id, bookings.user_id, bookings.stylist_id, bookings.service_id, bookings.datetime, bookings.status, bookings.rating, bookings.review_text, users_1.id AS id_1, users_1.telegram_id, users_1.first_name, users_1.phone_number, users_1.language_code, users_1.role, users_1.subscription_until, users_1.is_active 
FROM bookings LEFT OUTER JOIN users AS users_1 ON users_1.id = bookings.user_id 
WHERE bookings.status = %s AND bookings.datetime >= %s AND bookings.datetime < %s]
[parameters: ('approved', '2026-03-15 05:00', '2026-03-15 06:00')]
(Background on this error at: https://sqlalche.me/e/20/e3q8)
INFO:aiogram.event:Update id=863691818 is handled. Duration 322 ms by bot id=8403442567
INFO:aiogram.event:Update id=863691819 is handled. Duration 120 ms by bot id=8403442567
INFO:aiogram.event:Update id=863691820 is handled. Duration 119 ms by bot id=8403442567
INFO:aiogram.event:Update id=863691821 is not handled. Duration 1 ms by bot id=8403442567
ERROR:aiogram.event:Cause exception while process update id=863691821 by bot id=8403442567
OperationalError: (pymysql.err.OperationalError) (2013, 'Lost connection to MySQL server during query')
[SQL: SELECT users.id, users.telegram_id, users.first_name, users.phone_number, users.language_code, users.role, users.subscription_until, users.is_active 
FROM users 
WHERE users.telegram_id = %s]
[parameters: (372688693,)]
(Background on this error at: https://sqlalche.me/e/20/e3q8)
Traceback (most recent call last):
  File "/home/yuksal21/virtualenv/maestro.yuksalishbot.uz/3.12/lib/python3.12/site-packages/aiomysql/connection.py", line 657, in _read_bytes
    data = await self._reader.readexactly(num_bytes)
           ^^^^^^^^^^^^^^^^^^^^^^^^^^^^^^^^^^^^^^^^^
  File "/opt/alt/python312/lib64/python3.12/asyncio/streams.py", line 750, in readexactly
    raise exceptions.IncompleteReadError(incomplete, n)
asyncio.exceptions.IncompleteReadError: 0 bytes read on a total of 4 expected bytes

The above exception was the direct cause of the following exception:

Traceback (most recent call last):
  File "/home/yuksal21/virtualenv/maestro.yuksalishbot.uz/3.12/lib64/python3.12/site-packages/sqlalchemy/engine/base.py", line 1967, in _exec_single_context
    self.dialect.do_execute(
  File "/home/yuksal21/virtualenv/maestro.yuksalishbot.uz/3.12/lib64/python3.12/site-packages/sqlalchemy/engine/default.py", line 952, in do_execute
    cursor.execute(statement, parameters)
  File "/home/yuksal21/virtualenv/maestro.yuksalishbot.uz/3.12/lib64/python3.12/site-packages/sqlalchemy/connectors/asyncio.py", line 230, in execute
    self._adapt_connection._handle_exception(error)
  File "/home/yuksal21/virtualenv/maestro.yuksalishbot.uz/3.12/lib64/python3.12/site-packages/sqlalchemy/connectors/asyncio.py", line 368, in _handle_exception
    raise error.with_traceback(exc_info[2])
  File "/home/yuksal21/virtualenv/maestro.yuksalishbot.uz/3.12/lib64/python3.12/site-packages/sqlalchemy/connectors/asyncio.py", line 228, in execute
    return self.await_(self._execute_async(operation, parameters))
           ^^^^^^^^^^^^^^^^^^^^^^^^^^^^^^^^^^^^^^^^^^^^^^^^^^^^^^^
  File "/home/yuksal21/virtualenv/maestro.yuksalishbot.uz/3.12/lib64/python3.12/site-packages/sqlalchemy/util/_concurrency_py3k.py", line 132, in await_only
    return current.parent.switch(awaitable)  # type: ignore[no-any-return,attr-defined] # noqa: E501
           ^^^^^^^^^^^^^^^^^^^^^^^^^^^^^^^^
  File "/home/yuksal21/virtualenv/maestro.yuksalishbot.uz/3.12/lib64/python3.12/site-packages/sqlalchemy/util/_concurrency_py3k.py", line 196, in greenlet_spawn
    value = await result
            ^^^^^^^^^^^^
  File "/home/yuksal21/virtualenv/maestro.yuksalishbot.uz/3.12/lib64/python3.12/site-packages/sqlalchemy/connectors/asyncio.py", line 251, in _execute_async
    result = await self._cursor.execute(operation, parameters)
             ^^^^^^^^^^^^^^^^^^^^^^^^^^^^^^^^^^^^^^^^^^^^^^^^^
  File "/home/yuksal21/virtualenv/maestro.yuksalishbot.uz/3.12/lib/python3.12/site-packages/aiomysql/cursors.py", line 239, in execute
    await self._query(query)
  File "/home/yuksal21/virtualenv/maestro.yuksalishbot.uz/3.12/lib/python3.12/site-packages/aiomysql/cursors.py", line 457, in _query
    await conn.query(q)
  File "/home/yuksal21/virtualenv/maestro.yuksalishbot.uz/3.12/lib/python3.12/site-packages/aiomysql/connection.py", line 469, in query
    await self._read_query_result(unbuffered=unbuffered)
  File "/home/yuksal21/virtualenv/maestro.yuksalishbot.uz/3.12/lib/python3.12/site-packages/aiomysql/connection.py", line 683, in _read_query_result
    await result.read()
  File "/home/yuksal21/virtualenv/maestro.yuksalishbot.uz/3.12/lib/python3.12/site-packages/aiomysql/connection.py", line 1164, in read
    first_packet = await self.connection._read_packet()
                   ^^^^^^^^^^^^^^^^^^^^^^^^^^^^^^^^^^^^
  File "/home/yuksal21/virtualenv/maestro.yuksalishbot.uz/3.12/lib/python3.12/site-packages/aiomysql/connection.py", line 609, in _read_packet
    packet_header = await self._read_bytes(4)
                    ^^^^^^^^^^^^^^^^^^^^^^^^^
  File "/home/yuksal21/virtualenv/maestro.yuksalishbot.uz/3.12/lib/python3.12/site-packages/aiomysql/connection.py", line 661, in _read_bytes
    raise OperationalError(CR.CR_SERVER_LOST, msg) from e
pymysql.err.OperationalError: (2013, 'Lost connection to MySQL server during query')

The above exception was the direct cause of the following exception:

Traceback (most recent call last):
  File "/home/yuksal21/virtualenv/maestro.yuksalishbot.uz/3.12/lib/python3.12/site-packages/aiogram/dispatcher/dispatcher.py", line 320, in _process_update
    response = await self.feed_update(bot, update, **kwargs)
               ^^^^^^^^^^^^^^^^^^^^^^^^^^^^^^^^^^^^^^^^^^^^^
  File "/home/yuksal21/virtualenv/maestro.yuksalishbot.uz/3.12/lib/python3.12/site-packages/aiogram/dispatcher/dispatcher.py", line 164, in feed_update
    response = await self.update.wrap_outer_middleware(
               ^^^^^^^^^^^^^^^^^^^^^^^^^^^^^^^^^^^^^^^^
  File "/home/yuksal21/virtualenv/maestro.yuksalishbot.uz/3.12/lib/python3.12/site-packages/aiogram/dispatcher/middlewares/error.py", line 27, in __call__
    return await handler(event, data)
           ^^^^^^^^^^^^^^^^^^^^^^^^^^
  File "/home/yuksal21/virtualenv/maestro.yuksalishbot.uz/3.12/lib/python3.12/site-packages/aiogram/dispatcher/middlewares/user_context.py", line 58, in __call__
    return await handler(event, data)
           ^^^^^^^^^^^^^^^^^^^^^^^^^^
  File "/home/yuksal21/virtualenv/maestro.yuksalishbot.uz/3.12/lib/python3.12/site-packages/aiogram/fsm/middleware.py", line 43, in __call__
    return await handler(event, data)
           ^^^^^^^^^^^^^^^^^^^^^^^^^^
  File "/home/yuksal21/virtualenv/maestro.yuksalishbot.uz/3.12/lib/python3.12/site-packages/aiogram/dispatcher/event/telegram.py", line 126, in trigger
    return await wrapped_inner(event, kwargs)
           ^^^^^^^^^^^^^^^^^^^^^^^^^^^^^^^^^^
  File "/home/yuksal21/virtualenv/maestro.yuksalishbot.uz/3.12/lib/python3.12/site-packages/aiogram/dispatcher/event/handler.py", line 71, in call
    return await wrapped()
           ^^^^^^^^^^^^^^^
  File "/home/yuksal21/virtualenv/maestro.yuksalishbot.uz/3.12/lib/python3.12/site-packages/aiogram/dispatcher/dispatcher.py", line 283, in _listen_update
    return await self.propagate_event(update_type=update_type, event=event, **kwargs)
           ^^^^^^^^^^^^^^^^^^^^^^^^^^^^^^^^^^^^^^^^^^^^^^^^^^^^^^^^^^^^^^^^^^^^^^^^^^
  File "/home/yuksal21/virtualenv/maestro.yuksalishbot.uz/3.12/lib/python3.12/site-packages/aiogram/dispatcher/router.py", line 161, in propagate_event
    return await observer.wrap_outer_middleware(_wrapped, event=event, data=kwargs)
           ^^^^^^^^^^^^^^^^^^^^^^^^^^^^^^^^^^^^^^^^^^^^^^^^^^^^^^^^^^^^^^^^^^^^^^^^
  File "/home/yuksal21/virtualenv/maestro.yuksalishbot.uz/3.12/lib/python3.12/site-packages/aiogram/dispatcher/router.py", line 153, in _wrapped
    return await self._propagate_event(
           ^^^^^^^^^^^^^^^^^^^^^^^^^^^^
  File "/home/yuksal21/virtualenv/maestro.yuksalishbot.uz/3.12/lib/python3.12/site-packages/aiogram/dispatcher/router.py", line 181, in _propagate_event
    response = await observer.trigger(event, **kwargs)
               ^^^^^^^^^^^^^^^^^^^^^^^^^^^^^^^^^^^^^^^
  File "/home/yuksal21/virtualenv/maestro.yuksalishbot.uz/3.12/lib/python3.12/site-packages/aiogram/dispatcher/event/telegram.py", line 126, in trigger
    return await wrapped_inner(event, kwargs)
           ^^^^^^^^^^^^^^^^^^^^^^^^^^^^^^^^^^
  File "/home/yuksal21/virtualenv/maestro.yuksalishbot.uz/3.12/lib/python3.12/site-packages/aiogram/dispatcher/event/handler.py", line 71, in call
    return await wrapped()
           ^^^^^^^^^^^^^^^
  File "/home/yuksal21/maestro.yuksalishbot.uz/bot.py", line 988, in booking_start_menu
    user = await ensure_registered_message(message)
           ^^^^^^^^^^^^^^^^^^^^^^^^^^^^^^^^^^^^^^^^
  File "/home/yuksal21/maestro.yuksalishbot.uz/bot.py", line 611, in ensure_registered_message
    user = await get_user_by_telegram_id(message.from_user.id)
           ^^^^^^^^^^^^^^^^^^^^^^^^^^^^^^^^^^^^^^^^^^^^^^^^^^^
  File "/home/yuksal21/maestro.yuksalishbot.uz/bot.py", line 544, in get_user_by_telegram_id
    return await session.scalar(select(db.User).where(db.User.telegram_id == telegram_id))
           ^^^^^^^^^^^^^^^^^^^^^^^^^^^^^^^^^^^^^^^^^^^^^^^^^^^^^^^^^^^^^^^^^^^^^^^^^^^^^^^
  File "/home/yuksal21/virtualenv/maestro.yuksalishbot.uz/3.12/lib64/python3.12/site-packages/sqlalchemy/ext/asyncio/session.py", line 505, in scalar
    return await greenlet_spawn(
           ^^^^^^^^^^^^^^^^^^^^^
  File "/home/yuksal21/virtualenv/maestro.yuksalishbot.uz/3.12/lib64/python3.12/site-packages/sqlalchemy/util/_concurrency_py3k.py", line 203, in greenlet_spawn
    result = context.switch(value)
             ^^^^^^^^^^^^^^^^^^^^^
  File "/home/yuksal21/virtualenv/maestro.yuksalishbot.uz/3.12/lib64/python3.12/site-packages/sqlalchemy/orm/session.py", line 2399, in scalar
    return self._execute_internal(
           ^^^^^^^^^^^^^^^^^^^^^^^
  File "/home/yuksal21/virtualenv/maestro.yuksalishbot.uz/3.12/lib64/python3.12/site-packages/sqlalchemy/orm/session.py", line 2249, in _execute_internal
    result: Result[Any] = compile_state_cls.orm_execute_statement(
                          ^^^^^^^^^^^^^^^^^^^^^^^^^^^^^^^^^^^^^^^^
  File "/home/yuksal21/virtualenv/maestro.yuksalishbot.uz/3.12/lib64/python3.12/site-packages/sqlalchemy/orm/context.py", line 306, in orm_execute_statement
    result = conn.execute(
             ^^^^^^^^^^^^^
  File "/home/yuksal21/virtualenv/maestro.yuksalishbot.uz/3.12/lib64/python3.12/site-packages/sqlalchemy/engine/base.py", line 1419, in execute
    return meth(
           ^^^^^
  File "/home/yuksal21/virtualenv/maestro.yuksalishbot.uz/3.12/lib64/python3.12/site-packages/sqlalchemy/sql/elements.py", line 527, in _execute_on_connection
    return connection._execute_clauseelement(
           ^^^^^^^^^^^^^^^^^^^^^^^^^^^^^^^^^^
  File "/home/yuksal21/virtualenv/maestro.yuksalishbot.uz/3.12/lib64/python3.12/site-packages/sqlalchemy/engine/base.py", line 1641, in _execute_clauseelement
    ret = self._execute_context(
          ^^^^^^^^^^^^^^^^^^^^^^
  File "/home/yuksal21/virtualenv/maestro.yuksalishbot.uz/3.12/lib64/python3.12/site-packages/sqlalchemy/engine/base.py", line 1846, in _execute_context
    return self._exec_single_context(
           ^^^^^^^^^^^^^^^^^^^^^^^^^^
  File "/home/yuksal21/virtualenv/maestro.yuksalishbot.uz/3.12/lib64/python3.12/site-packages/sqlalchemy/engine/base.py", line 1986, in _exec_single_context
    self._handle_dbapi_exception(
  File "/home/yuksal21/virtualenv/maestro.yuksalishbot.uz/3.12/lib64/python3.12/site-packages/sqlalchemy/engine/base.py", line 2363, in _handle_dbapi_exception
    raise sqlalchemy_exception.with_traceback(exc_info[2]) from e
  File "/home/yuksal21/virtualenv/maestro.yuksalishbot.uz/3.12/lib64/python3.12/site-packages/sqlalchemy/engine/base.py", line 1967, in _exec_single_context
    self.dialect.do_execute(
  File "/home/yuksal21/virtualenv/maestro.yuksalishbot.uz/3.12/lib64/python3.12/site-packages/sqlalchemy/engine/default.py", line 952, in do_execute
    cursor.execute(statement, parameters)
  File "/home/yuksal21/virtualenv/maestro.yuksalishbot.uz/3.12/lib64/python3.12/site-packages/sqlalchemy/connectors/asyncio.py", line 230, in execute
    self._adapt_connection._handle_exception(error)
  File "/home/yuksal21/virtualenv/maestro.yuksalishbot.uz/3.12/lib64/python3.12/site-packages/sqlalchemy/connectors/asyncio.py", line 368, in _handle_exception
    raise error.with_traceback(exc_info[2])
  File "/home/yuksal21/virtualenv/maestro.yuksalishbot.uz/3.12/lib64/python3.12/site-packages/sqlalchemy/connectors/asyncio.py", line 228, in execute
    return self.await_(self._execute_async(operation, parameters))
           ^^^^^^^^^^^^^^^^^^^^^^^^^^^^^^^^^^^^^^^^^^^^^^^^^^^^^^^
  File "/home/yuksal21/virtualenv/maestro.yuksalishbot.uz/3.12/lib64/python3.12/site-packages/sqlalchemy/util/_concurrency_py3k.py", line 132, in await_only
    return current.parent.switch(awaitable)  # type: ignore[no-any-return,attr-defined] # noqa: E501
           ^^^^^^^^^^^^^^^^^^^^^^^^^^^^^^^^
  File "/home/yuksal21/virtualenv/maestro.yuksalishbot.uz/3.12/lib64/python3.12/site-packages/sqlalchemy/util/_concurrency_py3k.py", line 196, in greenlet_spawn
    value = await result
            ^^^^^^^^^^^^
  File "/home/yuksal21/virtualenv/maestro.yuksalishbot.uz/3.12/lib64/python3.12/site-packages/sqlalchemy/connectors/asyncio.py", line 251, in _execute_async
    result = await self._cursor.execute(operation, parameters)
             ^^^^^^^^^^^^^^^^^^^^^^^^^^^^^^^^^^^^^^^^^^^^^^^^^
  File "/home/yuksal21/virtualenv/maestro.yuksalishbot.uz/3.12/lib/python3.12/site-packages/aiomysql/cursors.py", line 239, in execute
    await self._query(query)
  File "/home/yuksal21/virtualenv/maestro.yuksalishbot.uz/3.12/lib/python3.12/site-packages/aiomysql/cursors.py", line 457, in _query
    await conn.query(q)
  File "/home/yuksal21/virtualenv/maestro.yuksalishbot.uz/3.12/lib/python3.12/site-packages/aiomysql/connection.py", line 469, in query
    await self._read_query_result(unbuffered=unbuffered)
  File "/home/yuksal21/virtualenv/maestro.yuksalishbot.uz/3.12/lib/python3.12/site-packages/aiomysql/connection.py", line 683, in _read_query_result
    await result.read()
  File "/home/yuksal21/virtualenv/maestro.yuksalishbot.uz/3.12/lib/python3.12/site-packages/aiomysql/connection.py", line 1164, in read
    first_packet = await self.connection._read_packet()
                   ^^^^^^^^^^^^^^^^^^^^^^^^^^^^^^^^^^^^
  File "/home/yuksal21/virtualenv/maestro.yuksalishbot.uz/3.12/lib/python3.12/site-packages/aiomysql/connection.py", line 609, in _read_packet
    packet_header = await self._read_bytes(4)
                    ^^^^^^^^^^^^^^^^^^^^^^^^^
  File "/home/yuksal21/virtualenv/maestro.yuksalishbot.uz/3.12/lib/python3.12/site-packages/aiomysql/connection.py", line 661, in _read_bytes
    raise OperationalError(CR.CR_SERVER_LOST, msg) from e
sqlalchemy.exc.OperationalError: (pymysql.err.OperationalError) (2013, 'Lost connection to MySQL server during query')
[SQL: SELECT users.id, users.telegram_id, users.first_name, users.phone_number, users.language_code, users.role, users.subscription_until, users.is_active 
FROM users 
WHERE users.telegram_id = %s]
[parameters: (372688693,)]
(Background on this error at: https://sqlalche.me/e/20/e3q8)
INFO:aiogram.event:Update id=863691822 is handled. Duration 135 ms by bot id=8403442567
INFO:aiogram.event:Update id=863691823 is handled. Duration 124 ms by bot id=8403442567
INFO:aiogram.event:Update id=863691824 is handled. Duration 114 ms by bot id=8403442567
INFO:aiogram.event:Update id=863691825 is handled. Duration 132 ms by bot id=8403442567
INFO:aiogram.event:Update id=863691826 is handled. Duration 140 ms by bot id=8403442567
INFO:aiogram.event:Update id=863691827 is not handled. Duration 1 ms by bot id=8403442567
ERROR:aiogram.event:Cause exception while process update id=863691827 by bot id=8403442567
OperationalError: (pymysql.err.OperationalError) (2013, 'Lost connection to MySQL server during query')
[SQL: SELECT users.id, users.telegram_id, users.first_name, users.phone_number, users.language_code, users.role, users.subscription_until, users.is_active 
FROM users 
WHERE users.telegram_id = %s]
[parameters: (230221749,)]
(Background on this error at: https://sqlalche.me/e/20/e3q8)
Traceback (most recent call last):
  File "/home/yuksal21/virtualenv/maestro.yuksalishbot.uz/3.12/lib/python3.12/site-packages/aiomysql/connection.py", line 657, in _read_bytes
    data = await self._reader.readexactly(num_bytes)
           ^^^^^^^^^^^^^^^^^^^^^^^^^^^^^^^^^^^^^^^^^
  File "/opt/alt/python312/lib64/python3.12/asyncio/streams.py", line 750, in readexactly
    raise exceptions.IncompleteReadError(incomplete, n)
asyncio.exceptions.IncompleteReadError: 0 bytes read on a total of 4 expected bytes

The above exception was the direct cause of the following exception:

Traceback (most recent call last):
  File "/home/yuksal21/virtualenv/maestro.yuksalishbot.uz/3.12/lib64/python3.12/site-packages/sqlalchemy/engine/base.py", line 1967, in _exec_single_context
    self.dialect.do_execute(
  File "/home/yuksal21/virtualenv/maestro.yuksalishbot.uz/3.12/lib64/python3.12/site-packages/sqlalchemy/engine/default.py", line 952, in do_execute
    cursor.execute(statement, parameters)
  File "/home/yuksal21/virtualenv/maestro.yuksalishbot.uz/3.12/lib64/python3.12/site-packages/sqlalchemy/connectors/asyncio.py", line 230, in execute
    self._adapt_connection._handle_exception(error)
  File "/home/yuksal21/virtualenv/maestro.yuksalishbot.uz/3.12/lib64/python3.12/site-packages/sqlalchemy/connectors/asyncio.py", line 368, in _handle_exception
    raise error.with_traceback(exc_info[2])
  File "/home/yuksal21/virtualenv/maestro.yuksalishbot.uz/3.12/lib64/python3.12/site-packages/sqlalchemy/connectors/asyncio.py", line 228, in execute
    return self.await_(self._execute_async(operation, parameters))
           ^^^^^^^^^^^^^^^^^^^^^^^^^^^^^^^^^^^^^^^^^^^^^^^^^^^^^^^
  File "/home/yuksal21/virtualenv/maestro.yuksalishbot.uz/3.12/lib64/python3.12/site-packages/sqlalchemy/util/_concurrency_py3k.py", line 132, in await_only
    return current.parent.switch(awaitable)  # type: ignore[no-any-return,attr-defined] # noqa: E501
           ^^^^^^^^^^^^^^^^^^^^^^^^^^^^^^^^
  File "/home/yuksal21/virtualenv/maestro.yuksalishbot.uz/3.12/lib64/python3.12/site-packages/sqlalchemy/util/_concurrency_py3k.py", line 196, in greenlet_spawn
    value = await result
            ^^^^^^^^^^^^
  File "/home/yuksal21/virtualenv/maestro.yuksalishbot.uz/3.12/lib64/python3.12/site-packages/sqlalchemy/connectors/asyncio.py", line 251, in _execute_async
    result = await self._cursor.execute(operation, parameters)
             ^^^^^^^^^^^^^^^^^^^^^^^^^^^^^^^^^^^^^^^^^^^^^^^^^
  File "/home/yuksal21/virtualenv/maestro.yuksalishbot.uz/3.12/lib/python3.12/site-packages/aiomysql/cursors.py", line 239, in execute
    await self._query(query)
  File "/home/yuksal21/virtualenv/maestro.yuksalishbot.uz/3.12/lib/python3.12/site-packages/aiomysql/cursors.py", line 457, in _query
    await conn.query(q)
  File "/home/yuksal21/virtualenv/maestro.yuksalishbot.uz/3.12/lib/python3.12/site-packages/aiomysql/connection.py", line 469, in query
    await self._read_query_result(unbuffered=unbuffered)
  File "/home/yuksal21/virtualenv/maestro.yuksalishbot.uz/3.12/lib/python3.12/site-packages/aiomysql/connection.py", line 683, in _read_query_result
    await result.read()
  File "/home/yuksal21/virtualenv/maestro.yuksalishbot.uz/3.12/lib/python3.12/site-packages/aiomysql/connection.py", line 1164, in read
    first_packet = await self.connection._read_packet()
                   ^^^^^^^^^^^^^^^^^^^^^^^^^^^^^^^^^^^^
  File "/home/yuksal21/virtualenv/maestro.yuksalishbot.uz/3.12/lib/python3.12/site-packages/aiomysql/connection.py", line 609, in _read_packet
    packet_header = await self._read_bytes(4)
                    ^^^^^^^^^^^^^^^^^^^^^^^^^
  File "/home/yuksal21/virtualenv/maestro.yuksalishbot.uz/3.12/lib/python3.12/site-packages/aiomysql/connection.py", line 661, in _read_bytes
    raise OperationalError(CR.CR_SERVER_LOST, msg) from e
pymysql.err.OperationalError: (2013, 'Lost connection to MySQL server during query')

The above exception was the direct cause of the following exception:

Traceback (most recent call last):
  File "/home/yuksal21/virtualenv/maestro.yuksalishbot.uz/3.12/lib/python3.12/site-packages/aiogram/dispatcher/dispatcher.py", line 320, in _process_update
    response = await self.feed_update(bot, update, **kwargs)
               ^^^^^^^^^^^^^^^^^^^^^^^^^^^^^^^^^^^^^^^^^^^^^
  File "/home/yuksal21/virtualenv/maestro.yuksalishbot.uz/3.12/lib/python3.12/site-packages/aiogram/dispatcher/dispatcher.py", line 164, in feed_update
    response = await self.update.wrap_outer_middleware(
               ^^^^^^^^^^^^^^^^^^^^^^^^^^^^^^^^^^^^^^^^
  File "/home/yuksal21/virtualenv/maestro.yuksalishbot.uz/3.12/lib/python3.12/site-packages/aiogram/dispatcher/middlewares/error.py", line 27, in __call__
    return await handler(event, data)
           ^^^^^^^^^^^^^^^^^^^^^^^^^^
  File "/home/yuksal21/virtualenv/maestro.yuksalishbot.uz/3.12/lib/python3.12/site-packages/aiogram/dispatcher/middlewares/user_context.py", line 58, in __call__
    return await handler(event, data)
           ^^^^^^^^^^^^^^^^^^^^^^^^^^
  File "/home/yuksal21/virtualenv/maestro.yuksalishbot.uz/3.12/lib/python3.12/site-packages/aiogram/fsm/middleware.py", line 43, in __call__
    return await handler(event, data)
           ^^^^^^^^^^^^^^^^^^^^^^^^^^
  File "/home/yuksal21/virtualenv/maestro.yuksalishbot.uz/3.12/lib/python3.12/site-packages/aiogram/dispatcher/event/telegram.py", line 126, in trigger
    return await wrapped_inner(event, kwargs)
           ^^^^^^^^^^^^^^^^^^^^^^^^^^^^^^^^^^
  File "/home/yuksal21/virtualenv/maestro.yuksalishbot.uz/3.12/lib/python3.12/site-packages/aiogram/dispatcher/event/handler.py", line 71, in call
    return await wrapped()
           ^^^^^^^^^^^^^^^
  File "/home/yuksal21/virtualenv/maestro.yuksalishbot.uz/3.12/lib/python3.12/site-packages/aiogram/dispatcher/dispatcher.py", line 283, in _listen_update
    return await self.propagate_event(update_type=update_type, event=event, **kwargs)
           ^^^^^^^^^^^^^^^^^^^^^^^^^^^^^^^^^^^^^^^^^^^^^^^^^^^^^^^^^^^^^^^^^^^^^^^^^^
  File "/home/yuksal21/virtualenv/maestro.yuksalishbot.uz/3.12/lib/python3.12/site-packages/aiogram/dispatcher/router.py", line 161, in propagate_event
    return await observer.wrap_outer_middleware(_wrapped, event=event, data=kwargs)
           ^^^^^^^^^^^^^^^^^^^^^^^^^^^^^^^^^^^^^^^^^^^^^^^^^^^^^^^^^^^^^^^^^^^^^^^^
  File "/home/yuksal21/virtualenv/maestro.yuksalishbot.uz/3.12/lib/python3.12/site-packages/aiogram/dispatcher/router.py", line 153, in _wrapped
    return await self._propagate_event(
           ^^^^^^^^^^^^^^^^^^^^^^^^^^^^
  File "/home/yuksal21/virtualenv/maestro.yuksalishbot.uz/3.12/lib/python3.12/site-packages/aiogram/dispatcher/router.py", line 181, in _propagate_event
    response = await observer.trigger(event, **kwargs)
               ^^^^^^^^^^^^^^^^^^^^^^^^^^^^^^^^^^^^^^^
  File "/home/yuksal21/virtualenv/maestro.yuksalishbot.uz/3.12/lib/python3.12/site-packages/aiogram/dispatcher/event/telegram.py", line 126, in trigger
    return await wrapped_inner(event, kwargs)
           ^^^^^^^^^^^^^^^^^^^^^^^^^^^^^^^^^^
  File "/home/yuksal21/virtualenv/maestro.yuksalishbot.uz/3.12/lib/python3.12/site-packages/aiogram/dispatcher/event/handler.py", line 71, in call
    return await wrapped()
           ^^^^^^^^^^^^^^^
  File "/home/yuksal21/maestro.yuksalishbot.uz/bot.py", line 672, in start
    user = await session.scalar(select(db.User).where(db.User.telegram_id == message.from_user.id))
           ^^^^^^^^^^^^^^^^^^^^^^^^^^^^^^^^^^^^^^^^^^^^^^^^^^^^^^^^^^^^^^^^^^^^^^^^^^^^^^^^^^^^^^^^
  File "/home/yuksal21/virtualenv/maestro.yuksalishbot.uz/3.12/lib64/python3.12/site-packages/sqlalchemy/ext/asyncio/session.py", line 505, in scalar
    return await greenlet_spawn(
           ^^^^^^^^^^^^^^^^^^^^^
  File "/home/yuksal21/virtualenv/maestro.yuksalishbot.uz/3.12/lib64/python3.12/site-packages/sqlalchemy/util/_concurrency_py3k.py", line 203, in greenlet_spawn
    result = context.switch(value)
             ^^^^^^^^^^^^^^^^^^^^^
  File "/home/yuksal21/virtualenv/maestro.yuksalishbot.uz/3.12/lib64/python3.12/site-packages/sqlalchemy/orm/session.py", line 2399, in scalar
    return self._execute_internal(
           ^^^^^^^^^^^^^^^^^^^^^^^
  File "/home/yuksal21/virtualenv/maestro.yuksalishbot.uz/3.12/lib64/python3.12/site-packages/sqlalchemy/orm/session.py", line 2249, in _execute_internal
    result: Result[Any] = compile_state_cls.orm_execute_statement(
                          ^^^^^^^^^^^^^^^^^^^^^^^^^^^^^^^^^^^^^^^^
  File "/home/yuksal21/virtualenv/maestro.yuksalishbot.uz/3.12/lib64/python3.12/site-packages/sqlalchemy/orm/context.py", line 306, in orm_execute_statement
    result = conn.execute(
             ^^^^^^^^^^^^^
  File "/home/yuksal21/virtualenv/maestro.yuksalishbot.uz/3.12/lib64/python3.12/site-packages/sqlalchemy/engine/base.py", line 1419, in execute
    return meth(
           ^^^^^
  File "/home/yuksal21/virtualenv/maestro.yuksalishbot.uz/3.12/lib64/python3.12/site-packages/sqlalchemy/sql/elements.py", line 527, in _execute_on_connection
    return connection._execute_clauseelement(
           ^^^^^^^^^^^^^^^^^^^^^^^^^^^^^^^^^^
  File "/home/yuksal21/virtualenv/maestro.yuksalishbot.uz/3.12/lib64/python3.12/site-packages/sqlalchemy/engine/base.py", line 1641, in _execute_clauseelement
    ret = self._execute_context(
          ^^^^^^^^^^^^^^^^^^^^^^
  File "/home/yuksal21/virtualenv/maestro.yuksalishbot.uz/3.12/lib64/python3.12/site-packages/sqlalchemy/engine/base.py", line 1846, in _execute_context
    return self._exec_single_context(
           ^^^^^^^^^^^^^^^^^^^^^^^^^^
  File "/home/yuksal21/virtualenv/maestro.yuksalishbot.uz/3.12/lib64/python3.12/site-packages/sqlalchemy/engine/base.py", line 1986, in _exec_single_context
    self._handle_dbapi_exception(
  File "/home/yuksal21/virtualenv/maestro.yuksalishbot.uz/3.12/lib64/python3.12/site-packages/sqlalchemy/engine/base.py", line 2363, in _handle_dbapi_exception
    raise sqlalchemy_exception.with_traceback(exc_info[2]) from e
  File "/home/yuksal21/virtualenv/maestro.yuksalishbot.uz/3.12/lib64/python3.12/site-packages/sqlalchemy/engine/base.py", line 1967, in _exec_single_context
    self.dialect.do_execute(
  File "/home/yuksal21/virtualenv/maestro.yuksalishbot.uz/3.12/lib64/python3.12/site-packages/sqlalchemy/engine/default.py", line 952, in do_execute
    cursor.execute(statement, parameters)
  File "/home/yuksal21/virtualenv/maestro.yuksalishbot.uz/3.12/lib64/python3.12/site-packages/sqlalchemy/connectors/asyncio.py", line 230, in execute
    self._adapt_connection._handle_exception(error)
  File "/home/yuksal21/virtualenv/maestro.yuksalishbot.uz/3.12/lib64/python3.12/site-packages/sqlalchemy/connectors/asyncio.py", line 368, in _handle_exception
    raise error.with_traceback(exc_info[2])
  File "/home/yuksal21/virtualenv/maestro.yuksalishbot.uz/3.12/lib64/python3.12/site-packages/sqlalchemy/connectors/asyncio.py", line 228, in execute
    return self.await_(self._execute_async(operation, parameters))
           ^^^^^^^^^^^^^^^^^^^^^^^^^^^^^^^^^^^^^^^^^^^^^^^^^^^^^^^
  File "/home/yuksal21/virtualenv/maestro.yuksalishbot.uz/3.12/lib64/python3.12/site-packages/sqlalchemy/util/_concurrency_py3k.py", line 132, in await_only
    return current.parent.switch(awaitable)  # type: ignore[no-any-return,attr-defined] # noqa: E501
           ^^^^^^^^^^^^^^^^^^^^^^^^^^^^^^^^
  File "/home/yuksal21/virtualenv/maestro.yuksalishbot.uz/3.12/lib64/python3.12/site-packages/sqlalchemy/util/_concurrency_py3k.py", line 196, in greenlet_spawn
    value = await result
            ^^^^^^^^^^^^
  File "/home/yuksal21/virtualenv/maestro.yuksalishbot.uz/3.12/lib64/python3.12/site-packages/sqlalchemy/connectors/asyncio.py", line 251, in _execute_async
    result = await self._cursor.execute(operation, parameters)
             ^^^^^^^^^^^^^^^^^^^^^^^^^^^^^^^^^^^^^^^^^^^^^^^^^
  File "/home/yuksal21/virtualenv/maestro.yuksalishbot.uz/3.12/lib/python3.12/site-packages/aiomysql/cursors.py", line 239, in execute
    await self._query(query)
  File "/home/yuksal21/virtualenv/maestro.yuksalishbot.uz/3.12/lib/python3.12/site-packages/aiomysql/cursors.py", line 457, in _query
    await conn.query(q)
  File "/home/yuksal21/virtualenv/maestro.yuksalishbot.uz/3.12/lib/python3.12/site-packages/aiomysql/connection.py", line 469, in query
    await self._read_query_result(unbuffered=unbuffered)
  File "/home/yuksal21/virtualenv/maestro.yuksalishbot.uz/3.12/lib/python3.12/site-packages/aiomysql/connection.py", line 683, in _read_query_result
    await result.read()
  File "/home/yuksal21/virtualenv/maestro.yuksalishbot.uz/3.12/lib/python3.12/site-packages/aiomysql/connection.py", line 1164, in read
    first_packet = await self.connection._read_packet()
                   ^^^^^^^^^^^^^^^^^^^^^^^^^^^^^^^^^^^^
  File "/home/yuksal21/virtualenv/maestro.yuksalishbot.uz/3.12/lib/python3.12/site-packages/aiomysql/connection.py", line 609, in _read_packet
    packet_header = await self._read_bytes(4)
                    ^^^^^^^^^^^^^^^^^^^^^^^^^
  File "/home/yuksal21/virtualenv/maestro.yuksalishbot.uz/3.12/lib/python3.12/site-packages/aiomysql/connection.py", line 661, in _read_bytes
    raise OperationalError(CR.CR_SERVER_LOST, msg) from e
sqlalchemy.exc.OperationalError: (pymysql.err.OperationalError) (2013, 'Lost connection to MySQL server during query')
[SQL: SELECT users.id, users.telegram_id, users.first_name, users.phone_number, users.language_code, users.role, users.subscription_until, users.is_active 
FROM users 
WHERE users.telegram_id = %s]
[parameters: (230221749,)]
(Background on this error at: https://sqlalche.me/e/20/e3q8)
INFO:aiogram.event:Update id=863691828 is handled. Duration 119 ms by bot id=8403442567
INFO:aiogram.event:Update id=863691829 is handled. Duration 215 ms by bot id=8403442567
INFO:aiogram.event:Update id=863691830 is handled. Duration 117 ms by bot id=8403442567
INFO:aiogram.event:Update id=863691831 is handled. Duration 117 ms by bot id=8403442567
INFO:aiogram.event:Update id=863691832 is handled. Duration 115 ms by bot id=8403442567
INFO:aiogram.event:Update id=863691833 is handled. Duration 213 ms by bot id=8403442567
INFO:aiogram.event:Update id=863691834 is handled. Duration 123 ms by bot id=8403442567
INFO:aiogram.event:Update id=863691835 is handled. Duration 281 ms by bot id=8403442567
INFO:aiogram.event:Update id=863691836 is handled. Duration 269 ms by bot id=8403442567
INFO:aiogram.event:Update id=863691837 is handled. Duration 104 ms by bot id=8403442567
INFO:aiogram.event:Update id=863691838 is handled. Duration 105 ms by bot id=8403442567
INFO:aiogram.event:Update id=863691839 is handled. Duration 232 ms by bot id=8403442567
INFO:aiogram.event:Update id=863691840 is handled. Duration 460 ms by bot id=8403442567
INFO:aiogram.event:Update id=863691841 is handled. Duration 538 ms by bot id=8403442567
INFO:aiogram.event:Update id=863691842 is handled. Duration 120 ms by bot id=8403442567
INFO:aiogram.event:Update id=863691843 is handled. Duration 125 ms by bot id=8403442567
INFO:aiogram.event:Update id=863691844 is not handled. Duration 3 ms by bot id=8403442567
ERROR:aiogram.event:Cause exception while process update id=863691844 by bot id=8403442567
OperationalError: (pymysql.err.OperationalError) (2013, 'Lost connection to MySQL server during query')
[SQL: SELECT users.id, users.telegram_id, users.first_name, users.phone_number, users.language_code, users.role, users.subscription_until, users.is_active 
FROM users 
WHERE users.telegram_id = %s]
[parameters: (6633981653,)]
(Background on this error at: https://sqlalche.me/e/20/e3q8)
Traceback (most recent call last):
  File "/home/yuksal21/virtualenv/maestro.yuksalishbot.uz/3.12/lib/python3.12/site-packages/aiomysql/connection.py", line 657, in _read_bytes
    data = await self._reader.readexactly(num_bytes)
           ^^^^^^^^^^^^^^^^^^^^^^^^^^^^^^^^^^^^^^^^^
  File "/opt/alt/python312/lib64/python3.12/asyncio/streams.py", line 750, in readexactly
    raise exceptions.IncompleteReadError(incomplete, n)
asyncio.exceptions.IncompleteReadError: 0 bytes read on a total of 4 expected bytes

The above exception was the direct cause of the following exception:

Traceback (most recent call last):
  File "/home/yuksal21/virtualenv/maestro.yuksalishbot.uz/3.12/lib64/python3.12/site-packages/sqlalchemy/engine/base.py", line 1967, in _exec_single_context
    self.dialect.do_execute(
  File "/home/yuksal21/virtualenv/maestro.yuksalishbot.uz/3.12/lib64/python3.12/site-packages/sqlalchemy/engine/default.py", line 952, in do_execute
    cursor.execute(statement, parameters)
  File "/home/yuksal21/virtualenv/maestro.yuksalishbot.uz/3.12/lib64/python3.12/site-packages/sqlalchemy/connectors/asyncio.py", line 230, in execute
    self._adapt_connection._handle_exception(error)
  File "/home/yuksal21/virtualenv/maestro.yuksalishbot.uz/3.12/lib64/python3.12/site-packages/sqlalchemy/connectors/asyncio.py", line 368, in _handle_exception
    raise error.with_traceback(exc_info[2])
  File "/home/yuksal21/virtualenv/maestro.yuksalishbot.uz/3.12/lib64/python3.12/site-packages/sqlalchemy/connectors/asyncio.py", line 228, in execute
    return self.await_(self._execute_async(operation, parameters))
           ^^^^^^^^^^^^^^^^^^^^^^^^^^^^^^^^^^^^^^^^^^^^^^^^^^^^^^^
  File "/home/yuksal21/virtualenv/maestro.yuksalishbot.uz/3.12/lib64/python3.12/site-packages/sqlalchemy/util/_concurrency_py3k.py", line 132, in await_only
    return current.parent.switch(awaitable)  # type: ignore[no-any-return,attr-defined] # noqa: E501
           ^^^^^^^^^^^^^^^^^^^^^^^^^^^^^^^^
  File "/home/yuksal21/virtualenv/maestro.yuksalishbot.uz/3.12/lib64/python3.12/site-packages/sqlalchemy/util/_concurrency_py3k.py", line 196, in greenlet_spawn
    value = await result
            ^^^^^^^^^^^^
  File "/home/yuksal21/virtualenv/maestro.yuksalishbot.uz/3.12/lib64/python3.12/site-packages/sqlalchemy/connectors/asyncio.py", line 251, in _execute_async
    result = await self._cursor.execute(operation, parameters)
             ^^^^^^^^^^^^^^^^^^^^^^^^^^^^^^^^^^^^^^^^^^^^^^^^^
  File "/home/yuksal21/virtualenv/maestro.yuksalishbot.uz/3.12/lib/python3.12/site-packages/aiomysql/cursors.py", line 239, in execute
    await self._query(query)
  File "/home/yuksal21/virtualenv/maestro.yuksalishbot.uz/3.12/lib/python3.12/site-packages/aiomysql/cursors.py", line 457, in _query
    await conn.query(q)
  File "/home/yuksal21/virtualenv/maestro.yuksalishbot.uz/3.12/lib/python3.12/site-packages/aiomysql/connection.py", line 469, in query
    await self._read_query_result(unbuffered=unbuffered)
  File "/home/yuksal21/virtualenv/maestro.yuksalishbot.uz/3.12/lib/python3.12/site-packages/aiomysql/connection.py", line 683, in _read_query_result
    await result.read()
  File "/home/yuksal21/virtualenv/maestro.yuksalishbot.uz/3.12/lib/python3.12/site-packages/aiomysql/connection.py", line 1164, in read
    first_packet = await self.connection._read_packet()
                   ^^^^^^^^^^^^^^^^^^^^^^^^^^^^^^^^^^^^
  File "/home/yuksal21/virtualenv/maestro.yuksalishbot.uz/3.12/lib/python3.12/site-packages/aiomysql/connection.py", line 609, in _read_packet
    packet_header = await self._read_bytes(4)
                    ^^^^^^^^^^^^^^^^^^^^^^^^^
  File "/home/yuksal21/virtualenv/maestro.yuksalishbot.uz/3.12/lib/python3.12/site-packages/aiomysql/connection.py", line 661, in _read_bytes
    raise OperationalError(CR.CR_SERVER_LOST, msg) from e
pymysql.err.OperationalError: (2013, 'Lost connection to MySQL server during query')

The above exception was the direct cause of the following exception:

Traceback (most recent call last):
  File "/home/yuksal21/virtualenv/maestro.yuksalishbot.uz/3.12/lib/python3.12/site-packages/aiogram/dispatcher/dispatcher.py", line 320, in _process_update
    response = await self.feed_update(bot, update, **kwargs)
               ^^^^^^^^^^^^^^^^^^^^^^^^^^^^^^^^^^^^^^^^^^^^^
  File "/home/yuksal21/virtualenv/maestro.yuksalishbot.uz/3.12/lib/python3.12/site-packages/aiogram/dispatcher/dispatcher.py", line 164, in feed_update
    response = await self.update.wrap_outer_middleware(
               ^^^^^^^^^^^^^^^^^^^^^^^^^^^^^^^^^^^^^^^^
  File "/home/yuksal21/virtualenv/maestro.yuksalishbot.uz/3.12/lib/python3.12/site-packages/aiogram/dispatcher/middlewares/error.py", line 27, in __call__
    return await handler(event, data)
           ^^^^^^^^^^^^^^^^^^^^^^^^^^
  File "/home/yuksal21/virtualenv/maestro.yuksalishbot.uz/3.12/lib/python3.12/site-packages/aiogram/dispatcher/middlewares/user_context.py", line 58, in __call__
    return await handler(event, data)
           ^^^^^^^^^^^^^^^^^^^^^^^^^^
  File "/home/yuksal21/virtualenv/maestro.yuksalishbot.uz/3.12/lib/python3.12/site-packages/aiogram/fsm/middleware.py", line 43, in __call__
    return await handler(event, data)
           ^^^^^^^^^^^^^^^^^^^^^^^^^^
  File "/home/yuksal21/virtualenv/maestro.yuksalishbot.uz/3.12/lib/python3.12/site-packages/aiogram/dispatcher/event/telegram.py", line 126, in trigger
    return await wrapped_inner(event, kwargs)
           ^^^^^^^^^^^^^^^^^^^^^^^^^^^^^^^^^^
  File "/home/yuksal21/virtualenv/maestro.yuksalishbot.uz/3.12/lib/python3.12/site-packages/aiogram/dispatcher/event/handler.py", line 71, in call
    return await wrapped()
           ^^^^^^^^^^^^^^^
  File "/home/yuksal21/virtualenv/maestro.yuksalishbot.uz/3.12/lib/python3.12/site-packages/aiogram/dispatcher/dispatcher.py", line 283, in _listen_update
    return await self.propagate_event(update_type=update_type, event=event, **kwargs)
           ^^^^^^^^^^^^^^^^^^^^^^^^^^^^^^^^^^^^^^^^^^^^^^^^^^^^^^^^^^^^^^^^^^^^^^^^^^
  File "/home/yuksal21/virtualenv/maestro.yuksalishbot.uz/3.12/lib/python3.12/site-packages/aiogram/dispatcher/router.py", line 161, in propagate_event
    return await observer.wrap_outer_middleware(_wrapped, event=event, data=kwargs)
           ^^^^^^^^^^^^^^^^^^^^^^^^^^^^^^^^^^^^^^^^^^^^^^^^^^^^^^^^^^^^^^^^^^^^^^^^
  File "/home/yuksal21/virtualenv/maestro.yuksalishbot.uz/3.12/lib/python3.12/site-packages/aiogram/dispatcher/router.py", line 153, in _wrapped
    return await self._propagate_event(
           ^^^^^^^^^^^^^^^^^^^^^^^^^^^^
  File "/home/yuksal21/virtualenv/maestro.yuksalishbot.uz/3.12/lib/python3.12/site-packages/aiogram/dispatcher/router.py", line 181, in _propagate_event
    response = await observer.trigger(event, **kwargs)
               ^^^^^^^^^^^^^^^^^^^^^^^^^^^^^^^^^^^^^^^
  File "/home/yuksal21/virtualenv/maestro.yuksalishbot.uz/3.12/lib/python3.12/site-packages/aiogram/dispatcher/event/telegram.py", line 126, in trigger
    return await wrapped_inner(event, kwargs)
           ^^^^^^^^^^^^^^^^^^^^^^^^^^^^^^^^^^
  File "/home/yuksal21/virtualenv/maestro.yuksalishbot.uz/3.12/lib/python3.12/site-packages/aiogram/dispatcher/event/handler.py", line 71, in call
    return await wrapped()
           ^^^^^^^^^^^^^^^
  File "/home/yuksal21/maestro.yuksalishbot.uz/bot.py", line 2007, in open_special_dates
    user, stylist = await ensure_active_stylist_callback(cb)
                    ^^^^^^^^^^^^^^^^^^^^^^^^^^^^^^^^^^^^^^^^
  File "/home/yuksal21/maestro.yuksalishbot.uz/bot.py", line 368, in ensure_active_stylist_callback
    user, stylist = await get_stylist_profile_by_telegram(session, cb.from_user.id)
                    ^^^^^^^^^^^^^^^^^^^^^^^^^^^^^^^^^^^^^^^^^^^^^^^^^^^^^^^^^^^^^^^
  File "/home/yuksal21/maestro.yuksalishbot.uz/bot.py", line 298, in get_stylist_profile_by_telegram
    user = await session.scalar(select(db.User).where(db.User.telegram_id == telegram_id))
           ^^^^^^^^^^^^^^^^^^^^^^^^^^^^^^^^^^^^^^^^^^^^^^^^^^^^^^^^^^^^^^^^^^^^^^^^^^^^^^^
  File "/home/yuksal21/virtualenv/maestro.yuksalishbot.uz/3.12/lib64/python3.12/site-packages/sqlalchemy/ext/asyncio/session.py", line 505, in scalar
    return await greenlet_spawn(
           ^^^^^^^^^^^^^^^^^^^^^
  File "/home/yuksal21/virtualenv/maestro.yuksalishbot.uz/3.12/lib64/python3.12/site-packages/sqlalchemy/util/_concurrency_py3k.py", line 203, in greenlet_spawn
    result = context.switch(value)
             ^^^^^^^^^^^^^^^^^^^^^
  File "/home/yuksal21/virtualenv/maestro.yuksalishbot.uz/3.12/lib64/python3.12/site-packages/sqlalchemy/orm/session.py", line 2399, in scalar
    return self._execute_internal(
           ^^^^^^^^^^^^^^^^^^^^^^^
  File "/home/yuksal21/virtualenv/maestro.yuksalishbot.uz/3.12/lib64/python3.12/site-packages/sqlalchemy/orm/session.py", line 2249, in _execute_internal
    result: Result[Any] = compile_state_cls.orm_execute_statement(
                          ^^^^^^^^^^^^^^^^^^^^^^^^^^^^^^^^^^^^^^^^
  File "/home/yuksal21/virtualenv/maestro.yuksalishbot.uz/3.12/lib64/python3.12/site-packages/sqlalchemy/orm/context.py", line 306, in orm_execute_statement
    result = conn.execute(
             ^^^^^^^^^^^^^
  File "/home/yuksal21/virtualenv/maestro.yuksalishbot.uz/3.12/lib64/python3.12/site-packages/sqlalchemy/engine/base.py", line 1419, in execute
    return meth(
           ^^^^^
  File "/home/yuksal21/virtualenv/maestro.yuksalishbot.uz/3.12/lib64/python3.12/site-packages/sqlalchemy/sql/elements.py", line 527, in _execute_on_connection
    return connection._execute_clauseelement(
           ^^^^^^^^^^^^^^^^^^^^^^^^^^^^^^^^^^
  File "/home/yuksal21/virtualenv/maestro.yuksalishbot.uz/3.12/lib64/python3.12/site-packages/sqlalchemy/engine/base.py", line 1641, in _execute_clauseelement
    ret = self._execute_context(
          ^^^^^^^^^^^^^^^^^^^^^^
  File "/home/yuksal21/virtualenv/maestro.yuksalishbot.uz/3.12/lib64/python3.12/site-packages/sqlalchemy/engine/base.py", line 1846, in _execute_context
    return self._exec_single_context(
           ^^^^^^^^^^^^^^^^^^^^^^^^^^
  File "/home/yuksal21/virtualenv/maestro.yuksalishbot.uz/3.12/lib64/python3.12/site-packages/sqlalchemy/engine/base.py", line 1986, in _exec_single_context
    self._handle_dbapi_exception(
  File "/home/yuksal21/virtualenv/maestro.yuksalishbot.uz/3.12/lib64/python3.12/site-packages/sqlalchemy/engine/base.py", line 2363, in _handle_dbapi_exception
    raise sqlalchemy_exception.with_traceback(exc_info[2]) from e
  File "/home/yuksal21/virtualenv/maestro.yuksalishbot.uz/3.12/lib64/python3.12/site-packages/sqlalchemy/engine/base.py", line 1967, in _exec_single_context
    self.dialect.do_execute(
  File "/home/yuksal21/virtualenv/maestro.yuksalishbot.uz/3.12/lib64/python3.12/site-packages/sqlalchemy/engine/default.py", line 952, in do_execute
    cursor.execute(statement, parameters)
  File "/home/yuksal21/virtualenv/maestro.yuksalishbot.uz/3.12/lib64/python3.12/site-packages/sqlalchemy/connectors/asyncio.py", line 230, in execute
    self._adapt_connection._handle_exception(error)
  File "/home/yuksal21/virtualenv/maestro.yuksalishbot.uz/3.12/lib64/python3.12/site-packages/sqlalchemy/connectors/asyncio.py", line 368, in _handle_exception
    raise error.with_traceback(exc_info[2])
  File "/home/yuksal21/virtualenv/maestro.yuksalishbot.uz/3.12/lib64/python3.12/site-packages/sqlalchemy/connectors/asyncio.py", line 228, in execute
    return self.await_(self._execute_async(operation, parameters))
           ^^^^^^^^^^^^^^^^^^^^^^^^^^^^^^^^^^^^^^^^^^^^^^^^^^^^^^^
  File "/home/yuksal21/virtualenv/maestro.yuksalishbot.uz/3.12/lib64/python3.12/site-packages/sqlalchemy/util/_concurrency_py3k.py", line 132, in await_only
    return current.parent.switch(awaitable)  # type: ignore[no-any-return,attr-defined] # noqa: E501
           ^^^^^^^^^^^^^^^^^^^^^^^^^^^^^^^^
  File "/home/yuksal21/virtualenv/maestro.yuksalishbot.uz/3.12/lib64/python3.12/site-packages/sqlalchemy/util/_concurrency_py3k.py", line 196, in greenlet_spawn
    value = await result
            ^^^^^^^^^^^^
  File "/home/yuksal21/virtualenv/maestro.yuksalishbot.uz/3.12/lib64/python3.12/site-packages/sqlalchemy/connectors/asyncio.py", line 251, in _execute_async
    result = await self._cursor.execute(operation, parameters)
             ^^^^^^^^^^^^^^^^^^^^^^^^^^^^^^^^^^^^^^^^^^^^^^^^^
  File "/home/yuksal21/virtualenv/maestro.yuksalishbot.uz/3.12/lib/python3.12/site-packages/aiomysql/cursors.py", line 239, in execute
    await self._query(query)
  File "/home/yuksal21/virtualenv/maestro.yuksalishbot.uz/3.12/lib/python3.12/site-packages/aiomysql/cursors.py", line 457, in _query
    await conn.query(q)
  File "/home/yuksal21/virtualenv/maestro.yuksalishbot.uz/3.12/lib/python3.12/site-packages/aiomysql/connection.py", line 469, in query
    await self._read_query_result(unbuffered=unbuffered)
  File "/home/yuksal21/virtualenv/maestro.yuksalishbot.uz/3.12/lib/python3.12/site-packages/aiomysql/connection.py", line 683, in _read_query_result
    await result.read()
  File "/home/yuksal21/virtualenv/maestro.yuksalishbot.uz/3.12/lib/python3.12/site-packages/aiomysql/connection.py", line 1164, in read
    first_packet = await self.connection._read_packet()
                   ^^^^^^^^^^^^^^^^^^^^^^^^^^^^^^^^^^^^
  File "/home/yuksal21/virtualenv/maestro.yuksalishbot.uz/3.12/lib/python3.12/site-packages/aiomysql/connection.py", line 609, in _read_packet
    packet_header = await self._read_bytes(4)
                    ^^^^^^^^^^^^^^^^^^^^^^^^^
  File "/home/yuksal21/virtualenv/maestro.yuksalishbot.uz/3.12/lib/python3.12/site-packages/aiomysql/connection.py", line 661, in _read_bytes
    raise OperationalError(CR.CR_SERVER_LOST, msg) from e
sqlalchemy.exc.OperationalError: (pymysql.err.OperationalError) (2013, 'Lost connection to MySQL server during query')
[SQL: SELECT users.id, users.telegram_id, users.first_name, users.phone_number, users.language_code, users.role, users.subscription_until, users.is_active 
FROM users 
WHERE users.telegram_id = %s]
[parameters: (6633981653,)]
(Background on this error at: https://sqlalche.me/e/20/e3q8)
INFO:aiogram.event:Update id=863691845 is handled. Duration 243 ms by bot id=8403442567
INFO:aiogram.event:Update id=863691846 is handled. Duration 225 ms by bot id=8403442567
INFO:aiogram.event:Update id=863691847 is handled. Duration 266 ms by bot id=8403442567
INFO:aiogram.event:Update id=863691848 is handled. Duration 343 ms by bot id=8403442567
INFO:aiogram.event:Update id=863691849 is handled. Duration 286 ms by bot id=8403442567
INFO:aiogram.event:Update id=863691850 is handled. Duration 232 ms by bot id=8403442567
INFO:aiogram.event:Update id=863691851 is handled. Duration 250 ms by bot id=8403442567
INFO:aiogram.event:Update id=863691852 is not handled. Duration 2 ms by bot id=8403442567
ERROR:aiogram.event:Cause exception while process update id=863691852 by bot id=8403442567
OperationalError: (pymysql.err.OperationalError) (2013, 'Lost connection to MySQL server during query')
[SQL: SELECT users.id, users.telegram_id, users.first_name, users.phone_number, users.language_code, users.role, users.subscription_until, users.is_active 
FROM users 
WHERE users.telegram_id = %s]
[parameters: (372688693,)]
(Background on this error at: https://sqlalche.me/e/20/e3q8)
Traceback (most recent call last):
  File "/home/yuksal21/virtualenv/maestro.yuksalishbot.uz/3.12/lib/python3.12/site-packages/aiomysql/connection.py", line 657, in _read_bytes
    data = await self._reader.readexactly(num_bytes)
           ^^^^^^^^^^^^^^^^^^^^^^^^^^^^^^^^^^^^^^^^^
  File "/opt/alt/python312/lib64/python3.12/asyncio/streams.py", line 750, in readexactly
    raise exceptions.IncompleteReadError(incomplete, n)
asyncio.exceptions.IncompleteReadError: 0 bytes read on a total of 4 expected bytes

The above exception was the direct cause of the following exception:

Traceback (most recent call last):
  File "/home/yuksal21/virtualenv/maestro.yuksalishbot.uz/3.12/lib64/python3.12/site-packages/sqlalchemy/engine/base.py", line 1967, in _exec_single_context
    self.dialect.do_execute(
  File "/home/yuksal21/virtualenv/maestro.yuksalishbot.uz/3.12/lib64/python3.12/site-packages/sqlalchemy/engine/default.py", line 952, in do_execute
    cursor.execute(statement, parameters)
  File "/home/yuksal21/virtualenv/maestro.yuksalishbot.uz/3.12/lib64/python3.12/site-packages/sqlalchemy/connectors/asyncio.py", line 230, in execute
    self._adapt_connection._handle_exception(error)
  File "/home/yuksal21/virtualenv/maestro.yuksalishbot.uz/3.12/lib64/python3.12/site-packages/sqlalchemy/connectors/asyncio.py", line 368, in _handle_exception
    raise error.with_traceback(exc_info[2])
  File "/home/yuksal21/virtualenv/maestro.yuksalishbot.uz/3.12/lib64/python3.12/site-packages/sqlalchemy/connectors/asyncio.py", line 228, in execute
    return self.await_(self._execute_async(operation, parameters))
           ^^^^^^^^^^^^^^^^^^^^^^^^^^^^^^^^^^^^^^^^^^^^^^^^^^^^^^^
  File "/home/yuksal21/virtualenv/maestro.yuksalishbot.uz/3.12/lib64/python3.12/site-packages/sqlalchemy/util/_concurrency_py3k.py", line 132, in await_only
    return current.parent.switch(awaitable)  # type: ignore[no-any-return,attr-defined] # noqa: E501
           ^^^^^^^^^^^^^^^^^^^^^^^^^^^^^^^^
  File "/home/yuksal21/virtualenv/maestro.yuksalishbot.uz/3.12/lib64/python3.12/site-packages/sqlalchemy/util/_concurrency_py3k.py", line 196, in greenlet_spawn
    value = await result
            ^^^^^^^^^^^^
  File "/home/yuksal21/virtualenv/maestro.yuksalishbot.uz/3.12/lib64/python3.12/site-packages/sqlalchemy/connectors/asyncio.py", line 251, in _execute_async
    result = await self._cursor.execute(operation, parameters)
             ^^^^^^^^^^^^^^^^^^^^^^^^^^^^^^^^^^^^^^^^^^^^^^^^^
  File "/home/yuksal21/virtualenv/maestro.yuksalishbot.uz/3.12/lib/python3.12/site-packages/aiomysql/cursors.py", line 239, in execute
    await self._query(query)
  File "/home/yuksal21/virtualenv/maestro.yuksalishbot.uz/3.12/lib/python3.12/site-packages/aiomysql/cursors.py", line 457, in _query
    await conn.query(q)
  File "/home/yuksal21/virtualenv/maestro.yuksalishbot.uz/3.12/lib/python3.12/site-packages/aiomysql/connection.py", line 469, in query
    await self._read_query_result(unbuffered=unbuffered)
  File "/home/yuksal21/virtualenv/maestro.yuksalishbot.uz/3.12/lib/python3.12/site-packages/aiomysql/connection.py", line 683, in _read_query_result
    await result.read()
  File "/home/yuksal21/virtualenv/maestro.yuksalishbot.uz/3.12/lib/python3.12/site-packages/aiomysql/connection.py", line 1164, in read
    first_packet = await self.connection._read_packet()
                   ^^^^^^^^^^^^^^^^^^^^^^^^^^^^^^^^^^^^
  File "/home/yuksal21/virtualenv/maestro.yuksalishbot.uz/3.12/lib/python3.12/site-packages/aiomysql/connection.py", line 609, in _read_packet
    packet_header = await self._read_bytes(4)
                    ^^^^^^^^^^^^^^^^^^^^^^^^^
  File "/home/yuksal21/virtualenv/maestro.yuksalishbot.uz/3.12/lib/python3.12/site-packages/aiomysql/connection.py", line 661, in _read_bytes
    raise OperationalError(CR.CR_SERVER_LOST, msg) from e
pymysql.err.OperationalError: (2013, 'Lost connection to MySQL server during query')

The above exception was the direct cause of the following exception:

Traceback (most recent call last):
  File "/home/yuksal21/virtualenv/maestro.yuksalishbot.uz/3.12/lib/python3.12/site-packages/aiogram/dispatcher/dispatcher.py", line 320, in _process_update
    response = await self.feed_update(bot, update, **kwargs)
               ^^^^^^^^^^^^^^^^^^^^^^^^^^^^^^^^^^^^^^^^^^^^^
  File "/home/yuksal21/virtualenv/maestro.yuksalishbot.uz/3.12/lib/python3.12/site-packages/aiogram/dispatcher/dispatcher.py", line 164, in feed_update
    response = await self.update.wrap_outer_middleware(
               ^^^^^^^^^^^^^^^^^^^^^^^^^^^^^^^^^^^^^^^^
  File "/home/yuksal21/virtualenv/maestro.yuksalishbot.uz/3.12/lib/python3.12/site-packages/aiogram/dispatcher/middlewares/error.py", line 27, in __call__
    return await handler(event, data)
           ^^^^^^^^^^^^^^^^^^^^^^^^^^
  File "/home/yuksal21/virtualenv/maestro.yuksalishbot.uz/3.12/lib/python3.12/site-packages/aiogram/dispatcher/middlewares/user_context.py", line 58, in __call__
    return await handler(event, data)
           ^^^^^^^^^^^^^^^^^^^^^^^^^^
  File "/home/yuksal21/virtualenv/maestro.yuksalishbot.uz/3.12/lib/python3.12/site-packages/aiogram/fsm/middleware.py", line 43, in __call__
    return await handler(event, data)
           ^^^^^^^^^^^^^^^^^^^^^^^^^^
  File "/home/yuksal21/virtualenv/maestro.yuksalishbot.uz/3.12/lib/python3.12/site-packages/aiogram/dispatcher/event/telegram.py", line 126, in trigger
    return await wrapped_inner(event, kwargs)
           ^^^^^^^^^^^^^^^^^^^^^^^^^^^^^^^^^^
  File "/home/yuksal21/virtualenv/maestro.yuksalishbot.uz/3.12/lib/python3.12/site-packages/aiogram/dispatcher/event/handler.py", line 71, in call
    return await wrapped()
           ^^^^^^^^^^^^^^^
  File "/home/yuksal21/virtualenv/maestro.yuksalishbot.uz/3.12/lib/python3.12/site-packages/aiogram/dispatcher/dispatcher.py", line 283, in _listen_update
    return await self.propagate_event(update_type=update_type, event=event, **kwargs)
           ^^^^^^^^^^^^^^^^^^^^^^^^^^^^^^^^^^^^^^^^^^^^^^^^^^^^^^^^^^^^^^^^^^^^^^^^^^
  File "/home/yuksal21/virtualenv/maestro.yuksalishbot.uz/3.12/lib/python3.12/site-packages/aiogram/dispatcher/router.py", line 161, in propagate_event
    return await observer.wrap_outer_middleware(_wrapped, event=event, data=kwargs)
           ^^^^^^^^^^^^^^^^^^^^^^^^^^^^^^^^^^^^^^^^^^^^^^^^^^^^^^^^^^^^^^^^^^^^^^^^
  File "/home/yuksal21/virtualenv/maestro.yuksalishbot.uz/3.12/lib/python3.12/site-packages/aiogram/dispatcher/router.py", line 153, in _wrapped
    return await self._propagate_event(
           ^^^^^^^^^^^^^^^^^^^^^^^^^^^^
  File "/home/yuksal21/virtualenv/maestro.yuksalishbot.uz/3.12/lib/python3.12/site-packages/aiogram/dispatcher/router.py", line 181, in _propagate_event
    response = await observer.trigger(event, **kwargs)
               ^^^^^^^^^^^^^^^^^^^^^^^^^^^^^^^^^^^^^^^
  File "/home/yuksal21/virtualenv/maestro.yuksalishbot.uz/3.12/lib/python3.12/site-packages/aiogram/dispatcher/event/telegram.py", line 126, in trigger
    return await wrapped_inner(event, kwargs)
           ^^^^^^^^^^^^^^^^^^^^^^^^^^^^^^^^^^
  File "/home/yuksal21/virtualenv/maestro.yuksalishbot.uz/3.12/lib/python3.12/site-packages/aiogram/dispatcher/event/handler.py", line 71, in call
    return await wrapped()
           ^^^^^^^^^^^^^^^
  File "/home/yuksal21/maestro.yuksalishbot.uz/bot.py", line 988, in booking_start_menu
    user = await ensure_registered_message(message)
           ^^^^^^^^^^^^^^^^^^^^^^^^^^^^^^^^^^^^^^^^
  File "/home/yuksal21/maestro.yuksalishbot.uz/bot.py", line 611, in ensure_registered_message
    user = await get_user_by_telegram_id(message.from_user.id)
           ^^^^^^^^^^^^^^^^^^^^^^^^^^^^^^^^^^^^^^^^^^^^^^^^^^^
  File "/home/yuksal21/maestro.yuksalishbot.uz/bot.py", line 544, in get_user_by_telegram_id
    return await session.scalar(select(db.User).where(db.User.telegram_id == telegram_id))
           ^^^^^^^^^^^^^^^^^^^^^^^^^^^^^^^^^^^^^^^^^^^^^^^^^^^^^^^^^^^^^^^^^^^^^^^^^^^^^^^
  File "/home/yuksal21/virtualenv/maestro.yuksalishbot.uz/3.12/lib64/python3.12/site-packages/sqlalchemy/ext/asyncio/session.py", line 505, in scalar
    return await greenlet_spawn(
           ^^^^^^^^^^^^^^^^^^^^^
  File "/home/yuksal21/virtualenv/maestro.yuksalishbot.uz/3.12/lib64/python3.12/site-packages/sqlalchemy/util/_concurrency_py3k.py", line 203, in greenlet_spawn
    result = context.switch(value)
             ^^^^^^^^^^^^^^^^^^^^^
  File "/home/yuksal21/virtualenv/maestro.yuksalishbot.uz/3.12/lib64/python3.12/site-packages/sqlalchemy/orm/session.py", line 2399, in scalar
    return self._execute_internal(
           ^^^^^^^^^^^^^^^^^^^^^^^
  File "/home/yuksal21/virtualenv/maestro.yuksalishbot.uz/3.12/lib64/python3.12/site-packages/sqlalchemy/orm/session.py", line 2249, in _execute_internal
    result: Result[Any] = compile_state_cls.orm_execute_statement(
                          ^^^^^^^^^^^^^^^^^^^^^^^^^^^^^^^^^^^^^^^^
  File "/home/yuksal21/virtualenv/maestro.yuksalishbot.uz/3.12/lib64/python3.12/site-packages/sqlalchemy/orm/context.py", line 306, in orm_execute_statement
    result = conn.execute(
             ^^^^^^^^^^^^^
  File "/home/yuksal21/virtualenv/maestro.yuksalishbot.uz/3.12/lib64/python3.12/site-packages/sqlalchemy/engine/base.py", line 1419, in execute
    return meth(
           ^^^^^
  File "/home/yuksal21/virtualenv/maestro.yuksalishbot.uz/3.12/lib64/python3.12/site-packages/sqlalchemy/sql/elements.py", line 527, in _execute_on_connection
    return connection._execute_clauseelement(
           ^^^^^^^^^^^^^^^^^^^^^^^^^^^^^^^^^^
  File "/home/yuksal21/virtualenv/maestro.yuksalishbot.uz/3.12/lib64/python3.12/site-packages/sqlalchemy/engine/base.py", line 1641, in _execute_clauseelement
    ret = self._execute_context(
          ^^^^^^^^^^^^^^^^^^^^^^
  File "/home/yuksal21/virtualenv/maestro.yuksalishbot.uz/3.12/lib64/python3.12/site-packages/sqlalchemy/engine/base.py", line 1846, in _execute_context
    return self._exec_single_context(
           ^^^^^^^^^^^^^^^^^^^^^^^^^^
  File "/home/yuksal21/virtualenv/maestro.yuksalishbot.uz/3.12/lib64/python3.12/site-packages/sqlalchemy/engine/base.py", line 1986, in _exec_single_context
    self._handle_dbapi_exception(
  File "/home/yuksal21/virtualenv/maestro.yuksalishbot.uz/3.12/lib64/python3.12/site-packages/sqlalchemy/engine/base.py", line 2363, in _handle_dbapi_exception
    raise sqlalchemy_exception.with_traceback(exc_info[2]) from e
  File "/home/yuksal21/virtualenv/maestro.yuksalishbot.uz/3.12/lib64/python3.12/site-packages/sqlalchemy/engine/base.py", line 1967, in _exec_single_context
    self.dialect.do_execute(
  File "/home/yuksal21/virtualenv/maestro.yuksalishbot.uz/3.12/lib64/python3.12/site-packages/sqlalchemy/engine/default.py", line 952, in do_execute
    cursor.execute(statement, parameters)
  File "/home/yuksal21/virtualenv/maestro.yuksalishbot.uz/3.12/lib64/python3.12/site-packages/sqlalchemy/connectors/asyncio.py", line 230, in execute
    self._adapt_connection._handle_exception(error)
  File "/home/yuksal21/virtualenv/maestro.yuksalishbot.uz/3.12/lib64/python3.12/site-packages/sqlalchemy/connectors/asyncio.py", line 368, in _handle_exception
    raise error.with_traceback(exc_info[2])
  File "/home/yuksal21/virtualenv/maestro.yuksalishbot.uz/3.12/lib64/python3.12/site-packages/sqlalchemy/connectors/asyncio.py", line 228, in execute
    return self.await_(self._execute_async(operation, parameters))
           ^^^^^^^^^^^^^^^^^^^^^^^^^^^^^^^^^^^^^^^^^^^^^^^^^^^^^^^
  File "/home/yuksal21/virtualenv/maestro.yuksalishbot.uz/3.12/lib64/python3.12/site-packages/sqlalchemy/util/_concurrency_py3k.py", line 132, in await_only
    return current.parent.switch(awaitable)  # type: ignore[no-any-return,attr-defined] # noqa: E501
           ^^^^^^^^^^^^^^^^^^^^^^^^^^^^^^^^
  File "/home/yuksal21/virtualenv/maestro.yuksalishbot.uz/3.12/lib64/python3.12/site-packages/sqlalchemy/util/_concurrency_py3k.py", line 196, in greenlet_spawn
    value = await result
            ^^^^^^^^^^^^
  File "/home/yuksal21/virtualenv/maestro.yuksalishbot.uz/3.12/lib64/python3.12/site-packages/sqlalchemy/connectors/asyncio.py", line 251, in _execute_async
    result = await self._cursor.execute(operation, parameters)
             ^^^^^^^^^^^^^^^^^^^^^^^^^^^^^^^^^^^^^^^^^^^^^^^^^
  File "/home/yuksal21/virtualenv/maestro.yuksalishbot.uz/3.12/lib/python3.12/site-packages/aiomysql/cursors.py", line 239, in execute
    await self._query(query)
  File "/home/yuksal21/virtualenv/maestro.yuksalishbot.uz/3.12/lib/python3.12/site-packages/aiomysql/cursors.py", line 457, in _query
    await conn.query(q)
  File "/home/yuksal21/virtualenv/maestro.yuksalishbot.uz/3.12/lib/python3.12/site-packages/aiomysql/connection.py", line 469, in query
    await self._read_query_result(unbuffered=unbuffered)
  File "/home/yuksal21/virtualenv/maestro.yuksalishbot.uz/3.12/lib/python3.12/site-packages/aiomysql/connection.py", line 683, in _read_query_result
    await result.read()
  File "/home/yuksal21/virtualenv/maestro.yuksalishbot.uz/3.12/lib/python3.12/site-packages/aiomysql/connection.py", line 1164, in read
    first_packet = await self.connection._read_packet()
                   ^^^^^^^^^^^^^^^^^^^^^^^^^^^^^^^^^^^^
  File "/home/yuksal21/virtualenv/maestro.yuksalishbot.uz/3.12/lib/python3.12/site-packages/aiomysql/connection.py", line 609, in _read_packet
    packet_header = await self._read_bytes(4)
                    ^^^^^^^^^^^^^^^^^^^^^^^^^
  File "/home/yuksal21/virtualenv/maestro.yuksalishbot.uz/3.12/lib/python3.12/site-packages/aiomysql/connection.py", line 661, in _read_bytes
    raise OperationalError(CR.CR_SERVER_LOST, msg) from e
sqlalchemy.exc.OperationalError: (pymysql.err.OperationalError) (2013, 'Lost connection to MySQL server during query')
[SQL: SELECT users.id, users.telegram_id, users.first_name, users.phone_number, users.language_code, users.role, users.subscription_until, users.is_active 
FROM users 
WHERE users.telegram_id = %s]
[parameters: (372688693,)]
(Background on this error at: https://sqlalche.me/e/20/e3q8)
INFO:aiogram.event:Update id=863691853 is handled. Duration 150 ms by bot id=8403442567
INFO:aiogram.event:Update id=863691854 is handled. Duration 287 ms by bot id=8403442567
INFO:aiogram.event:Update id=863691855 is handled. Duration 115 ms by bot id=8403442567
INFO:aiogram.event:Update id=863691856 is not handled. Duration 1 ms by bot id=8403442567
ERROR:aiogram.event:Cause exception while process update id=863691856 by bot id=8403442567
OperationalError: (pymysql.err.OperationalError) (2013, 'Lost connection to MySQL server during query')
[SQL: SELECT users.id, users.telegram_id, users.first_name, users.phone_number, users.language_code, users.role, users.subscription_until, users.is_active 
FROM users 
WHERE users.telegram_id = %s]
[parameters: (372688693,)]
(Background on this error at: https://sqlalche.me/e/20/e3q8)
Traceback (most recent call last):
  File "/home/yuksal21/virtualenv/maestro.yuksalishbot.uz/3.12/lib/python3.12/site-packages/aiomysql/connection.py", line 657, in _read_bytes
    data = await self._reader.readexactly(num_bytes)
           ^^^^^^^^^^^^^^^^^^^^^^^^^^^^^^^^^^^^^^^^^
  File "/opt/alt/python312/lib64/python3.12/asyncio/streams.py", line 750, in readexactly
    raise exceptions.IncompleteReadError(incomplete, n)
asyncio.exceptions.IncompleteReadError: 0 bytes read on a total of 4 expected bytes

The above exception was the direct cause of the following exception:

Traceback (most recent call last):
  File "/home/yuksal21/virtualenv/maestro.yuksalishbot.uz/3.12/lib64/python3.12/site-packages/sqlalchemy/engine/base.py", line 1967, in _exec_single_context
    self.dialect.do_execute(
  File "/home/yuksal21/virtualenv/maestro.yuksalishbot.uz/3.12/lib64/python3.12/site-packages/sqlalchemy/engine/default.py", line 952, in do_execute
    cursor.execute(statement, parameters)
  File "/home/yuksal21/virtualenv/maestro.yuksalishbot.uz/3.12/lib64/python3.12/site-packages/sqlalchemy/connectors/asyncio.py", line 230, in execute
    self._adapt_connection._handle_exception(error)
  File "/home/yuksal21/virtualenv/maestro.yuksalishbot.uz/3.12/lib64/python3.12/site-packages/sqlalchemy/connectors/asyncio.py", line 368, in _handle_exception
    raise error.with_traceback(exc_info[2])
  File "/home/yuksal21/virtualenv/maestro.yuksalishbot.uz/3.12/lib64/python3.12/site-packages/sqlalchemy/connectors/asyncio.py", line 228, in execute
    return self.await_(self._execute_async(operation, parameters))
           ^^^^^^^^^^^^^^^^^^^^^^^^^^^^^^^^^^^^^^^^^^^^^^^^^^^^^^^
  File "/home/yuksal21/virtualenv/maestro.yuksalishbot.uz/3.12/lib64/python3.12/site-packages/sqlalchemy/util/_concurrency_py3k.py", line 132, in await_only
    return current.parent.switch(awaitable)  # type: ignore[no-any-return,attr-defined] # noqa: E501
           ^^^^^^^^^^^^^^^^^^^^^^^^^^^^^^^^
  File "/home/yuksal21/virtualenv/maestro.yuksalishbot.uz/3.12/lib64/python3.12/site-packages/sqlalchemy/util/_concurrency_py3k.py", line 196, in greenlet_spawn
    value = await result
            ^^^^^^^^^^^^
  File "/home/yuksal21/virtualenv/maestro.yuksalishbot.uz/3.12/lib64/python3.12/site-packages/sqlalchemy/connectors/asyncio.py", line 251, in _execute_async
    result = await self._cursor.execute(operation, parameters)
             ^^^^^^^^^^^^^^^^^^^^^^^^^^^^^^^^^^^^^^^^^^^^^^^^^
  File "/home/yuksal21/virtualenv/maestro.yuksalishbot.uz/3.12/lib/python3.12/site-packages/aiomysql/cursors.py", line 239, in execute
    await self._query(query)
  File "/home/yuksal21/virtualenv/maestro.yuksalishbot.uz/3.12/lib/python3.12/site-packages/aiomysql/cursors.py", line 457, in _query
    await conn.query(q)
  File "/home/yuksal21/virtualenv/maestro.yuksalishbot.uz/3.12/lib/python3.12/site-packages/aiomysql/connection.py", line 469, in query
    await self._read_query_result(unbuffered=unbuffered)
  File "/home/yuksal21/virtualenv/maestro.yuksalishbot.uz/3.12/lib/python3.12/site-packages/aiomysql/connection.py", line 683, in _read_query_result
    await result.read()
  File "/home/yuksal21/virtualenv/maestro.yuksalishbot.uz/3.12/lib/python3.12/site-packages/aiomysql/connection.py", line 1164, in read
    first_packet = await self.connection._read_packet()
                   ^^^^^^^^^^^^^^^^^^^^^^^^^^^^^^^^^^^^
  File "/home/yuksal21/virtualenv/maestro.yuksalishbot.uz/3.12/lib/python3.12/site-packages/aiomysql/connection.py", line 609, in _read_packet
    packet_header = await self._read_bytes(4)
                    ^^^^^^^^^^^^^^^^^^^^^^^^^
  File "/home/yuksal21/virtualenv/maestro.yuksalishbot.uz/3.12/lib/python3.12/site-packages/aiomysql/connection.py", line 661, in _read_bytes
    raise OperationalError(CR.CR_SERVER_LOST, msg) from e
pymysql.err.OperationalError: (2013, 'Lost connection to MySQL server during query')

The above exception was the direct cause of the following exception:

Traceback (most recent call last):
  File "/home/yuksal21/virtualenv/maestro.yuksalishbot.uz/3.12/lib/python3.12/site-packages/aiogram/dispatcher/dispatcher.py", line 320, in _process_update
    response = await self.feed_update(bot, update, **kwargs)
               ^^^^^^^^^^^^^^^^^^^^^^^^^^^^^^^^^^^^^^^^^^^^^
  File "/home/yuksal21/virtualenv/maestro.yuksalishbot.uz/3.12/lib/python3.12/site-packages/aiogram/dispatcher/dispatcher.py", line 164, in feed_update
    response = await self.update.wrap_outer_middleware(
               ^^^^^^^^^^^^^^^^^^^^^^^^^^^^^^^^^^^^^^^^
  File "/home/yuksal21/virtualenv/maestro.yuksalishbot.uz/3.12/lib/python3.12/site-packages/aiogram/dispatcher/middlewares/error.py", line 27, in __call__
    return await handler(event, data)
           ^^^^^^^^^^^^^^^^^^^^^^^^^^
  File "/home/yuksal21/virtualenv/maestro.yuksalishbot.uz/3.12/lib/python3.12/site-packages/aiogram/dispatcher/middlewares/user_context.py", line 58, in __call__
    return await handler(event, data)
           ^^^^^^^^^^^^^^^^^^^^^^^^^^
  File "/home/yuksal21/virtualenv/maestro.yuksalishbot.uz/3.12/lib/python3.12/site-packages/aiogram/fsm/middleware.py", line 43, in __call__
    return await handler(event, data)
           ^^^^^^^^^^^^^^^^^^^^^^^^^^
  File "/home/yuksal21/virtualenv/maestro.yuksalishbot.uz/3.12/lib/python3.12/site-packages/aiogram/dispatcher/event/telegram.py", line 126, in trigger
    return await wrapped_inner(event, kwargs)
           ^^^^^^^^^^^^^^^^^^^^^^^^^^^^^^^^^^
  File "/home/yuksal21/virtualenv/maestro.yuksalishbot.uz/3.12/lib/python3.12/site-packages/aiogram/dispatcher/event/handler.py", line 71, in call
    return await wrapped()
           ^^^^^^^^^^^^^^^
  File "/home/yuksal21/virtualenv/maestro.yuksalishbot.uz/3.12/lib/python3.12/site-packages/aiogram/dispatcher/dispatcher.py", line 283, in _listen_update
    return await self.propagate_event(update_type=update_type, event=event, **kwargs)
           ^^^^^^^^^^^^^^^^^^^^^^^^^^^^^^^^^^^^^^^^^^^^^^^^^^^^^^^^^^^^^^^^^^^^^^^^^^
  File "/home/yuksal21/virtualenv/maestro.yuksalishbot.uz/3.12/lib/python3.12/site-packages/aiogram/dispatcher/router.py", line 161, in propagate_event
    return await observer.wrap_outer_middleware(_wrapped, event=event, data=kwargs)
           ^^^^^^^^^^^^^^^^^^^^^^^^^^^^^^^^^^^^^^^^^^^^^^^^^^^^^^^^^^^^^^^^^^^^^^^^
  File "/home/yuksal21/virtualenv/maestro.yuksalishbot.uz/3.12/lib/python3.12/site-packages/aiogram/dispatcher/router.py", line 153, in _wrapped
    return await self._propagate_event(
           ^^^^^^^^^^^^^^^^^^^^^^^^^^^^
  File "/home/yuksal21/virtualenv/maestro.yuksalishbot.uz/3.12/lib/python3.12/site-packages/aiogram/dispatcher/router.py", line 181, in _propagate_event
    response = await observer.trigger(event, **kwargs)
               ^^^^^^^^^^^^^^^^^^^^^^^^^^^^^^^^^^^^^^^
  File "/home/yuksal21/virtualenv/maestro.yuksalishbot.uz/3.12/lib/python3.12/site-packages/aiogram/dispatcher/event/telegram.py", line 126, in trigger
    return await wrapped_inner(event, kwargs)
           ^^^^^^^^^^^^^^^^^^^^^^^^^^^^^^^^^^
  File "/home/yuksal21/virtualenv/maestro.yuksalishbot.uz/3.12/lib/python3.12/site-packages/aiogram/dispatcher/event/handler.py", line 71, in call
    return await wrapped()
           ^^^^^^^^^^^^^^^
  File "/home/yuksal21/maestro.yuksalishbot.uz/bot.py", line 960, in process_search_input
    success = await run_search_input_flow(message, search_type)
              ^^^^^^^^^^^^^^^^^^^^^^^^^^^^^^^^^^^^^^^^^^^^^^^^^
  File "/home/yuksal21/maestro.yuksalishbot.uz/bot.py", line 877, in run_search_input_flow
    lang = await get_user_lang(message.from_user.id)
           ^^^^^^^^^^^^^^^^^^^^^^^^^^^^^^^^^^^^^^^^^
  File "/home/yuksal21/maestro.yuksalishbot.uz/bot.py", line 548, in get_user_lang
    user = await get_user_by_telegram_id(telegram_id)
           ^^^^^^^^^^^^^^^^^^^^^^^^^^^^^^^^^^^^^^^^^^
  File "/home/yuksal21/maestro.yuksalishbot.uz/bot.py", line 544, in get_user_by_telegram_id
    return await session.scalar(select(db.User).where(db.User.telegram_id == telegram_id))
           ^^^^^^^^^^^^^^^^^^^^^^^^^^^^^^^^^^^^^^^^^^^^^^^^^^^^^^^^^^^^^^^^^^^^^^^^^^^^^^^
  File "/home/yuksal21/virtualenv/maestro.yuksalishbot.uz/3.12/lib64/python3.12/site-packages/sqlalchemy/ext/asyncio/session.py", line 505, in scalar
    return await greenlet_spawn(
           ^^^^^^^^^^^^^^^^^^^^^
  File "/home/yuksal21/virtualenv/maestro.yuksalishbot.uz/3.12/lib64/python3.12/site-packages/sqlalchemy/util/_concurrency_py3k.py", line 203, in greenlet_spawn
    result = context.switch(value)
             ^^^^^^^^^^^^^^^^^^^^^
  File "/home/yuksal21/virtualenv/maestro.yuksalishbot.uz/3.12/lib64/python3.12/site-packages/sqlalchemy/orm/session.py", line 2399, in scalar
    return self._execute_internal(
           ^^^^^^^^^^^^^^^^^^^^^^^
  File "/home/yuksal21/virtualenv/maestro.yuksalishbot.uz/3.12/lib64/python3.12/site-packages/sqlalchemy/orm/session.py", line 2249, in _execute_internal
    result: Result[Any] = compile_state_cls.orm_execute_statement(
                          ^^^^^^^^^^^^^^^^^^^^^^^^^^^^^^^^^^^^^^^^
  File "/home/yuksal21/virtualenv/maestro.yuksalishbot.uz/3.12/lib64/python3.12/site-packages/sqlalchemy/orm/context.py", line 306, in orm_execute_statement
    result = conn.execute(
             ^^^^^^^^^^^^^
  File "/home/yuksal21/virtualenv/maestro.yuksalishbot.uz/3.12/lib64/python3.12/site-packages/sqlalchemy/engine/base.py", line 1419, in execute
    return meth(
           ^^^^^
  File "/home/yuksal21/virtualenv/maestro.yuksalishbot.uz/3.12/lib64/python3.12/site-packages/sqlalchemy/sql/elements.py", line 527, in _execute_on_connection
    return connection._execute_clauseelement(
           ^^^^^^^^^^^^^^^^^^^^^^^^^^^^^^^^^^
  File "/home/yuksal21/virtualenv/maestro.yuksalishbot.uz/3.12/lib64/python3.12/site-packages/sqlalchemy/engine/base.py", line 1641, in _execute_clauseelement
    ret = self._execute_context(
          ^^^^^^^^^^^^^^^^^^^^^^
  File "/home/yuksal21/virtualenv/maestro.yuksalishbot.uz/3.12/lib64/python3.12/site-packages/sqlalchemy/engine/base.py", line 1846, in _execute_context
    return self._exec_single_context(
           ^^^^^^^^^^^^^^^^^^^^^^^^^^
  File "/home/yuksal21/virtualenv/maestro.yuksalishbot.uz/3.12/lib64/python3.12/site-packages/sqlalchemy/engine/base.py", line 1986, in _exec_single_context
    self._handle_dbapi_exception(
  File "/home/yuksal21/virtualenv/maestro.yuksalishbot.uz/3.12/lib64/python3.12/site-packages/sqlalchemy/engine/base.py", line 2363, in _handle_dbapi_exception
    raise sqlalchemy_exception.with_traceback(exc_info[2]) from e
  File "/home/yuksal21/virtualenv/maestro.yuksalishbot.uz/3.12/lib64/python3.12/site-packages/sqlalchemy/engine/base.py", line 1967, in _exec_single_context
    self.dialect.do_execute(
  File "/home/yuksal21/virtualenv/maestro.yuksalishbot.uz/3.12/lib64/python3.12/site-packages/sqlalchemy/engine/default.py", line 952, in do_execute
    cursor.execute(statement, parameters)
  File "/home/yuksal21/virtualenv/maestro.yuksalishbot.uz/3.12/lib64/python3.12/site-packages/sqlalchemy/connectors/asyncio.py", line 230, in execute
    self._adapt_connection._handle_exception(error)
  File "/home/yuksal21/virtualenv/maestro.yuksalishbot.uz/3.12/lib64/python3.12/site-packages/sqlalchemy/connectors/asyncio.py", line 368, in _handle_exception
    raise error.with_traceback(exc_info[2])
  File "/home/yuksal21/virtualenv/maestro.yuksalishbot.uz/3.12/lib64/python3.12/site-packages/sqlalchemy/connectors/asyncio.py", line 228, in execute
    return self.await_(self._execute_async(operation, parameters))
           ^^^^^^^^^^^^^^^^^^^^^^^^^^^^^^^^^^^^^^^^^^^^^^^^^^^^^^^
  File "/home/yuksal21/virtualenv/maestro.yuksalishbot.uz/3.12/lib64/python3.12/site-packages/sqlalchemy/util/_concurrency_py3k.py", line 132, in await_only
    return current.parent.switch(awaitable)  # type: ignore[no-any-return,attr-defined] # noqa: E501
           ^^^^^^^^^^^^^^^^^^^^^^^^^^^^^^^^
  File "/home/yuksal21/virtualenv/maestro.yuksalishbot.uz/3.12/lib64/python3.12/site-packages/sqlalchemy/util/_concurrency_py3k.py", line 196, in greenlet_spawn
    value = await result
            ^^^^^^^^^^^^
  File "/home/yuksal21/virtualenv/maestro.yuksalishbot.uz/3.12/lib64/python3.12/site-packages/sqlalchemy/connectors/asyncio.py", line 251, in _execute_async
    result = await self._cursor.execute(operation, parameters)
             ^^^^^^^^^^^^^^^^^^^^^^^^^^^^^^^^^^^^^^^^^^^^^^^^^
  File "/home/yuksal21/virtualenv/maestro.yuksalishbot.uz/3.12/lib/python3.12/site-packages/aiomysql/cursors.py", line 239, in execute
    await self._query(query)
  File "/home/yuksal21/virtualenv/maestro.yuksalishbot.uz/3.12/lib/python3.12/site-packages/aiomysql/cursors.py", line 457, in _query
    await conn.query(q)
  File "/home/yuksal21/virtualenv/maestro.yuksalishbot.uz/3.12/lib/python3.12/site-packages/aiomysql/connection.py", line 469, in query
    await self._read_query_result(unbuffered=unbuffered)
  File "/home/yuksal21/virtualenv/maestro.yuksalishbot.uz/3.12/lib/python3.12/site-packages/aiomysql/connection.py", line 683, in _read_query_result
    await result.read()
  File "/home/yuksal21/virtualenv/maestro.yuksalishbot.uz/3.12/lib/python3.12/site-packages/aiomysql/connection.py", line 1164, in read
    first_packet = await self.connection._read_packet()
                   ^^^^^^^^^^^^^^^^^^^^^^^^^^^^^^^^^^^^
  File "/home/yuksal21/virtualenv/maestro.yuksalishbot.uz/3.12/lib/python3.12/site-packages/aiomysql/connection.py", line 609, in _read_packet
    packet_header = await self._read_bytes(4)
                    ^^^^^^^^^^^^^^^^^^^^^^^^^
  File "/home/yuksal21/virtualenv/maestro.yuksalishbot.uz/3.12/lib/python3.12/site-packages/aiomysql/connection.py", line 661, in _read_bytes
    raise OperationalError(CR.CR_SERVER_LOST, msg) from e
sqlalchemy.exc.OperationalError: (pymysql.err.OperationalError) (2013, 'Lost connection to MySQL server during query')
[SQL: SELECT users.id, users.telegram_id, users.first_name, users.phone_number, users.language_code, users.role, users.subscription_until, users.is_active 
FROM users 
WHERE users.telegram_id = %s]
[parameters: (372688693,)]
(Background on this error at: https://sqlalche.me/e/20/e3q8)
INFO:aiogram.event:Update id=863691857 is handled. Duration 129 ms by bot id=8403442567
INFO:aiogram.event:Update id=863691858 is handled. Duration 119 ms by bot id=8403442567
INFO:apscheduler.executors.default:Running job "check_reminders (trigger: cron[hour='*', minute='0'], next run at: 2026-03-14 07:00:00 +05)" (scheduled at 2026-03-14 06:00:00+05:00)
ERROR:apscheduler.executors.default:Job "check_reminders (trigger: cron[hour='*', minute='0'], next run at: 2026-03-14 07:00:00 +05)" raised an exception
Traceback (most recent call last):
  File "/home/yuksal21/virtualenv/maestro.yuksalishbot.uz/3.12/lib/python3.12/site-packages/aiomysql/connection.py", line 657, in _read_bytes
    data = await self._reader.readexactly(num_bytes)
           ^^^^^^^^^^^^^^^^^^^^^^^^^^^^^^^^^^^^^^^^^
  File "/opt/alt/python312/lib64/python3.12/asyncio/streams.py", line 750, in readexactly
    raise exceptions.IncompleteReadError(incomplete, n)
asyncio.exceptions.IncompleteReadError: 0 bytes read on a total of 4 expected bytes

The above exception was the direct cause of the following exception:

Traceback (most recent call last):
  File "/home/yuksal21/virtualenv/maestro.yuksalishbot.uz/3.12/lib64/python3.12/site-packages/sqlalchemy/engine/base.py", line 1967, in _exec_single_context
    self.dialect.do_execute(
  File "/home/yuksal21/virtualenv/maestro.yuksalishbot.uz/3.12/lib64/python3.12/site-packages/sqlalchemy/engine/default.py", line 952, in do_execute
    cursor.execute(statement, parameters)
  File "/home/yuksal21/virtualenv/maestro.yuksalishbot.uz/3.12/lib64/python3.12/site-packages/sqlalchemy/connectors/asyncio.py", line 230, in execute
    self._adapt_connection._handle_exception(error)
  File "/home/yuksal21/virtualenv/maestro.yuksalishbot.uz/3.12/lib64/python3.12/site-packages/sqlalchemy/connectors/asyncio.py", line 368, in _handle_exception
    raise error.with_traceback(exc_info[2])
  File "/home/yuksal21/virtualenv/maestro.yuksalishbot.uz/3.12/lib64/python3.12/site-packages/sqlalchemy/connectors/asyncio.py", line 228, in execute
    return self.await_(self._execute_async(operation, parameters))
           ^^^^^^^^^^^^^^^^^^^^^^^^^^^^^^^^^^^^^^^^^^^^^^^^^^^^^^^
  File "/home/yuksal21/virtualenv/maestro.yuksalishbot.uz/3.12/lib64/python3.12/site-packages/sqlalchemy/util/_concurrency_py3k.py", line 132, in await_only
    return current.parent.switch(awaitable)  # type: ignore[no-any-return,attr-defined] # noqa: E501
           ^^^^^^^^^^^^^^^^^^^^^^^^^^^^^^^^
  File "/home/yuksal21/virtualenv/maestro.yuksalishbot.uz/3.12/lib64/python3.12/site-packages/sqlalchemy/util/_concurrency_py3k.py", line 196, in greenlet_spawn
    value = await result
            ^^^^^^^^^^^^
  File "/home/yuksal21/virtualenv/maestro.yuksalishbot.uz/3.12/lib64/python3.12/site-packages/sqlalchemy/connectors/asyncio.py", line 251, in _execute_async
    result = await self._cursor.execute(operation, parameters)
             ^^^^^^^^^^^^^^^^^^^^^^^^^^^^^^^^^^^^^^^^^^^^^^^^^
  File "/home/yuksal21/virtualenv/maestro.yuksalishbot.uz/3.12/lib/python3.12/site-packages/aiomysql/cursors.py", line 239, in execute
    await self._query(query)
  File "/home/yuksal21/virtualenv/maestro.yuksalishbot.uz/3.12/lib/python3.12/site-packages/aiomysql/cursors.py", line 457, in _query
    await conn.query(q)
  File "/home/yuksal21/virtualenv/maestro.yuksalishbot.uz/3.12/lib/python3.12/site-packages/aiomysql/connection.py", line 469, in query
    await self._read_query_result(unbuffered=unbuffered)
  File "/home/yuksal21/virtualenv/maestro.yuksalishbot.uz/3.12/lib/python3.12/site-packages/aiomysql/connection.py", line 683, in _read_query_result
    await result.read()
  File "/home/yuksal21/virtualenv/maestro.yuksalishbot.uz/3.12/lib/python3.12/site-packages/aiomysql/connection.py", line 1164, in read
    first_packet = await self.connection._read_packet()
                   ^^^^^^^^^^^^^^^^^^^^^^^^^^^^^^^^^^^^
  File "/home/yuksal21/virtualenv/maestro.yuksalishbot.uz/3.12/lib/python3.12/site-packages/aiomysql/connection.py", line 609, in _read_packet
    packet_header = await self._read_bytes(4)
                    ^^^^^^^^^^^^^^^^^^^^^^^^^
  File "/home/yuksal21/virtualenv/maestro.yuksalishbot.uz/3.12/lib/python3.12/site-packages/aiomysql/connection.py", line 661, in _read_bytes
    raise OperationalError(CR.CR_SERVER_LOST, msg) from e
pymysql.err.OperationalError: (2013, 'Lost connection to MySQL server during query')

The above exception was the direct cause of the following exception:

Traceback (most recent call last):
  File "/home/yuksal21/virtualenv/maestro.yuksalishbot.uz/3.12/lib/python3.12/site-packages/apscheduler/executors/base.py", line 181, in run_coroutine_job
    retval = await job.func(*job.args, **job.kwargs)
             ^^^^^^^^^^^^^^^^^^^^^^^^^^^^^^^^^^^^^^^
  File "/home/yuksal21/maestro.yuksalishbot.uz/scheduler.py", line 25, in check_reminders
    bookings_to_remind = (await session.execute(query)).scalars().all()
                          ^^^^^^^^^^^^^^^^^^^^^^^^^^^^
  File "/home/yuksal21/virtualenv/maestro.yuksalishbot.uz/3.12/lib64/python3.12/site-packages/sqlalchemy/ext/asyncio/session.py", line 449, in execute
    result = await greenlet_spawn(
             ^^^^^^^^^^^^^^^^^^^^^
  File "/home/yuksal21/virtualenv/maestro.yuksalishbot.uz/3.12/lib64/python3.12/site-packages/sqlalchemy/util/_concurrency_py3k.py", line 203, in greenlet_spawn
    result = context.switch(value)
             ^^^^^^^^^^^^^^^^^^^^^
  File "/home/yuksal21/virtualenv/maestro.yuksalishbot.uz/3.12/lib64/python3.12/site-packages/sqlalchemy/orm/session.py", line 2351, in execute
    return self._execute_internal(
           ^^^^^^^^^^^^^^^^^^^^^^^
  File "/home/yuksal21/virtualenv/maestro.yuksalishbot.uz/3.12/lib64/python3.12/site-packages/sqlalchemy/orm/session.py", line 2249, in _execute_internal
    result: Result[Any] = compile_state_cls.orm_execute_statement(
                          ^^^^^^^^^^^^^^^^^^^^^^^^^^^^^^^^^^^^^^^^
  File "/home/yuksal21/virtualenv/maestro.yuksalishbot.uz/3.12/lib64/python3.12/site-packages/sqlalchemy/orm/context.py", line 306, in orm_execute_statement
    result = conn.execute(
             ^^^^^^^^^^^^^
  File "/home/yuksal21/virtualenv/maestro.yuksalishbot.uz/3.12/lib64/python3.12/site-packages/sqlalchemy/engine/base.py", line 1419, in execute
    return meth(
           ^^^^^
  File "/home/yuksal21/virtualenv/maestro.yuksalishbot.uz/3.12/lib64/python3.12/site-packages/sqlalchemy/sql/elements.py", line 527, in _execute_on_connection
    return connection._execute_clauseelement(
           ^^^^^^^^^^^^^^^^^^^^^^^^^^^^^^^^^^
  File "/home/yuksal21/virtualenv/maestro.yuksalishbot.uz/3.12/lib64/python3.12/site-packages/sqlalchemy/engine/base.py", line 1641, in _execute_clauseelement
    ret = self._execute_context(
          ^^^^^^^^^^^^^^^^^^^^^^
  File "/home/yuksal21/virtualenv/maestro.yuksalishbot.uz/3.12/lib64/python3.12/site-packages/sqlalchemy/engine/base.py", line 1846, in _execute_context
    return self._exec_single_context(
           ^^^^^^^^^^^^^^^^^^^^^^^^^^
  File "/home/yuksal21/virtualenv/maestro.yuksalishbot.uz/3.12/lib64/python3.12/site-packages/sqlalchemy/engine/base.py", line 1986, in _exec_single_context
    self._handle_dbapi_exception(
  File "/home/yuksal21/virtualenv/maestro.yuksalishbot.uz/3.12/lib64/python3.12/site-packages/sqlalchemy/engine/base.py", line 2363, in _handle_dbapi_exception
    raise sqlalchemy_exception.with_traceback(exc_info[2]) from e
  File "/home/yuksal21/virtualenv/maestro.yuksalishbot.uz/3.12/lib64/python3.12/site-packages/sqlalchemy/engine/base.py", line 1967, in _exec_single_context
    self.dialect.do_execute(
  File "/home/yuksal21/virtualenv/maestro.yuksalishbot.uz/3.12/lib64/python3.12/site-packages/sqlalchemy/engine/default.py", line 952, in do_execute
    cursor.execute(statement, parameters)
  File "/home/yuksal21/virtualenv/maestro.yuksalishbot.uz/3.12/lib64/python3.12/site-packages/sqlalchemy/connectors/asyncio.py", line 230, in execute
    self._adapt_connection._handle_exception(error)
  File "/home/yuksal21/virtualenv/maestro.yuksalishbot.uz/3.12/lib64/python3.12/site-packages/sqlalchemy/connectors/asyncio.py", line 368, in _handle_exception
    raise error.with_traceback(exc_info[2])
  File "/home/yuksal21/virtualenv/maestro.yuksalishbot.uz/3.12/lib64/python3.12/site-packages/sqlalchemy/connectors/asyncio.py", line 228, in execute
    return self.await_(self._execute_async(operation, parameters))
           ^^^^^^^^^^^^^^^^^^^^^^^^^^^^^^^^^^^^^^^^^^^^^^^^^^^^^^^
  File "/home/yuksal21/virtualenv/maestro.yuksalishbot.uz/3.12/lib64/python3.12/site-packages/sqlalchemy/util/_concurrency_py3k.py", line 132, in await_only
    return current.parent.switch(awaitable)  # type: ignore[no-any-return,attr-defined] # noqa: E501
           ^^^^^^^^^^^^^^^^^^^^^^^^^^^^^^^^
  File "/home/yuksal21/virtualenv/maestro.yuksalishbot.uz/3.12/lib64/python3.12/site-packages/sqlalchemy/util/_concurrency_py3k.py", line 196, in greenlet_spawn
    value = await result
            ^^^^^^^^^^^^
  File "/home/yuksal21/virtualenv/maestro.yuksalishbot.uz/3.12/lib64/python3.12/site-packages/sqlalchemy/connectors/asyncio.py", line 251, in _execute_async
    result = await self._cursor.execute(operation, parameters)
             ^^^^^^^^^^^^^^^^^^^^^^^^^^^^^^^^^^^^^^^^^^^^^^^^^
  File "/home/yuksal21/virtualenv/maestro.yuksalishbot.uz/3.12/lib/python3.12/site-packages/aiomysql/cursors.py", line 239, in execute
    await self._query(query)
  File "/home/yuksal21/virtualenv/maestro.yuksalishbot.uz/3.12/lib/python3.12/site-packages/aiomysql/cursors.py", line 457, in _query
    await conn.query(q)
  File "/home/yuksal21/virtualenv/maestro.yuksalishbot.uz/3.12/lib/python3.12/site-packages/aiomysql/connection.py", line 469, in query
    await self._read_query_result(unbuffered=unbuffered)
  File "/home/yuksal21/virtualenv/maestro.yuksalishbot.uz/3.12/lib/python3.12/site-packages/aiomysql/connection.py", line 683, in _read_query_result
    await result.read()
  File "/home/yuksal21/virtualenv/maestro.yuksalishbot.uz/3.12/lib/python3.12/site-packages/aiomysql/connection.py", line 1164, in read
    first_packet = await self.connection._read_packet()
                   ^^^^^^^^^^^^^^^^^^^^^^^^^^^^^^^^^^^^
  File "/home/yuksal21/virtualenv/maestro.yuksalishbot.uz/3.12/lib/python3.12/site-packages/aiomysql/connection.py", line 609, in _read_packet
    packet_header = await self._read_bytes(4)
                    ^^^^^^^^^^^^^^^^^^^^^^^^^
  File "/home/yuksal21/virtualenv/maestro.yuksalishbot.uz/3.12/lib/python3.12/site-packages/aiomysql/connection.py", line 661, in _read_bytes
    raise OperationalError(CR.CR_SERVER_LOST, msg) from e
sqlalchemy.exc.OperationalError: (pymysql.err.OperationalError) (2013, 'Lost connection to MySQL server during query')
[SQL: SELECT bookings.id, bookings.user_id, bookings.stylist_id, bookings.service_id, bookings.datetime, bookings.status, bookings.rating, bookings.review_text, users_1.id AS id_1, users_1.telegram_id, users_1.first_name, users_1.phone_number, users_1.language_code, users_1.role, users_1.subscription_until, users_1.is_active 
FROM bookings LEFT OUTER JOIN users AS users_1 ON users_1.id = bookings.user_id 
WHERE bookings.status = %s AND bookings.datetime >= %s AND bookings.datetime < %s]
[parameters: ('approved', '2026-03-15 06:00', '2026-03-15 07:00')]
(Background on this error at: https://sqlalche.me/e/20/e3q8)
INFO:apscheduler.executors.default:Running job "check_reminders (trigger: cron[hour='*', minute='0'], next run at: 2026-03-14 08:00:00 +05)" (scheduled at 2026-03-14 07:00:00+05:00)
INFO:apscheduler.executors.default:Job "check_reminders (trigger: cron[hour='*', minute='0'], next run at: 2026-03-14 08:00:00 +05)" executed successfully
INFO:apscheduler.executors.default:Running job "check_reminders (trigger: cron[hour='*', minute='0'], next run at: 2026-03-14 09:00:00 +05)" (scheduled at 2026-03-14 08:00:00+05:00)
INFO:apscheduler.executors.default:Job "check_reminders (trigger: cron[hour='*', minute='0'], next run at: 2026-03-14 09:00:00 +05)" executed successfully
INFO:apscheduler.executors.default:Running job "check_reminders (trigger: cron[hour='*', minute='0'], next run at: 2026-03-14 10:00:00 +05)" (scheduled at 2026-03-14 09:00:00+05:00)
ERROR:apscheduler.executors.default:Job "check_reminders (trigger: cron[hour='*', minute='0'], next run at: 2026-03-14 10:00:00 +05)" raised an exception
Traceback (most recent call last):
  File "/home/yuksal21/virtualenv/maestro.yuksalishbot.uz/3.12/lib/python3.12/site-packages/aiomysql/connection.py", line 657, in _read_bytes
    data = await self._reader.readexactly(num_bytes)
           ^^^^^^^^^^^^^^^^^^^^^^^^^^^^^^^^^^^^^^^^^
  File "/opt/alt/python312/lib64/python3.12/asyncio/streams.py", line 750, in readexactly
    raise exceptions.IncompleteReadError(incomplete, n)
asyncio.exceptions.IncompleteReadError: 0 bytes read on a total of 4 expected bytes

The above exception was the direct cause of the following exception:

Traceback (most recent call last):
  File "/home/yuksal21/virtualenv/maestro.yuksalishbot.uz/3.12/lib64/python3.12/site-packages/sqlalchemy/engine/base.py", line 1967, in _exec_single_context
    self.dialect.do_execute(
  File "/home/yuksal21/virtualenv/maestro.yuksalishbot.uz/3.12/lib64/python3.12/site-packages/sqlalchemy/engine/default.py", line 952, in do_execute
    cursor.execute(statement, parameters)
  File "/home/yuksal21/virtualenv/maestro.yuksalishbot.uz/3.12/lib64/python3.12/site-packages/sqlalchemy/connectors/asyncio.py", line 230, in execute
    self._adapt_connection._handle_exception(error)
  File "/home/yuksal21/virtualenv/maestro.yuksalishbot.uz/3.12/lib64/python3.12/site-packages/sqlalchemy/connectors/asyncio.py", line 368, in _handle_exception
    raise error.with_traceback(exc_info[2])
  File "/home/yuksal21/virtualenv/maestro.yuksalishbot.uz/3.12/lib64/python3.12/site-packages/sqlalchemy/connectors/asyncio.py", line 228, in execute
    return self.await_(self._execute_async(operation, parameters))
           ^^^^^^^^^^^^^^^^^^^^^^^^^^^^^^^^^^^^^^^^^^^^^^^^^^^^^^^
  File "/home/yuksal21/virtualenv/maestro.yuksalishbot.uz/3.12/lib64/python3.12/site-packages/sqlalchemy/util/_concurrency_py3k.py", line 132, in await_only
    return current.parent.switch(awaitable)  # type: ignore[no-any-return,attr-defined] # noqa: E501
           ^^^^^^^^^^^^^^^^^^^^^^^^^^^^^^^^
  File "/home/yuksal21/virtualenv/maestro.yuksalishbot.uz/3.12/lib64/python3.12/site-packages/sqlalchemy/util/_concurrency_py3k.py", line 196, in greenlet_spawn
    value = await result
            ^^^^^^^^^^^^
  File "/home/yuksal21/virtualenv/maestro.yuksalishbot.uz/3.12/lib64/python3.12/site-packages/sqlalchemy/connectors/asyncio.py", line 251, in _execute_async
    result = await self._cursor.execute(operation, parameters)
             ^^^^^^^^^^^^^^^^^^^^^^^^^^^^^^^^^^^^^^^^^^^^^^^^^
  File "/home/yuksal21/virtualenv/maestro.yuksalishbot.uz/3.12/lib/python3.12/site-packages/aiomysql/cursors.py", line 239, in execute
    await self._query(query)
  File "/home/yuksal21/virtualenv/maestro.yuksalishbot.uz/3.12/lib/python3.12/site-packages/aiomysql/cursors.py", line 457, in _query
    await conn.query(q)
  File "/home/yuksal21/virtualenv/maestro.yuksalishbot.uz/3.12/lib/python3.12/site-packages/aiomysql/connection.py", line 469, in query
    await self._read_query_result(unbuffered=unbuffered)
  File "/home/yuksal21/virtualenv/maestro.yuksalishbot.uz/3.12/lib/python3.12/site-packages/aiomysql/connection.py", line 683, in _read_query_result
    await result.read()
  File "/home/yuksal21/virtualenv/maestro.yuksalishbot.uz/3.12/lib/python3.12/site-packages/aiomysql/connection.py", line 1164, in read
    first_packet = await self.connection._read_packet()
                   ^^^^^^^^^^^^^^^^^^^^^^^^^^^^^^^^^^^^
  File "/home/yuksal21/virtualenv/maestro.yuksalishbot.uz/3.12/lib/python3.12/site-packages/aiomysql/connection.py", line 609, in _read_packet
    packet_header = await self._read_bytes(4)
                    ^^^^^^^^^^^^^^^^^^^^^^^^^
  File "/home/yuksal21/virtualenv/maestro.yuksalishbot.uz/3.12/lib/python3.12/site-packages/aiomysql/connection.py", line 661, in _read_bytes
    raise OperationalError(CR.CR_SERVER_LOST, msg) from e
pymysql.err.OperationalError: (2013, 'Lost connection to MySQL server during query')

The above exception was the direct cause of the following exception:

Traceback (most recent call last):
  File "/home/yuksal21/virtualenv/maestro.yuksalishbot.uz/3.12/lib/python3.12/site-packages/apscheduler/executors/base.py", line 181, in run_coroutine_job
    retval = await job.func(*job.args, **job.kwargs)
             ^^^^^^^^^^^^^^^^^^^^^^^^^^^^^^^^^^^^^^^
  File "/home/yuksal21/maestro.yuksalishbot.uz/scheduler.py", line 25, in check_reminders
    bookings_to_remind = (await session.execute(query)).scalars().all()
                          ^^^^^^^^^^^^^^^^^^^^^^^^^^^^
  File "/home/yuksal21/virtualenv/maestro.yuksalishbot.uz/3.12/lib64/python3.12/site-packages/sqlalchemy/ext/asyncio/session.py", line 449, in execute
    result = await greenlet_spawn(
             ^^^^^^^^^^^^^^^^^^^^^
  File "/home/yuksal21/virtualenv/maestro.yuksalishbot.uz/3.12/lib64/python3.12/site-packages/sqlalchemy/util/_concurrency_py3k.py", line 203, in greenlet_spawn
    result = context.switch(value)
             ^^^^^^^^^^^^^^^^^^^^^
  File "/home/yuksal21/virtualenv/maestro.yuksalishbot.uz/3.12/lib64/python3.12/site-packages/sqlalchemy/orm/session.py", line 2351, in execute
    return self._execute_internal(
           ^^^^^^^^^^^^^^^^^^^^^^^
  File "/home/yuksal21/virtualenv/maestro.yuksalishbot.uz/3.12/lib64/python3.12/site-packages/sqlalchemy/orm/session.py", line 2249, in _execute_internal
    result: Result[Any] = compile_state_cls.orm_execute_statement(
                          ^^^^^^^^^^^^^^^^^^^^^^^^^^^^^^^^^^^^^^^^
  File "/home/yuksal21/virtualenv/maestro.yuksalishbot.uz/3.12/lib64/python3.12/site-packages/sqlalchemy/orm/context.py", line 306, in orm_execute_statement
    result = conn.execute(
             ^^^^^^^^^^^^^
  File "/home/yuksal21/virtualenv/maestro.yuksalishbot.uz/3.12/lib64/python3.12/site-packages/sqlalchemy/engine/base.py", line 1419, in execute
    return meth(
           ^^^^^
  File "/home/yuksal21/virtualenv/maestro.yuksalishbot.uz/3.12/lib64/python3.12/site-packages/sqlalchemy/sql/elements.py", line 527, in _execute_on_connection
    return connection._execute_clauseelement(
           ^^^^^^^^^^^^^^^^^^^^^^^^^^^^^^^^^^
  File "/home/yuksal21/virtualenv/maestro.yuksalishbot.uz/3.12/lib64/python3.12/site-packages/sqlalchemy/engine/base.py", line 1641, in _execute_clauseelement
    ret = self._execute_context(
          ^^^^^^^^^^^^^^^^^^^^^^
  File "/home/yuksal21/virtualenv/maestro.yuksalishbot.uz/3.12/lib64/python3.12/site-packages/sqlalchemy/engine/base.py", line 1846, in _execute_context
    return self._exec_single_context(
           ^^^^^^^^^^^^^^^^^^^^^^^^^^
  File "/home/yuksal21/virtualenv/maestro.yuksalishbot.uz/3.12/lib64/python3.12/site-packages/sqlalchemy/engine/base.py", line 1986, in _exec_single_context
    self._handle_dbapi_exception(
  File "/home/yuksal21/virtualenv/maestro.yuksalishbot.uz/3.12/lib64/python3.12/site-packages/sqlalchemy/engine/base.py", line 2363, in _handle_dbapi_exception
    raise sqlalchemy_exception.with_traceback(exc_info[2]) from e
  File "/home/yuksal21/virtualenv/maestro.yuksalishbot.uz/3.12/lib64/python3.12/site-packages/sqlalchemy/engine/base.py", line 1967, in _exec_single_context
    self.dialect.do_execute(
  File "/home/yuksal21/virtualenv/maestro.yuksalishbot.uz/3.12/lib64/python3.12/site-packages/sqlalchemy/engine/default.py", line 952, in do_execute
    cursor.execute(statement, parameters)
  File "/home/yuksal21/virtualenv/maestro.yuksalishbot.uz/3.12/lib64/python3.12/site-packages/sqlalchemy/connectors/asyncio.py", line 230, in execute
    self._adapt_connection._handle_exception(error)
  File "/home/yuksal21/virtualenv/maestro.yuksalishbot.uz/3.12/lib64/python3.12/site-packages/sqlalchemy/connectors/asyncio.py", line 368, in _handle_exception
    raise error.with_traceback(exc_info[2])
  File "/home/yuksal21/virtualenv/maestro.yuksalishbot.uz/3.12/lib64/python3.12/site-packages/sqlalchemy/connectors/asyncio.py", line 228, in execute
    return self.await_(self._execute_async(operation, parameters))
           ^^^^^^^^^^^^^^^^^^^^^^^^^^^^^^^^^^^^^^^^^^^^^^^^^^^^^^^
  File "/home/yuksal21/virtualenv/maestro.yuksalishbot.uz/3.12/lib64/python3.12/site-packages/sqlalchemy/util/_concurrency_py3k.py", line 132, in await_only
    return current.parent.switch(awaitable)  # type: ignore[no-any-return,attr-defined] # noqa: E501
           ^^^^^^^^^^^^^^^^^^^^^^^^^^^^^^^^
  File "/home/yuksal21/virtualenv/maestro.yuksalishbot.uz/3.12/lib64/python3.12/site-packages/sqlalchemy/util/_concurrency_py3k.py", line 196, in greenlet_spawn
    value = await result
            ^^^^^^^^^^^^
  File "/home/yuksal21/virtualenv/maestro.yuksalishbot.uz/3.12/lib64/python3.12/site-packages/sqlalchemy/connectors/asyncio.py", line 251, in _execute_async
    result = await self._cursor.execute(operation, parameters)
             ^^^^^^^^^^^^^^^^^^^^^^^^^^^^^^^^^^^^^^^^^^^^^^^^^
  File "/home/yuksal21/virtualenv/maestro.yuksalishbot.uz/3.12/lib/python3.12/site-packages/aiomysql/cursors.py", line 239, in execute
    await self._query(query)
  File "/home/yuksal21/virtualenv/maestro.yuksalishbot.uz/3.12/lib/python3.12/site-packages/aiomysql/cursors.py", line 457, in _query
    await conn.query(q)
  File "/home/yuksal21/virtualenv/maestro.yuksalishbot.uz/3.12/lib/python3.12/site-packages/aiomysql/connection.py", line 469, in query
    await self._read_query_result(unbuffered=unbuffered)
  File "/home/yuksal21/virtualenv/maestro.yuksalishbot.uz/3.12/lib/python3.12/site-packages/aiomysql/connection.py", line 683, in _read_query_result
    await result.read()
  File "/home/yuksal21/virtualenv/maestro.yuksalishbot.uz/3.12/lib/python3.12/site-packages/aiomysql/connection.py", line 1164, in read
    first_packet = await self.connection._read_packet()
                   ^^^^^^^^^^^^^^^^^^^^^^^^^^^^^^^^^^^^
  File "/home/yuksal21/virtualenv/maestro.yuksalishbot.uz/3.12/lib/python3.12/site-packages/aiomysql/connection.py", line 609, in _read_packet
    packet_header = await self._read_bytes(4)
                    ^^^^^^^^^^^^^^^^^^^^^^^^^
  File "/home/yuksal21/virtualenv/maestro.yuksalishbot.uz/3.12/lib/python3.12/site-packages/aiomysql/connection.py", line 661, in _read_bytes
    raise OperationalError(CR.CR_SERVER_LOST, msg) from e
sqlalchemy.exc.OperationalError: (pymysql.err.OperationalError) (2013, 'Lost connection to MySQL server during query')
[SQL: SELECT bookings.id, bookings.user_id, bookings.stylist_id, bookings.service_id, bookings.datetime, bookings.status, bookings.rating, bookings.review_text, users_1.id AS id_1, users_1.telegram_id, users_1.first_name, users_1.phone_number, users_1.language_code, users_1.role, users_1.subscription_until, users_1.is_active 
FROM bookings LEFT OUTER JOIN users AS users_1 ON users_1.id = bookings.user_id 
WHERE bookings.status = %s AND bookings.datetime >= %s AND bookings.datetime < %s]
[parameters: ('approved', '2026-03-15 09:00', '2026-03-15 10:00')]
(Background on this error at: https://sqlalche.me/e/20/e3q8)
INFO:apscheduler.executors.default:Running job "check_reminders (trigger: cron[hour='*', minute='0'], next run at: 2026-03-14 11:00:00 +05)" (scheduled at 2026-03-14 10:00:00+05:00)
INFO:apscheduler.executors.default:Running job "check_follow_ups (trigger: cron[hour='10', minute='0'], next run at: 2026-03-15 10:00:00 +05)" (scheduled at 2026-03-14 10:00:00+05:00)
INFO:apscheduler.executors.default:Job "check_reminders (trigger: cron[hour='*', minute='0'], next run at: 2026-03-14 11:00:00 +05)" executed successfully
INFO:apscheduler.executors.default:Job "check_follow_ups (trigger: cron[hour='10', minute='0'], next run at: 2026-03-15 10:00:00 +05)" executed successfully
INFO:apscheduler.executors.default:Running job "check_subscription_expiry (trigger: cron[hour='10', minute='5'], next run at: 2026-03-15 10:05:00 +05)" (scheduled at 2026-03-14 10:05:00+05:00)
ERROR:apscheduler.executors.default:Job "check_subscription_expiry (trigger: cron[hour='10', minute='5'], next run at: 2026-03-15 10:05:00 +05)" raised an exception
Traceback (most recent call last):
  File "/home/yuksal21/virtualenv/maestro.yuksalishbot.uz/3.12/lib/python3.12/site-packages/aiomysql/connection.py", line 657, in _read_bytes
    data = await self._reader.readexactly(num_bytes)
           ^^^^^^^^^^^^^^^^^^^^^^^^^^^^^^^^^^^^^^^^^
  File "/opt/alt/python312/lib64/python3.12/asyncio/streams.py", line 750, in readexactly
    raise exceptions.IncompleteReadError(incomplete, n)
asyncio.exceptions.IncompleteReadError: 0 bytes read on a total of 4 expected bytes

The above exception was the direct cause of the following exception:

Traceback (most recent call last):
  File "/home/yuksal21/virtualenv/maestro.yuksalishbot.uz/3.12/lib64/python3.12/site-packages/sqlalchemy/engine/base.py", line 1967, in _exec_single_context
    self.dialect.do_execute(
  File "/home/yuksal21/virtualenv/maestro.yuksalishbot.uz/3.12/lib64/python3.12/site-packages/sqlalchemy/engine/default.py", line 952, in do_execute
    cursor.execute(statement, parameters)
  File "/home/yuksal21/virtualenv/maestro.yuksalishbot.uz/3.12/lib64/python3.12/site-packages/sqlalchemy/connectors/asyncio.py", line 230, in execute
    self._adapt_connection._handle_exception(error)
  File "/home/yuksal21/virtualenv/maestro.yuksalishbot.uz/3.12/lib64/python3.12/site-packages/sqlalchemy/connectors/asyncio.py", line 368, in _handle_exception
    raise error.with_traceback(exc_info[2])
  File "/home/yuksal21/virtualenv/maestro.yuksalishbot.uz/3.12/lib64/python3.12/site-packages/sqlalchemy/connectors/asyncio.py", line 228, in execute
    return self.await_(self._execute_async(operation, parameters))
           ^^^^^^^^^^^^^^^^^^^^^^^^^^^^^^^^^^^^^^^^^^^^^^^^^^^^^^^
  File "/home/yuksal21/virtualenv/maestro.yuksalishbot.uz/3.12/lib64/python3.12/site-packages/sqlalchemy/util/_concurrency_py3k.py", line 132, in await_only
    return current.parent.switch(awaitable)  # type: ignore[no-any-return,attr-defined] # noqa: E501
           ^^^^^^^^^^^^^^^^^^^^^^^^^^^^^^^^
  File "/home/yuksal21/virtualenv/maestro.yuksalishbot.uz/3.12/lib64/python3.12/site-packages/sqlalchemy/util/_concurrency_py3k.py", line 196, in greenlet_spawn
    value = await result
            ^^^^^^^^^^^^
  File "/home/yuksal21/virtualenv/maestro.yuksalishbot.uz/3.12/lib64/python3.12/site-packages/sqlalchemy/connectors/asyncio.py", line 251, in _execute_async
    result = await self._cursor.execute(operation, parameters)
             ^^^^^^^^^^^^^^^^^^^^^^^^^^^^^^^^^^^^^^^^^^^^^^^^^
  File "/home/yuksal21/virtualenv/maestro.yuksalishbot.uz/3.12/lib/python3.12/site-packages/aiomysql/cursors.py", line 239, in execute
    await self._query(query)
  File "/home/yuksal21/virtualenv/maestro.yuksalishbot.uz/3.12/lib/python3.12/site-packages/aiomysql/cursors.py", line 457, in _query
    await conn.query(q)
  File "/home/yuksal21/virtualenv/maestro.yuksalishbot.uz/3.12/lib/python3.12/site-packages/aiomysql/connection.py", line 469, in query
    await self._read_query_result(unbuffered=unbuffered)
  File "/home/yuksal21/virtualenv/maestro.yuksalishbot.uz/3.12/lib/python3.12/site-packages/aiomysql/connection.py", line 683, in _read_query_result
    await result.read()
  File "/home/yuksal21/virtualenv/maestro.yuksalishbot.uz/3.12/lib/python3.12/site-packages/aiomysql/connection.py", line 1164, in read
    first_packet = await self.connection._read_packet()
                   ^^^^^^^^^^^^^^^^^^^^^^^^^^^^^^^^^^^^
  File "/home/yuksal21/virtualenv/maestro.yuksalishbot.uz/3.12/lib/python3.12/site-packages/aiomysql/connection.py", line 609, in _read_packet
    packet_header = await self._read_bytes(4)
                    ^^^^^^^^^^^^^^^^^^^^^^^^^
  File "/home/yuksal21/virtualenv/maestro.yuksalishbot.uz/3.12/lib/python3.12/site-packages/aiomysql/connection.py", line 661, in _read_bytes
    raise OperationalError(CR.CR_SERVER_LOST, msg) from e
pymysql.err.OperationalError: (2013, 'Lost connection to MySQL server during query')

The above exception was the direct cause of the following exception:

Traceback (most recent call last):
  File "/home/yuksal21/virtualenv/maestro.yuksalishbot.uz/3.12/lib/python3.12/site-packages/apscheduler/executors/base.py", line 181, in run_coroutine_job
    retval = await job.func(*job.args, **job.kwargs)
             ^^^^^^^^^^^^^^^^^^^^^^^^^^^^^^^^^^^^^^^
  File "/home/yuksal21/maestro.yuksalishbot.uz/scheduler.py", line 95, in check_subscription_expiry
    users = (await session.execute(
             ^^^^^^^^^^^^^^^^^^^^^^
  File "/home/yuksal21/virtualenv/maestro.yuksalishbot.uz/3.12/lib64/python3.12/site-packages/sqlalchemy/ext/asyncio/session.py", line 449, in execute
    result = await greenlet_spawn(
             ^^^^^^^^^^^^^^^^^^^^^
  File "/home/yuksal21/virtualenv/maestro.yuksalishbot.uz/3.12/lib64/python3.12/site-packages/sqlalchemy/util/_concurrency_py3k.py", line 203, in greenlet_spawn
    result = context.switch(value)
             ^^^^^^^^^^^^^^^^^^^^^
  File "/home/yuksal21/virtualenv/maestro.yuksalishbot.uz/3.12/lib64/python3.12/site-packages/sqlalchemy/orm/session.py", line 2351, in execute
    return self._execute_internal(
           ^^^^^^^^^^^^^^^^^^^^^^^
  File "/home/yuksal21/virtualenv/maestro.yuksalishbot.uz/3.12/lib64/python3.12/site-packages/sqlalchemy/orm/session.py", line 2249, in _execute_internal
    result: Result[Any] = compile_state_cls.orm_execute_statement(
                          ^^^^^^^^^^^^^^^^^^^^^^^^^^^^^^^^^^^^^^^^
  File "/home/yuksal21/virtualenv/maestro.yuksalishbot.uz/3.12/lib64/python3.12/site-packages/sqlalchemy/orm/context.py", line 306, in orm_execute_statement
    result = conn.execute(
             ^^^^^^^^^^^^^
  File "/home/yuksal21/virtualenv/maestro.yuksalishbot.uz/3.12/lib64/python3.12/site-packages/sqlalchemy/engine/base.py", line 1419, in execute
    return meth(
           ^^^^^
  File "/home/yuksal21/virtualenv/maestro.yuksalishbot.uz/3.12/lib64/python3.12/site-packages/sqlalchemy/sql/elements.py", line 527, in _execute_on_connection
    return connection._execute_clauseelement(
           ^^^^^^^^^^^^^^^^^^^^^^^^^^^^^^^^^^
  File "/home/yuksal21/virtualenv/maestro.yuksalishbot.uz/3.12/lib64/python3.12/site-packages/sqlalchemy/engine/base.py", line 1641, in _execute_clauseelement
    ret = self._execute_context(
          ^^^^^^^^^^^^^^^^^^^^^^
  File "/home/yuksal21/virtualenv/maestro.yuksalishbot.uz/3.12/lib64/python3.12/site-packages/sqlalchemy/engine/base.py", line 1846, in _execute_context
    return self._exec_single_context(
           ^^^^^^^^^^^^^^^^^^^^^^^^^^
  File "/home/yuksal21/virtualenv/maestro.yuksalishbot.uz/3.12/lib64/python3.12/site-packages/sqlalchemy/engine/base.py", line 1986, in _exec_single_context
    self._handle_dbapi_exception(
  File "/home/yuksal21/virtualenv/maestro.yuksalishbot.uz/3.12/lib64/python3.12/site-packages/sqlalchemy/engine/base.py", line 2363, in _handle_dbapi_exception
    raise sqlalchemy_exception.with_traceback(exc_info[2]) from e
  File "/home/yuksal21/virtualenv/maestro.yuksalishbot.uz/3.12/lib64/python3.12/site-packages/sqlalchemy/engine/base.py", line 1967, in _exec_single_context
    self.dialect.do_execute(
  File "/home/yuksal21/virtualenv/maestro.yuksalishbot.uz/3.12/lib64/python3.12/site-packages/sqlalchemy/engine/default.py", line 952, in do_execute
    cursor.execute(statement, parameters)
  File "/home/yuksal21/virtualenv/maestro.yuksalishbot.uz/3.12/lib64/python3.12/site-packages/sqlalchemy/connectors/asyncio.py", line 230, in execute
    self._adapt_connection._handle_exception(error)
  File "/home/yuksal21/virtualenv/maestro.yuksalishbot.uz/3.12/lib64/python3.12/site-packages/sqlalchemy/connectors/asyncio.py", line 368, in _handle_exception
    raise error.with_traceback(exc_info[2])
  File "/home/yuksal21/virtualenv/maestro.yuksalishbot.uz/3.12/lib64/python3.12/site-packages/sqlalchemy/connectors/asyncio.py", line 228, in execute
    return self.await_(self._execute_async(operation, parameters))
           ^^^^^^^^^^^^^^^^^^^^^^^^^^^^^^^^^^^^^^^^^^^^^^^^^^^^^^^
  File "/home/yuksal21/virtualenv/maestro.yuksalishbot.uz/3.12/lib64/python3.12/site-packages/sqlalchemy/util/_concurrency_py3k.py", line 132, in await_only
    return current.parent.switch(awaitable)  # type: ignore[no-any-return,attr-defined] # noqa: E501
           ^^^^^^^^^^^^^^^^^^^^^^^^^^^^^^^^
  File "/home/yuksal21/virtualenv/maestro.yuksalishbot.uz/3.12/lib64/python3.12/site-packages/sqlalchemy/util/_concurrency_py3k.py", line 196, in greenlet_spawn
    value = await result
            ^^^^^^^^^^^^
  File "/home/yuksal21/virtualenv/maestro.yuksalishbot.uz/3.12/lib64/python3.12/site-packages/sqlalchemy/connectors/asyncio.py", line 251, in _execute_async
    result = await self._cursor.execute(operation, parameters)
             ^^^^^^^^^^^^^^^^^^^^^^^^^^^^^^^^^^^^^^^^^^^^^^^^^
  File "/home/yuksal21/virtualenv/maestro.yuksalishbot.uz/3.12/lib/python3.12/site-packages/aiomysql/cursors.py", line 239, in execute
    await self._query(query)
  File "/home/yuksal21/virtualenv/maestro.yuksalishbot.uz/3.12/lib/python3.12/site-packages/aiomysql/cursors.py", line 457, in _query
    await conn.query(q)
  File "/home/yuksal21/virtualenv/maestro.yuksalishbot.uz/3.12/lib/python3.12/site-packages/aiomysql/connection.py", line 469, in query
    await self._read_query_result(unbuffered=unbuffered)
  File "/home/yuksal21/virtualenv/maestro.yuksalishbot.uz/3.12/lib/python3.12/site-packages/aiomysql/connection.py", line 683, in _read_query_result
    await result.read()
  File "/home/yuksal21/virtualenv/maestro.yuksalishbot.uz/3.12/lib/python3.12/site-packages/aiomysql/connection.py", line 1164, in read
    first_packet = await self.connection._read_packet()
                   ^^^^^^^^^^^^^^^^^^^^^^^^^^^^^^^^^^^^
  File "/home/yuksal21/virtualenv/maestro.yuksalishbot.uz/3.12/lib/python3.12/site-packages/aiomysql/connection.py", line 609, in _read_packet
    packet_header = await self._read_bytes(4)
                    ^^^^^^^^^^^^^^^^^^^^^^^^^
  File "/home/yuksal21/virtualenv/maestro.yuksalishbot.uz/3.12/lib/python3.12/site-packages/aiomysql/connection.py", line 661, in _read_bytes
    raise OperationalError(CR.CR_SERVER_LOST, msg) from e
sqlalchemy.exc.OperationalError: (pymysql.err.OperationalError) (2013, 'Lost connection to MySQL server during query')
[SQL: SELECT users.id, users.telegram_id, users.first_name, users.phone_number, users.language_code, users.role, users.subscription_until, users.is_active 
FROM users 
WHERE users.role = %s AND users.is_active = true AND users.subscription_until IS NOT NULL]
[parameters: ('stylist',)]
(Background on this error at: https://sqlalche.me/e/20/e3q8)
INFO:apscheduler.executors.default:Running job "check_reminders (trigger: cron[hour='*', minute='0'], next run at: 2026-03-14 12:00:00 +05)" (scheduled at 2026-03-14 11:00:00+05:00)
INFO:apscheduler.executors.default:Job "check_reminders (trigger: cron[hour='*', minute='0'], next run at: 2026-03-14 12:00:00 +05)" executed successfully
ERROR:aiogram.dispatcher:Failed to fetch updates - TelegramNetworkError: HTTP Client says - ClientOSError: [Errno 104] Connection reset by peer
WARNING:aiogram.dispatcher:Sleep for 1.000000 seconds and try again... (tryings = 0, bot id = 8403442567)
INFO:aiogram.dispatcher:Connection established (tryings = 1, bot id = 8403442567)
ERROR:aiogram.dispatcher:Failed to fetch updates - TelegramNetworkError: HTTP Client says - ClientOSError: [Errno 104] Connection reset by peer
WARNING:aiogram.dispatcher:Sleep for 1.000000 seconds and try again... (tryings = 0, bot id = 8403442567)
INFO:aiogram.dispatcher:Connection established (tryings = 1, bot id = 8403442567)
INFO:apscheduler.executors.default:Running job "check_reminders (trigger: cron[hour='*', minute='0'], next run at: 2026-03-14 13:00:00 +05)" (scheduled at 2026-03-14 12:00:00+05:00)
INFO:apscheduler.executors.default:Job "check_reminders (trigger: cron[hour='*', minute='0'], next run at: 2026-03-14 13:00:00 +05)" executed successfully
INFO:apscheduler.executors.default:Running job "check_reminders (trigger: cron[hour='*', minute='0'], next run at: 2026-03-14 14:00:00 +05)" (scheduled at 2026-03-14 13:00:00+05:00)
INFO:apscheduler.executors.default:Job "check_reminders (trigger: cron[hour='*', minute='0'], next run at: 2026-03-14 14:00:00 +05)" executed successfully
INFO:apscheduler.executors.default:Running job "check_reminders (trigger: cron[hour='*', minute='0'], next run at: 2026-03-14 15:00:00 +05)" (scheduled at 2026-03-14 14:00:00+05:00)
INFO:apscheduler.executors.default:Job "check_reminders (trigger: cron[hour='*', minute='0'], next run at: 2026-03-14 15:00:00 +05)" executed successfully
INFO:aiogram.event:Update id=863691859 is handled. Duration 1219 ms by bot id=8403442567
INFO:aiogram.event:Update id=863691860 is not handled. Duration 1 ms by bot id=8403442567
ERROR:aiogram.event:Cause exception while process update id=863691860 by bot id=8403442567
OperationalError: (pymysql.err.OperationalError) (2013, 'Lost connection to MySQL server during query')
[SQL: SELECT users.id, users.telegram_id, users.first_name, users.phone_number, users.language_code, users.role, users.subscription_until, users.is_active 
FROM users 
WHERE users.telegram_id = %s]
[parameters: (5560947809,)]
(Background on this error at: https://sqlalche.me/e/20/e3q8)
Traceback (most recent call last):
  File "/home/yuksal21/virtualenv/maestro.yuksalishbot.uz/3.12/lib/python3.12/site-packages/aiomysql/connection.py", line 657, in _read_bytes
    data = await self._reader.readexactly(num_bytes)
           ^^^^^^^^^^^^^^^^^^^^^^^^^^^^^^^^^^^^^^^^^
  File "/opt/alt/python312/lib64/python3.12/asyncio/streams.py", line 750, in readexactly
    raise exceptions.IncompleteReadError(incomplete, n)
asyncio.exceptions.IncompleteReadError: 0 bytes read on a total of 4 expected bytes

The above exception was the direct cause of the following exception:

Traceback (most recent call last):
  File "/home/yuksal21/virtualenv/maestro.yuksalishbot.uz/3.12/lib64/python3.12/site-packages/sqlalchemy/engine/base.py", line 1967, in _exec_single_context
    self.dialect.do_execute(
  File "/home/yuksal21/virtualenv/maestro.yuksalishbot.uz/3.12/lib64/python3.12/site-packages/sqlalchemy/engine/default.py", line 952, in do_execute
    cursor.execute(statement, parameters)
  File "/home/yuksal21/virtualenv/maestro.yuksalishbot.uz/3.12/lib64/python3.12/site-packages/sqlalchemy/connectors/asyncio.py", line 230, in execute
    self._adapt_connection._handle_exception(error)
  File "/home/yuksal21/virtualenv/maestro.yuksalishbot.uz/3.12/lib64/python3.12/site-packages/sqlalchemy/connectors/asyncio.py", line 368, in _handle_exception
    raise error.with_traceback(exc_info[2])
  File "/home/yuksal21/virtualenv/maestro.yuksalishbot.uz/3.12/lib64/python3.12/site-packages/sqlalchemy/connectors/asyncio.py", line 228, in execute
    return self.await_(self._execute_async(operation, parameters))
           ^^^^^^^^^^^^^^^^^^^^^^^^^^^^^^^^^^^^^^^^^^^^^^^^^^^^^^^
  File "/home/yuksal21/virtualenv/maestro.yuksalishbot.uz/3.12/lib64/python3.12/site-packages/sqlalchemy/util/_concurrency_py3k.py", line 132, in await_only
    return current.parent.switch(awaitable)  # type: ignore[no-any-return,attr-defined] # noqa: E501
           ^^^^^^^^^^^^^^^^^^^^^^^^^^^^^^^^
  File "/home/yuksal21/virtualenv/maestro.yuksalishbot.uz/3.12/lib64/python3.12/site-packages/sqlalchemy/util/_concurrency_py3k.py", line 196, in greenlet_spawn
    value = await result
            ^^^^^^^^^^^^
  File "/home/yuksal21/virtualenv/maestro.yuksalishbot.uz/3.12/lib64/python3.12/site-packages/sqlalchemy/connectors/asyncio.py", line 251, in _execute_async
    result = await self._cursor.execute(operation, parameters)
             ^^^^^^^^^^^^^^^^^^^^^^^^^^^^^^^^^^^^^^^^^^^^^^^^^
  File "/home/yuksal21/virtualenv/maestro.yuksalishbot.uz/3.12/lib/python3.12/site-packages/aiomysql/cursors.py", line 239, in execute
    await self._query(query)
  File "/home/yuksal21/virtualenv/maestro.yuksalishbot.uz/3.12/lib/python3.12/site-packages/aiomysql/cursors.py", line 457, in _query
    await conn.query(q)
  File "/home/yuksal21/virtualenv/maestro.yuksalishbot.uz/3.12/lib/python3.12/site-packages/aiomysql/connection.py", line 469, in query
    await self._read_query_result(unbuffered=unbuffered)
  File "/home/yuksal21/virtualenv/maestro.yuksalishbot.uz/3.12/lib/python3.12/site-packages/aiomysql/connection.py", line 683, in _read_query_result
    await result.read()
  File "/home/yuksal21/virtualenv/maestro.yuksalishbot.uz/3.12/lib/python3.12/site-packages/aiomysql/connection.py", line 1164, in read
    first_packet = await self.connection._read_packet()
                   ^^^^^^^^^^^^^^^^^^^^^^^^^^^^^^^^^^^^
  File "/home/yuksal21/virtualenv/maestro.yuksalishbot.uz/3.12/lib/python3.12/site-packages/aiomysql/connection.py", line 609, in _read_packet
    packet_header = await self._read_bytes(4)
                    ^^^^^^^^^^^^^^^^^^^^^^^^^
  File "/home/yuksal21/virtualenv/maestro.yuksalishbot.uz/3.12/lib/python3.12/site-packages/aiomysql/connection.py", line 661, in _read_bytes
    raise OperationalError(CR.CR_SERVER_LOST, msg) from e
pymysql.err.OperationalError: (2013, 'Lost connection to MySQL server during query')

The above exception was the direct cause of the following exception:

Traceback (most recent call last):
  File "/home/yuksal21/virtualenv/maestro.yuksalishbot.uz/3.12/lib/python3.12/site-packages/aiogram/dispatcher/dispatcher.py", line 320, in _process_update
    response = await self.feed_update(bot, update, **kwargs)
               ^^^^^^^^^^^^^^^^^^^^^^^^^^^^^^^^^^^^^^^^^^^^^
  File "/home/yuksal21/virtualenv/maestro.yuksalishbot.uz/3.12/lib/python3.12/site-packages/aiogram/dispatcher/dispatcher.py", line 164, in feed_update
    response = await self.update.wrap_outer_middleware(
               ^^^^^^^^^^^^^^^^^^^^^^^^^^^^^^^^^^^^^^^^
  File "/home/yuksal21/virtualenv/maestro.yuksalishbot.uz/3.12/lib/python3.12/site-packages/aiogram/dispatcher/middlewares/error.py", line 27, in __call__
    return await handler(event, data)
           ^^^^^^^^^^^^^^^^^^^^^^^^^^
  File "/home/yuksal21/virtualenv/maestro.yuksalishbot.uz/3.12/lib/python3.12/site-packages/aiogram/dispatcher/middlewares/user_context.py", line 58, in __call__
    return await handler(event, data)
           ^^^^^^^^^^^^^^^^^^^^^^^^^^
  File "/home/yuksal21/virtualenv/maestro.yuksalishbot.uz/3.12/lib/python3.12/site-packages/aiogram/fsm/middleware.py", line 43, in __call__
    return await handler(event, data)
           ^^^^^^^^^^^^^^^^^^^^^^^^^^
  File "/home/yuksal21/virtualenv/maestro.yuksalishbot.uz/3.12/lib/python3.12/site-packages/aiogram/dispatcher/event/telegram.py", line 126, in trigger
    return await wrapped_inner(event, kwargs)
           ^^^^^^^^^^^^^^^^^^^^^^^^^^^^^^^^^^
  File "/home/yuksal21/virtualenv/maestro.yuksalishbot.uz/3.12/lib/python3.12/site-packages/aiogram/dispatcher/event/handler.py", line 71, in call
    return await wrapped()
           ^^^^^^^^^^^^^^^
  File "/home/yuksal21/virtualenv/maestro.yuksalishbot.uz/3.12/lib/python3.12/site-packages/aiogram/dispatcher/dispatcher.py", line 283, in _listen_update
    return await self.propagate_event(update_type=update_type, event=event, **kwargs)
           ^^^^^^^^^^^^^^^^^^^^^^^^^^^^^^^^^^^^^^^^^^^^^^^^^^^^^^^^^^^^^^^^^^^^^^^^^^
  File "/home/yuksal21/virtualenv/maestro.yuksalishbot.uz/3.12/lib/python3.12/site-packages/aiogram/dispatcher/router.py", line 161, in propagate_event
    return await observer.wrap_outer_middleware(_wrapped, event=event, data=kwargs)
           ^^^^^^^^^^^^^^^^^^^^^^^^^^^^^^^^^^^^^^^^^^^^^^^^^^^^^^^^^^^^^^^^^^^^^^^^
  File "/home/yuksal21/virtualenv/maestro.yuksalishbot.uz/3.12/lib/python3.12/site-packages/aiogram/dispatcher/router.py", line 153, in _wrapped
    return await self._propagate_event(
           ^^^^^^^^^^^^^^^^^^^^^^^^^^^^
  File "/home/yuksal21/virtualenv/maestro.yuksalishbot.uz/3.12/lib/python3.12/site-packages/aiogram/dispatcher/router.py", line 181, in _propagate_event
    response = await observer.trigger(event, **kwargs)
               ^^^^^^^^^^^^^^^^^^^^^^^^^^^^^^^^^^^^^^^
  File "/home/yuksal21/virtualenv/maestro.yuksalishbot.uz/3.12/lib/python3.12/site-packages/aiogram/dispatcher/event/telegram.py", line 126, in trigger
    return await wrapped_inner(event, kwargs)
           ^^^^^^^^^^^^^^^^^^^^^^^^^^^^^^^^^^
  File "/home/yuksal21/virtualenv/maestro.yuksalishbot.uz/3.12/lib/python3.12/site-packages/aiogram/dispatcher/event/handler.py", line 71, in call
    return await wrapped()
           ^^^^^^^^^^^^^^^
  File "/home/yuksal21/maestro.yuksalishbot.uz/bot.py", line 672, in start
    user = await session.scalar(select(db.User).where(db.User.telegram_id == message.from_user.id))
           ^^^^^^^^^^^^^^^^^^^^^^^^^^^^^^^^^^^^^^^^^^^^^^^^^^^^^^^^^^^^^^^^^^^^^^^^^^^^^^^^^^^^^^^^
  File "/home/yuksal21/virtualenv/maestro.yuksalishbot.uz/3.12/lib64/python3.12/site-packages/sqlalchemy/ext/asyncio/session.py", line 505, in scalar
    return await greenlet_spawn(
           ^^^^^^^^^^^^^^^^^^^^^
  File "/home/yuksal21/virtualenv/maestro.yuksalishbot.uz/3.12/lib64/python3.12/site-packages/sqlalchemy/util/_concurrency_py3k.py", line 203, in greenlet_spawn
    result = context.switch(value)
             ^^^^^^^^^^^^^^^^^^^^^
  File "/home/yuksal21/virtualenv/maestro.yuksalishbot.uz/3.12/lib64/python3.12/site-packages/sqlalchemy/orm/session.py", line 2399, in scalar
    return self._execute_internal(
           ^^^^^^^^^^^^^^^^^^^^^^^
  File "/home/yuksal21/virtualenv/maestro.yuksalishbot.uz/3.12/lib64/python3.12/site-packages/sqlalchemy/orm/session.py", line 2249, in _execute_internal
    result: Result[Any] = compile_state_cls.orm_execute_statement(
                          ^^^^^^^^^^^^^^^^^^^^^^^^^^^^^^^^^^^^^^^^
  File "/home/yuksal21/virtualenv/maestro.yuksalishbot.uz/3.12/lib64/python3.12/site-packages/sqlalchemy/orm/context.py", line 306, in orm_execute_statement
    result = conn.execute(
             ^^^^^^^^^^^^^
  File "/home/yuksal21/virtualenv/maestro.yuksalishbot.uz/3.12/lib64/python3.12/site-packages/sqlalchemy/engine/base.py", line 1419, in execute
    return meth(
           ^^^^^
  File "/home/yuksal21/virtualenv/maestro.yuksalishbot.uz/3.12/lib64/python3.12/site-packages/sqlalchemy/sql/elements.py", line 527, in _execute_on_connection
    return connection._execute_clauseelement(
           ^^^^^^^^^^^^^^^^^^^^^^^^^^^^^^^^^^
  File "/home/yuksal21/virtualenv/maestro.yuksalishbot.uz/3.12/lib64/python3.12/site-packages/sqlalchemy/engine/base.py", line 1641, in _execute_clauseelement
    ret = self._execute_context(
          ^^^^^^^^^^^^^^^^^^^^^^
  File "/home/yuksal21/virtualenv/maestro.yuksalishbot.uz/3.12/lib64/python3.12/site-packages/sqlalchemy/engine/base.py", line 1846, in _execute_context
    return self._exec_single_context(
           ^^^^^^^^^^^^^^^^^^^^^^^^^^
  File "/home/yuksal21/virtualenv/maestro.yuksalishbot.uz/3.12/lib64/python3.12/site-packages/sqlalchemy/engine/base.py", line 1986, in _exec_single_context
    self._handle_dbapi_exception(
  File "/home/yuksal21/virtualenv/maestro.yuksalishbot.uz/3.12/lib64/python3.12/site-packages/sqlalchemy/engine/base.py", line 2363, in _handle_dbapi_exception
    raise sqlalchemy_exception.with_traceback(exc_info[2]) from e
  File "/home/yuksal21/virtualenv/maestro.yuksalishbot.uz/3.12/lib64/python3.12/site-packages/sqlalchemy/engine/base.py", line 1967, in _exec_single_context
    self.dialect.do_execute(
  File "/home/yuksal21/virtualenv/maestro.yuksalishbot.uz/3.12/lib64/python3.12/site-packages/sqlalchemy/engine/default.py", line 952, in do_execute
    cursor.execute(statement, parameters)
  File "/home/yuksal21/virtualenv/maestro.yuksalishbot.uz/3.12/lib64/python3.12/site-packages/sqlalchemy/connectors/asyncio.py", line 230, in execute
    self._adapt_connection._handle_exception(error)
  File "/home/yuksal21/virtualenv/maestro.yuksalishbot.uz/3.12/lib64/python3.12/site-packages/sqlalchemy/connectors/asyncio.py", line 368, in _handle_exception
    raise error.with_traceback(exc_info[2])
  File "/home/yuksal21/virtualenv/maestro.yuksalishbot.uz/3.12/lib64/python3.12/site-packages/sqlalchemy/connectors/asyncio.py", line 228, in execute
    return self.await_(self._execute_async(operation, parameters))
           ^^^^^^^^^^^^^^^^^^^^^^^^^^^^^^^^^^^^^^^^^^^^^^^^^^^^^^^
  File "/home/yuksal21/virtualenv/maestro.yuksalishbot.uz/3.12/lib64/python3.12/site-packages/sqlalchemy/util/_concurrency_py3k.py", line 132, in await_only
    return current.parent.switch(awaitable)  # type: ignore[no-any-return,attr-defined] # noqa: E501
           ^^^^^^^^^^^^^^^^^^^^^^^^^^^^^^^^
  File "/home/yuksal21/virtualenv/maestro.yuksalishbot.uz/3.12/lib64/python3.12/site-packages/sqlalchemy/util/_concurrency_py3k.py", line 196, in greenlet_spawn
    value = await result
            ^^^^^^^^^^^^
  File "/home/yuksal21/virtualenv/maestro.yuksalishbot.uz/3.12/lib64/python3.12/site-packages/sqlalchemy/connectors/asyncio.py", line 251, in _execute_async
    result = await self._cursor.execute(operation, parameters)
             ^^^^^^^^^^^^^^^^^^^^^^^^^^^^^^^^^^^^^^^^^^^^^^^^^
  File "/home/yuksal21/virtualenv/maestro.yuksalishbot.uz/3.12/lib/python3.12/site-packages/aiomysql/cursors.py", line 239, in execute
    await self._query(query)
  File "/home/yuksal21/virtualenv/maestro.yuksalishbot.uz/3.12/lib/python3.12/site-packages/aiomysql/cursors.py", line 457, in _query
    await conn.query(q)
  File "/home/yuksal21/virtualenv/maestro.yuksalishbot.uz/3.12/lib/python3.12/site-packages/aiomysql/connection.py", line 469, in query
    await self._read_query_result(unbuffered=unbuffered)
  File "/home/yuksal21/virtualenv/maestro.yuksalishbot.uz/3.12/lib/python3.12/site-packages/aiomysql/connection.py", line 683, in _read_query_result
    await result.read()
  File "/home/yuksal21/virtualenv/maestro.yuksalishbot.uz/3.12/lib/python3.12/site-packages/aiomysql/connection.py", line 1164, in read
    first_packet = await self.connection._read_packet()
                   ^^^^^^^^^^^^^^^^^^^^^^^^^^^^^^^^^^^^
  File "/home/yuksal21/virtualenv/maestro.yuksalishbot.uz/3.12/lib/python3.12/site-packages/aiomysql/connection.py", line 609, in _read_packet
    packet_header = await self._read_bytes(4)
                    ^^^^^^^^^^^^^^^^^^^^^^^^^
  File "/home/yuksal21/virtualenv/maestro.yuksalishbot.uz/3.12/lib/python3.12/site-packages/aiomysql/connection.py", line 661, in _read_bytes
    raise OperationalError(CR.CR_SERVER_LOST, msg) from e
sqlalchemy.exc.OperationalError: (pymysql.err.OperationalError) (2013, 'Lost connection to MySQL server during query')
[SQL: SELECT users.id, users.telegram_id, users.first_name, users.phone_number, users.language_code, users.role, users.subscription_until, users.is_active 
FROM users 
WHERE users.telegram_id = %s]
[parameters: (5560947809,)]
(Background on this error at: https://sqlalche.me/e/20/e3q8)
INFO:aiogram.event:Update id=863691861 is handled. Duration 397 ms by bot id=8403442567
INFO:aiogram.event:Update id=863691862 is handled. Duration 574 ms by bot id=8403442567
INFO:aiogram.event:Update id=863691863 is not handled. Duration 2 ms by bot id=8403442567
ERROR:aiogram.event:Cause exception while process update id=863691863 by bot id=8403442567
OperationalError: (pymysql.err.OperationalError) (2013, 'Lost connection to MySQL server during query')
[SQL: SELECT users.id, users.telegram_id, users.first_name, users.phone_number, users.language_code, users.role, users.subscription_until, users.is_active 
FROM users 
WHERE users.telegram_id = %s]
[parameters: (5560947809,)]
(Background on this error at: https://sqlalche.me/e/20/e3q8)
Traceback (most recent call last):
  File "/home/yuksal21/virtualenv/maestro.yuksalishbot.uz/3.12/lib/python3.12/site-packages/aiomysql/connection.py", line 657, in _read_bytes
    data = await self._reader.readexactly(num_bytes)
           ^^^^^^^^^^^^^^^^^^^^^^^^^^^^^^^^^^^^^^^^^
  File "/opt/alt/python312/lib64/python3.12/asyncio/streams.py", line 750, in readexactly
    raise exceptions.IncompleteReadError(incomplete, n)
asyncio.exceptions.IncompleteReadError: 0 bytes read on a total of 4 expected bytes

The above exception was the direct cause of the following exception:

Traceback (most recent call last):
  File "/home/yuksal21/virtualenv/maestro.yuksalishbot.uz/3.12/lib64/python3.12/site-packages/sqlalchemy/engine/base.py", line 1967, in _exec_single_context
    self.dialect.do_execute(
  File "/home/yuksal21/virtualenv/maestro.yuksalishbot.uz/3.12/lib64/python3.12/site-packages/sqlalchemy/engine/default.py", line 952, in do_execute
    cursor.execute(statement, parameters)
  File "/home/yuksal21/virtualenv/maestro.yuksalishbot.uz/3.12/lib64/python3.12/site-packages/sqlalchemy/connectors/asyncio.py", line 230, in execute
    self._adapt_connection._handle_exception(error)
  File "/home/yuksal21/virtualenv/maestro.yuksalishbot.uz/3.12/lib64/python3.12/site-packages/sqlalchemy/connectors/asyncio.py", line 368, in _handle_exception
    raise error.with_traceback(exc_info[2])
  File "/home/yuksal21/virtualenv/maestro.yuksalishbot.uz/3.12/lib64/python3.12/site-packages/sqlalchemy/connectors/asyncio.py", line 228, in execute
    return self.await_(self._execute_async(operation, parameters))
           ^^^^^^^^^^^^^^^^^^^^^^^^^^^^^^^^^^^^^^^^^^^^^^^^^^^^^^^
  File "/home/yuksal21/virtualenv/maestro.yuksalishbot.uz/3.12/lib64/python3.12/site-packages/sqlalchemy/util/_concurrency_py3k.py", line 132, in await_only
    return current.parent.switch(awaitable)  # type: ignore[no-any-return,attr-defined] # noqa: E501
           ^^^^^^^^^^^^^^^^^^^^^^^^^^^^^^^^
  File "/home/yuksal21/virtualenv/maestro.yuksalishbot.uz/3.12/lib64/python3.12/site-packages/sqlalchemy/util/_concurrency_py3k.py", line 196, in greenlet_spawn
    value = await result
            ^^^^^^^^^^^^
  File "/home/yuksal21/virtualenv/maestro.yuksalishbot.uz/3.12/lib64/python3.12/site-packages/sqlalchemy/connectors/asyncio.py", line 251, in _execute_async
    result = await self._cursor.execute(operation, parameters)
             ^^^^^^^^^^^^^^^^^^^^^^^^^^^^^^^^^^^^^^^^^^^^^^^^^
  File "/home/yuksal21/virtualenv/maestro.yuksalishbot.uz/3.12/lib/python3.12/site-packages/aiomysql/cursors.py", line 239, in execute
    await self._query(query)
  File "/home/yuksal21/virtualenv/maestro.yuksalishbot.uz/3.12/lib/python3.12/site-packages/aiomysql/cursors.py", line 457, in _query
    await conn.query(q)
  File "/home/yuksal21/virtualenv/maestro.yuksalishbot.uz/3.12/lib/python3.12/site-packages/aiomysql/connection.py", line 469, in query
    await self._read_query_result(unbuffered=unbuffered)
  File "/home/yuksal21/virtualenv/maestro.yuksalishbot.uz/3.12/lib/python3.12/site-packages/aiomysql/connection.py", line 683, in _read_query_result
    await result.read()
  File "/home/yuksal21/virtualenv/maestro.yuksalishbot.uz/3.12/lib/python3.12/site-packages/aiomysql/connection.py", line 1164, in read
    first_packet = await self.connection._read_packet()
                   ^^^^^^^^^^^^^^^^^^^^^^^^^^^^^^^^^^^^
  File "/home/yuksal21/virtualenv/maestro.yuksalishbot.uz/3.12/lib/python3.12/site-packages/aiomysql/connection.py", line 609, in _read_packet
    packet_header = await self._read_bytes(4)
                    ^^^^^^^^^^^^^^^^^^^^^^^^^
  File "/home/yuksal21/virtualenv/maestro.yuksalishbot.uz/3.12/lib/python3.12/site-packages/aiomysql/connection.py", line 661, in _read_bytes
    raise OperationalError(CR.CR_SERVER_LOST, msg) from e
pymysql.err.OperationalError: (2013, 'Lost connection to MySQL server during query')

The above exception was the direct cause of the following exception:

Traceback (most recent call last):
  File "/home/yuksal21/virtualenv/maestro.yuksalishbot.uz/3.12/lib/python3.12/site-packages/aiogram/dispatcher/dispatcher.py", line 320, in _process_update
    response = await self.feed_update(bot, update, **kwargs)
               ^^^^^^^^^^^^^^^^^^^^^^^^^^^^^^^^^^^^^^^^^^^^^
  File "/home/yuksal21/virtualenv/maestro.yuksalishbot.uz/3.12/lib/python3.12/site-packages/aiogram/dispatcher/dispatcher.py", line 164, in feed_update
    response = await self.update.wrap_outer_middleware(
               ^^^^^^^^^^^^^^^^^^^^^^^^^^^^^^^^^^^^^^^^
  File "/home/yuksal21/virtualenv/maestro.yuksalishbot.uz/3.12/lib/python3.12/site-packages/aiogram/dispatcher/middlewares/error.py", line 27, in __call__
    return await handler(event, data)
           ^^^^^^^^^^^^^^^^^^^^^^^^^^
  File "/home/yuksal21/virtualenv/maestro.yuksalishbot.uz/3.12/lib/python3.12/site-packages/aiogram/dispatcher/middlewares/user_context.py", line 58, in __call__
    return await handler(event, data)
           ^^^^^^^^^^^^^^^^^^^^^^^^^^
  File "/home/yuksal21/virtualenv/maestro.yuksalishbot.uz/3.12/lib/python3.12/site-packages/aiogram/fsm/middleware.py", line 43, in __call__
    return await handler(event, data)
           ^^^^^^^^^^^^^^^^^^^^^^^^^^
  File "/home/yuksal21/virtualenv/maestro.yuksalishbot.uz/3.12/lib/python3.12/site-packages/aiogram/dispatcher/event/telegram.py", line 126, in trigger
    return await wrapped_inner(event, kwargs)
           ^^^^^^^^^^^^^^^^^^^^^^^^^^^^^^^^^^
  File "/home/yuksal21/virtualenv/maestro.yuksalishbot.uz/3.12/lib/python3.12/site-packages/aiogram/dispatcher/event/handler.py", line 71, in call
    return await wrapped()
           ^^^^^^^^^^^^^^^
  File "/home/yuksal21/virtualenv/maestro.yuksalishbot.uz/3.12/lib/python3.12/site-packages/aiogram/dispatcher/dispatcher.py", line 283, in _listen_update
    return await self.propagate_event(update_type=update_type, event=event, **kwargs)
           ^^^^^^^^^^^^^^^^^^^^^^^^^^^^^^^^^^^^^^^^^^^^^^^^^^^^^^^^^^^^^^^^^^^^^^^^^^
  File "/home/yuksal21/virtualenv/maestro.yuksalishbot.uz/3.12/lib/python3.12/site-packages/aiogram/dispatcher/router.py", line 161, in propagate_event
    return await observer.wrap_outer_middleware(_wrapped, event=event, data=kwargs)
           ^^^^^^^^^^^^^^^^^^^^^^^^^^^^^^^^^^^^^^^^^^^^^^^^^^^^^^^^^^^^^^^^^^^^^^^^
  File "/home/yuksal21/virtualenv/maestro.yuksalishbot.uz/3.12/lib/python3.12/site-packages/aiogram/dispatcher/router.py", line 153, in _wrapped
    return await self._propagate_event(
           ^^^^^^^^^^^^^^^^^^^^^^^^^^^^
  File "/home/yuksal21/virtualenv/maestro.yuksalishbot.uz/3.12/lib/python3.12/site-packages/aiogram/dispatcher/router.py", line 181, in _propagate_event
    response = await observer.trigger(event, **kwargs)
               ^^^^^^^^^^^^^^^^^^^^^^^^^^^^^^^^^^^^^^^
  File "/home/yuksal21/virtualenv/maestro.yuksalishbot.uz/3.12/lib/python3.12/site-packages/aiogram/dispatcher/event/telegram.py", line 126, in trigger
    return await wrapped_inner(event, kwargs)
           ^^^^^^^^^^^^^^^^^^^^^^^^^^^^^^^^^^
  File "/home/yuksal21/virtualenv/maestro.yuksalishbot.uz/3.12/lib/python3.12/site-packages/aiogram/dispatcher/event/handler.py", line 71, in call
    return await wrapped()
           ^^^^^^^^^^^^^^^
  File "/home/yuksal21/maestro.yuksalishbot.uz/bot.py", line 742, in process_registration_name
    user = await session.scalar(select(db.User).where(db.User.telegram_id == message.from_user.id))
           ^^^^^^^^^^^^^^^^^^^^^^^^^^^^^^^^^^^^^^^^^^^^^^^^^^^^^^^^^^^^^^^^^^^^^^^^^^^^^^^^^^^^^^^^
  File "/home/yuksal21/virtualenv/maestro.yuksalishbot.uz/3.12/lib64/python3.12/site-packages/sqlalchemy/ext/asyncio/session.py", line 505, in scalar
    return await greenlet_spawn(
           ^^^^^^^^^^^^^^^^^^^^^
  File "/home/yuksal21/virtualenv/maestro.yuksalishbot.uz/3.12/lib64/python3.12/site-packages/sqlalchemy/util/_concurrency_py3k.py", line 203, in greenlet_spawn
    result = context.switch(value)
             ^^^^^^^^^^^^^^^^^^^^^
  File "/home/yuksal21/virtualenv/maestro.yuksalishbot.uz/3.12/lib64/python3.12/site-packages/sqlalchemy/orm/session.py", line 2399, in scalar
    return self._execute_internal(
           ^^^^^^^^^^^^^^^^^^^^^^^
  File "/home/yuksal21/virtualenv/maestro.yuksalishbot.uz/3.12/lib64/python3.12/site-packages/sqlalchemy/orm/session.py", line 2249, in _execute_internal
    result: Result[Any] = compile_state_cls.orm_execute_statement(
                          ^^^^^^^^^^^^^^^^^^^^^^^^^^^^^^^^^^^^^^^^
  File "/home/yuksal21/virtualenv/maestro.yuksalishbot.uz/3.12/lib64/python3.12/site-packages/sqlalchemy/orm/context.py", line 306, in orm_execute_statement
    result = conn.execute(
             ^^^^^^^^^^^^^
  File "/home/yuksal21/virtualenv/maestro.yuksalishbot.uz/3.12/lib64/python3.12/site-packages/sqlalchemy/engine/base.py", line 1419, in execute
    return meth(
           ^^^^^
  File "/home/yuksal21/virtualenv/maestro.yuksalishbot.uz/3.12/lib64/python3.12/site-packages/sqlalchemy/sql/elements.py", line 527, in _execute_on_connection
    return connection._execute_clauseelement(
           ^^^^^^^^^^^^^^^^^^^^^^^^^^^^^^^^^^
  File "/home/yuksal21/virtualenv/maestro.yuksalishbot.uz/3.12/lib64/python3.12/site-packages/sqlalchemy/engine/base.py", line 1641, in _execute_clauseelement
    ret = self._execute_context(
          ^^^^^^^^^^^^^^^^^^^^^^
  File "/home/yuksal21/virtualenv/maestro.yuksalishbot.uz/3.12/lib64/python3.12/site-packages/sqlalchemy/engine/base.py", line 1846, in _execute_context
    return self._exec_single_context(
           ^^^^^^^^^^^^^^^^^^^^^^^^^^
  File "/home/yuksal21/virtualenv/maestro.yuksalishbot.uz/3.12/lib64/python3.12/site-packages/sqlalchemy/engine/base.py", line 1986, in _exec_single_context
    self._handle_dbapi_exception(
  File "/home/yuksal21/virtualenv/maestro.yuksalishbot.uz/3.12/lib64/python3.12/site-packages/sqlalchemy/engine/base.py", line 2363, in _handle_dbapi_exception
    raise sqlalchemy_exception.with_traceback(exc_info[2]) from e
  File "/home/yuksal21/virtualenv/maestro.yuksalishbot.uz/3.12/lib64/python3.12/site-packages/sqlalchemy/engine/base.py", line 1967, in _exec_single_context
    self.dialect.do_execute(
  File "/home/yuksal21/virtualenv/maestro.yuksalishbot.uz/3.12/lib64/python3.12/site-packages/sqlalchemy/engine/default.py", line 952, in do_execute
    cursor.execute(statement, parameters)
  File "/home/yuksal21/virtualenv/maestro.yuksalishbot.uz/3.12/lib64/python3.12/site-packages/sqlalchemy/connectors/asyncio.py", line 230, in execute
    self._adapt_connection._handle_exception(error)
  File "/home/yuksal21/virtualenv/maestro.yuksalishbot.uz/3.12/lib64/python3.12/site-packages/sqlalchemy/connectors/asyncio.py", line 368, in _handle_exception
    raise error.with_traceback(exc_info[2])
  File "/home/yuksal21/virtualenv/maestro.yuksalishbot.uz/3.12/lib64/python3.12/site-packages/sqlalchemy/connectors/asyncio.py", line 228, in execute
    return self.await_(self._execute_async(operation, parameters))
           ^^^^^^^^^^^^^^^^^^^^^^^^^^^^^^^^^^^^^^^^^^^^^^^^^^^^^^^
  File "/home/yuksal21/virtualenv/maestro.yuksalishbot.uz/3.12/lib64/python3.12/site-packages/sqlalchemy/util/_concurrency_py3k.py", line 132, in await_only
    return current.parent.switch(awaitable)  # type: ignore[no-any-return,attr-defined] # noqa: E501
           ^^^^^^^^^^^^^^^^^^^^^^^^^^^^^^^^
  File "/home/yuksal21/virtualenv/maestro.yuksalishbot.uz/3.12/lib64/python3.12/site-packages/sqlalchemy/util/_concurrency_py3k.py", line 196, in greenlet_spawn
    value = await result
            ^^^^^^^^^^^^
  File "/home/yuksal21/virtualenv/maestro.yuksalishbot.uz/3.12/lib64/python3.12/site-packages/sqlalchemy/connectors/asyncio.py", line 251, in _execute_async
    result = await self._cursor.execute(operation, parameters)
             ^^^^^^^^^^^^^^^^^^^^^^^^^^^^^^^^^^^^^^^^^^^^^^^^^
  File "/home/yuksal21/virtualenv/maestro.yuksalishbot.uz/3.12/lib/python3.12/site-packages/aiomysql/cursors.py", line 239, in execute
    await self._query(query)
  File "/home/yuksal21/virtualenv/maestro.yuksalishbot.uz/3.12/lib/python3.12/site-packages/aiomysql/cursors.py", line 457, in _query
    await conn.query(q)
  File "/home/yuksal21/virtualenv/maestro.yuksalishbot.uz/3.12/lib/python3.12/site-packages/aiomysql/connection.py", line 469, in query
    await self._read_query_result(unbuffered=unbuffered)
  File "/home/yuksal21/virtualenv/maestro.yuksalishbot.uz/3.12/lib/python3.12/site-packages/aiomysql/connection.py", line 683, in _read_query_result
    await result.read()
  File "/home/yuksal21/virtualenv/maestro.yuksalishbot.uz/3.12/lib/python3.12/site-packages/aiomysql/connection.py", line 1164, in read
    first_packet = await self.connection._read_packet()
                   ^^^^^^^^^^^^^^^^^^^^^^^^^^^^^^^^^^^^
  File "/home/yuksal21/virtualenv/maestro.yuksalishbot.uz/3.12/lib/python3.12/site-packages/aiomysql/connection.py", line 609, in _read_packet
    packet_header = await self._read_bytes(4)
                    ^^^^^^^^^^^^^^^^^^^^^^^^^
  File "/home/yuksal21/virtualenv/maestro.yuksalishbot.uz/3.12/lib/python3.12/site-packages/aiomysql/connection.py", line 661, in _read_bytes
    raise OperationalError(CR.CR_SERVER_LOST, msg) from e
sqlalchemy.exc.OperationalError: (pymysql.err.OperationalError) (2013, 'Lost connection to MySQL server during query')
[SQL: SELECT users.id, users.telegram_id, users.first_name, users.phone_number, users.language_code, users.role, users.subscription_until, users.is_active 
FROM users 
WHERE users.telegram_id = %s]
[parameters: (5560947809,)]
(Background on this error at: https://sqlalche.me/e/20/e3q8)
INFO:aiogram.event:Update id=863691864 is handled. Duration 432 ms by bot id=8403442567
INFO:aiogram.event:Update id=863691865 is handled. Duration 213 ms by bot id=8403442567
INFO:aiogram.event:Update id=863691866 is handled. Duration 429 ms by bot id=8403442567
INFO:aiogram.event:Update id=863691867 is not handled. Duration 2 ms by bot id=8403442567
ERROR:aiogram.event:Cause exception while process update id=863691867 by bot id=8403442567
OperationalError: (pymysql.err.OperationalError) (2013, 'Lost connection to MySQL server during query')
[SQL: SELECT users.id, users.telegram_id, users.first_name, users.phone_number, users.language_code, users.role, users.subscription_until, users.is_active 
FROM users 
WHERE users.telegram_id = %s]
[parameters: (5560947809,)]
(Background on this error at: https://sqlalche.me/e/20/e3q8)
Traceback (most recent call last):
  File "/home/yuksal21/virtualenv/maestro.yuksalishbot.uz/3.12/lib/python3.12/site-packages/aiomysql/connection.py", line 657, in _read_bytes
    data = await self._reader.readexactly(num_bytes)
           ^^^^^^^^^^^^^^^^^^^^^^^^^^^^^^^^^^^^^^^^^
  File "/opt/alt/python312/lib64/python3.12/asyncio/streams.py", line 750, in readexactly
    raise exceptions.IncompleteReadError(incomplete, n)
asyncio.exceptions.IncompleteReadError: 0 bytes read on a total of 4 expected bytes

The above exception was the direct cause of the following exception:

Traceback (most recent call last):
  File "/home/yuksal21/virtualenv/maestro.yuksalishbot.uz/3.12/lib64/python3.12/site-packages/sqlalchemy/engine/base.py", line 1967, in _exec_single_context
    self.dialect.do_execute(
  File "/home/yuksal21/virtualenv/maestro.yuksalishbot.uz/3.12/lib64/python3.12/site-packages/sqlalchemy/engine/default.py", line 952, in do_execute
    cursor.execute(statement, parameters)
  File "/home/yuksal21/virtualenv/maestro.yuksalishbot.uz/3.12/lib64/python3.12/site-packages/sqlalchemy/connectors/asyncio.py", line 230, in execute
    self._adapt_connection._handle_exception(error)
  File "/home/yuksal21/virtualenv/maestro.yuksalishbot.uz/3.12/lib64/python3.12/site-packages/sqlalchemy/connectors/asyncio.py", line 368, in _handle_exception
    raise error.with_traceback(exc_info[2])
  File "/home/yuksal21/virtualenv/maestro.yuksalishbot.uz/3.12/lib64/python3.12/site-packages/sqlalchemy/connectors/asyncio.py", line 228, in execute
    return self.await_(self._execute_async(operation, parameters))
           ^^^^^^^^^^^^^^^^^^^^^^^^^^^^^^^^^^^^^^^^^^^^^^^^^^^^^^^
  File "/home/yuksal21/virtualenv/maestro.yuksalishbot.uz/3.12/lib64/python3.12/site-packages/sqlalchemy/util/_concurrency_py3k.py", line 132, in await_only
    return current.parent.switch(awaitable)  # type: ignore[no-any-return,attr-defined] # noqa: E501
           ^^^^^^^^^^^^^^^^^^^^^^^^^^^^^^^^
  File "/home/yuksal21/virtualenv/maestro.yuksalishbot.uz/3.12/lib64/python3.12/site-packages/sqlalchemy/util/_concurrency_py3k.py", line 196, in greenlet_spawn
    value = await result
            ^^^^^^^^^^^^
  File "/home/yuksal21/virtualenv/maestro.yuksalishbot.uz/3.12/lib64/python3.12/site-packages/sqlalchemy/connectors/asyncio.py", line 251, in _execute_async
    result = await self._cursor.execute(operation, parameters)
             ^^^^^^^^^^^^^^^^^^^^^^^^^^^^^^^^^^^^^^^^^^^^^^^^^
  File "/home/yuksal21/virtualenv/maestro.yuksalishbot.uz/3.12/lib/python3.12/site-packages/aiomysql/cursors.py", line 239, in execute
    await self._query(query)
  File "/home/yuksal21/virtualenv/maestro.yuksalishbot.uz/3.12/lib/python3.12/site-packages/aiomysql/cursors.py", line 457, in _query
    await conn.query(q)
  File "/home/yuksal21/virtualenv/maestro.yuksalishbot.uz/3.12/lib/python3.12/site-packages/aiomysql/connection.py", line 469, in query
    await self._read_query_result(unbuffered=unbuffered)
  File "/home/yuksal21/virtualenv/maestro.yuksalishbot.uz/3.12/lib/python3.12/site-packages/aiomysql/connection.py", line 683, in _read_query_result
    await result.read()
  File "/home/yuksal21/virtualenv/maestro.yuksalishbot.uz/3.12/lib/python3.12/site-packages/aiomysql/connection.py", line 1164, in read
    first_packet = await self.connection._read_packet()
                   ^^^^^^^^^^^^^^^^^^^^^^^^^^^^^^^^^^^^
  File "/home/yuksal21/virtualenv/maestro.yuksalishbot.uz/3.12/lib/python3.12/site-packages/aiomysql/connection.py", line 609, in _read_packet
    packet_header = await self._read_bytes(4)
                    ^^^^^^^^^^^^^^^^^^^^^^^^^
  File "/home/yuksal21/virtualenv/maestro.yuksalishbot.uz/3.12/lib/python3.12/site-packages/aiomysql/connection.py", line 661, in _read_bytes
    raise OperationalError(CR.CR_SERVER_LOST, msg) from e
pymysql.err.OperationalError: (2013, 'Lost connection to MySQL server during query')

The above exception was the direct cause of the following exception:

Traceback (most recent call last):
  File "/home/yuksal21/virtualenv/maestro.yuksalishbot.uz/3.12/lib/python3.12/site-packages/aiogram/dispatcher/dispatcher.py", line 320, in _process_update
    response = await self.feed_update(bot, update, **kwargs)
               ^^^^^^^^^^^^^^^^^^^^^^^^^^^^^^^^^^^^^^^^^^^^^
  File "/home/yuksal21/virtualenv/maestro.yuksalishbot.uz/3.12/lib/python3.12/site-packages/aiogram/dispatcher/dispatcher.py", line 164, in feed_update
    response = await self.update.wrap_outer_middleware(
               ^^^^^^^^^^^^^^^^^^^^^^^^^^^^^^^^^^^^^^^^
  File "/home/yuksal21/virtualenv/maestro.yuksalishbot.uz/3.12/lib/python3.12/site-packages/aiogram/dispatcher/middlewares/error.py", line 27, in __call__
    return await handler(event, data)
           ^^^^^^^^^^^^^^^^^^^^^^^^^^
  File "/home/yuksal21/virtualenv/maestro.yuksalishbot.uz/3.12/lib/python3.12/site-packages/aiogram/dispatcher/middlewares/user_context.py", line 58, in __call__
    return await handler(event, data)
           ^^^^^^^^^^^^^^^^^^^^^^^^^^
  File "/home/yuksal21/virtualenv/maestro.yuksalishbot.uz/3.12/lib/python3.12/site-packages/aiogram/fsm/middleware.py", line 43, in __call__
    return await handler(event, data)
           ^^^^^^^^^^^^^^^^^^^^^^^^^^
  File "/home/yuksal21/virtualenv/maestro.yuksalishbot.uz/3.12/lib/python3.12/site-packages/aiogram/dispatcher/event/telegram.py", line 126, in trigger
    return await wrapped_inner(event, kwargs)
           ^^^^^^^^^^^^^^^^^^^^^^^^^^^^^^^^^^
  File "/home/yuksal21/virtualenv/maestro.yuksalishbot.uz/3.12/lib/python3.12/site-packages/aiogram/dispatcher/event/handler.py", line 71, in call
    return await wrapped()
           ^^^^^^^^^^^^^^^
  File "/home/yuksal21/virtualenv/maestro.yuksalishbot.uz/3.12/lib/python3.12/site-packages/aiogram/dispatcher/dispatcher.py", line 283, in _listen_update
    return await self.propagate_event(update_type=update_type, event=event, **kwargs)
           ^^^^^^^^^^^^^^^^^^^^^^^^^^^^^^^^^^^^^^^^^^^^^^^^^^^^^^^^^^^^^^^^^^^^^^^^^^
  File "/home/yuksal21/virtualenv/maestro.yuksalishbot.uz/3.12/lib/python3.12/site-packages/aiogram/dispatcher/router.py", line 161, in propagate_event
    return await observer.wrap_outer_middleware(_wrapped, event=event, data=kwargs)
           ^^^^^^^^^^^^^^^^^^^^^^^^^^^^^^^^^^^^^^^^^^^^^^^^^^^^^^^^^^^^^^^^^^^^^^^^
  File "/home/yuksal21/virtualenv/maestro.yuksalishbot.uz/3.12/lib/python3.12/site-packages/aiogram/dispatcher/router.py", line 153, in _wrapped
    return await self._propagate_event(
           ^^^^^^^^^^^^^^^^^^^^^^^^^^^^
  File "/home/yuksal21/virtualenv/maestro.yuksalishbot.uz/3.12/lib/python3.12/site-packages/aiogram/dispatcher/router.py", line 181, in _propagate_event
    response = await observer.trigger(event, **kwargs)
               ^^^^^^^^^^^^^^^^^^^^^^^^^^^^^^^^^^^^^^^
  File "/home/yuksal21/virtualenv/maestro.yuksalishbot.uz/3.12/lib/python3.12/site-packages/aiogram/dispatcher/event/telegram.py", line 126, in trigger
    return await wrapped_inner(event, kwargs)
           ^^^^^^^^^^^^^^^^^^^^^^^^^^^^^^^^^^
  File "/home/yuksal21/virtualenv/maestro.yuksalishbot.uz/3.12/lib/python3.12/site-packages/aiogram/dispatcher/event/handler.py", line 71, in call
    return await wrapped()
           ^^^^^^^^^^^^^^^
  File "/home/yuksal21/maestro.yuksalishbot.uz/bot.py", line 1750, in show_favorites
    user = await ensure_registered_message(message)
           ^^^^^^^^^^^^^^^^^^^^^^^^^^^^^^^^^^^^^^^^
  File "/home/yuksal21/maestro.yuksalishbot.uz/bot.py", line 611, in ensure_registered_message
    user = await get_user_by_telegram_id(message.from_user.id)
           ^^^^^^^^^^^^^^^^^^^^^^^^^^^^^^^^^^^^^^^^^^^^^^^^^^^
  File "/home/yuksal21/maestro.yuksalishbot.uz/bot.py", line 544, in get_user_by_telegram_id
    return await session.scalar(select(db.User).where(db.User.telegram_id == telegram_id))
           ^^^^^^^^^^^^^^^^^^^^^^^^^^^^^^^^^^^^^^^^^^^^^^^^^^^^^^^^^^^^^^^^^^^^^^^^^^^^^^^
  File "/home/yuksal21/virtualenv/maestro.yuksalishbot.uz/3.12/lib64/python3.12/site-packages/sqlalchemy/ext/asyncio/session.py", line 505, in scalar
    return await greenlet_spawn(
           ^^^^^^^^^^^^^^^^^^^^^
  File "/home/yuksal21/virtualenv/maestro.yuksalishbot.uz/3.12/lib64/python3.12/site-packages/sqlalchemy/util/_concurrency_py3k.py", line 203, in greenlet_spawn
    result = context.switch(value)
             ^^^^^^^^^^^^^^^^^^^^^
  File "/home/yuksal21/virtualenv/maestro.yuksalishbot.uz/3.12/lib64/python3.12/site-packages/sqlalchemy/orm/session.py", line 2399, in scalar
    return self._execute_internal(
           ^^^^^^^^^^^^^^^^^^^^^^^
  File "/home/yuksal21/virtualenv/maestro.yuksalishbot.uz/3.12/lib64/python3.12/site-packages/sqlalchemy/orm/session.py", line 2249, in _execute_internal
    result: Result[Any] = compile_state_cls.orm_execute_statement(
                          ^^^^^^^^^^^^^^^^^^^^^^^^^^^^^^^^^^^^^^^^
  File "/home/yuksal21/virtualenv/maestro.yuksalishbot.uz/3.12/lib64/python3.12/site-packages/sqlalchemy/orm/context.py", line 306, in orm_execute_statement
    result = conn.execute(
             ^^^^^^^^^^^^^
  File "/home/yuksal21/virtualenv/maestro.yuksalishbot.uz/3.12/lib64/python3.12/site-packages/sqlalchemy/engine/base.py", line 1419, in execute
    return meth(
           ^^^^^
  File "/home/yuksal21/virtualenv/maestro.yuksalishbot.uz/3.12/lib64/python3.12/site-packages/sqlalchemy/sql/elements.py", line 527, in _execute_on_connection
    return connection._execute_clauseelement(
           ^^^^^^^^^^^^^^^^^^^^^^^^^^^^^^^^^^
  File "/home/yuksal21/virtualenv/maestro.yuksalishbot.uz/3.12/lib64/python3.12/site-packages/sqlalchemy/engine/base.py", line 1641, in _execute_clauseelement
    ret = self._execute_context(
          ^^^^^^^^^^^^^^^^^^^^^^
  File "/home/yuksal21/virtualenv/maestro.yuksalishbot.uz/3.12/lib64/python3.12/site-packages/sqlalchemy/engine/base.py", line 1846, in _execute_context
    return self._exec_single_context(
           ^^^^^^^^^^^^^^^^^^^^^^^^^^
  File "/home/yuksal21/virtualenv/maestro.yuksalishbot.uz/3.12/lib64/python3.12/site-packages/sqlalchemy/engine/base.py", line 1986, in _exec_single_context
    self._handle_dbapi_exception(
  File "/home/yuksal21/virtualenv/maestro.yuksalishbot.uz/3.12/lib64/python3.12/site-packages/sqlalchemy/engine/base.py", line 2363, in _handle_dbapi_exception
    raise sqlalchemy_exception.with_traceback(exc_info[2]) from e
  File "/home/yuksal21/virtualenv/maestro.yuksalishbot.uz/3.12/lib64/python3.12/site-packages/sqlalchemy/engine/base.py", line 1967, in _exec_single_context
    self.dialect.do_execute(
  File "/home/yuksal21/virtualenv/maestro.yuksalishbot.uz/3.12/lib64/python3.12/site-packages/sqlalchemy/engine/default.py", line 952, in do_execute
    cursor.execute(statement, parameters)
  File "/home/yuksal21/virtualenv/maestro.yuksalishbot.uz/3.12/lib64/python3.12/site-packages/sqlalchemy/connectors/asyncio.py", line 230, in execute
    self._adapt_connection._handle_exception(error)
  File "/home/yuksal21/virtualenv/maestro.yuksalishbot.uz/3.12/lib64/python3.12/site-packages/sqlalchemy/connectors/asyncio.py", line 368, in _handle_exception
    raise error.with_traceback(exc_info[2])
  File "/home/yuksal21/virtualenv/maestro.yuksalishbot.uz/3.12/lib64/python3.12/site-packages/sqlalchemy/connectors/asyncio.py", line 228, in execute
    return self.await_(self._execute_async(operation, parameters))
           ^^^^^^^^^^^^^^^^^^^^^^^^^^^^^^^^^^^^^^^^^^^^^^^^^^^^^^^
  File "/home/yuksal21/virtualenv/maestro.yuksalishbot.uz/3.12/lib64/python3.12/site-packages/sqlalchemy/util/_concurrency_py3k.py", line 132, in await_only
    return current.parent.switch(awaitable)  # type: ignore[no-any-return,attr-defined] # noqa: E501
           ^^^^^^^^^^^^^^^^^^^^^^^^^^^^^^^^
  File "/home/yuksal21/virtualenv/maestro.yuksalishbot.uz/3.12/lib64/python3.12/site-packages/sqlalchemy/util/_concurrency_py3k.py", line 196, in greenlet_spawn
    value = await result
            ^^^^^^^^^^^^
  File "/home/yuksal21/virtualenv/maestro.yuksalishbot.uz/3.12/lib64/python3.12/site-packages/sqlalchemy/connectors/asyncio.py", line 251, in _execute_async
    result = await self._cursor.execute(operation, parameters)
             ^^^^^^^^^^^^^^^^^^^^^^^^^^^^^^^^^^^^^^^^^^^^^^^^^
  File "/home/yuksal21/virtualenv/maestro.yuksalishbot.uz/3.12/lib/python3.12/site-packages/aiomysql/cursors.py", line 239, in execute
    await self._query(query)
  File "/home/yuksal21/virtualenv/maestro.yuksalishbot.uz/3.12/lib/python3.12/site-packages/aiomysql/cursors.py", line 457, in _query
    await conn.query(q)
  File "/home/yuksal21/virtualenv/maestro.yuksalishbot.uz/3.12/lib/python3.12/site-packages/aiomysql/connection.py", line 469, in query
    await self._read_query_result(unbuffered=unbuffered)
  File "/home/yuksal21/virtualenv/maestro.yuksalishbot.uz/3.12/lib/python3.12/site-packages/aiomysql/connection.py", line 683, in _read_query_result
    await result.read()
  File "/home/yuksal21/virtualenv/maestro.yuksalishbot.uz/3.12/lib/python3.12/site-packages/aiomysql/connection.py", line 1164, in read
    first_packet = await self.connection._read_packet()
                   ^^^^^^^^^^^^^^^^^^^^^^^^^^^^^^^^^^^^
  File "/home/yuksal21/virtualenv/maestro.yuksalishbot.uz/3.12/lib/python3.12/site-packages/aiomysql/connection.py", line 609, in _read_packet
    packet_header = await self._read_bytes(4)
                    ^^^^^^^^^^^^^^^^^^^^^^^^^
  File "/home/yuksal21/virtualenv/maestro.yuksalishbot.uz/3.12/lib/python3.12/site-packages/aiomysql/connection.py", line 661, in _read_bytes
    raise OperationalError(CR.CR_SERVER_LOST, msg) from e
sqlalchemy.exc.OperationalError: (pymysql.err.OperationalError) (2013, 'Lost connection to MySQL server during query')
[SQL: SELECT users.id, users.telegram_id, users.first_name, users.phone_number, users.language_code, users.role, users.subscription_until, users.is_active 
FROM users 
WHERE users.telegram_id = %s]
[parameters: (5560947809,)]
(Background on this error at: https://sqlalche.me/e/20/e3q8)
INFO:aiogram.event:Update id=863691868 is handled. Duration 464 ms by bot id=8403442567
INFO:aiogram.event:Update id=863691869 is handled. Duration 958 ms by bot id=8403442567
INFO:aiogram.event:Update id=863691870 is handled. Duration 416 ms by bot id=8403442567
INFO:aiogram.event:Update id=863691871 is handled. Duration 884 ms by bot id=8403442567
INFO:aiogram.event:Update id=863691872 is handled. Duration 889 ms by bot id=8403442567
INFO:aiogram.event:Update id=863691873 is not handled. Duration 3 ms by bot id=8403442567
ERROR:aiogram.event:Cause exception while process update id=863691873 by bot id=8403442567
OperationalError: (pymysql.err.OperationalError) (2013, 'Lost connection to MySQL server during query')
[SQL: SELECT users.id, users.telegram_id, users.first_name, users.phone_number, users.language_code, users.role, users.subscription_until, users.is_active 
FROM users 
WHERE users.telegram_id = %s]
[parameters: (5560947809,)]
(Background on this error at: https://sqlalche.me/e/20/e3q8)
Traceback (most recent call last):
  File "/home/yuksal21/virtualenv/maestro.yuksalishbot.uz/3.12/lib/python3.12/site-packages/aiomysql/connection.py", line 657, in _read_bytes
    data = await self._reader.readexactly(num_bytes)
           ^^^^^^^^^^^^^^^^^^^^^^^^^^^^^^^^^^^^^^^^^
  File "/opt/alt/python312/lib64/python3.12/asyncio/streams.py", line 750, in readexactly
    raise exceptions.IncompleteReadError(incomplete, n)
asyncio.exceptions.IncompleteReadError: 0 bytes read on a total of 4 expected bytes

The above exception was the direct cause of the following exception:

Traceback (most recent call last):
  File "/home/yuksal21/virtualenv/maestro.yuksalishbot.uz/3.12/lib64/python3.12/site-packages/sqlalchemy/engine/base.py", line 1967, in _exec_single_context
    self.dialect.do_execute(
  File "/home/yuksal21/virtualenv/maestro.yuksalishbot.uz/3.12/lib64/python3.12/site-packages/sqlalchemy/engine/default.py", line 952, in do_execute
    cursor.execute(statement, parameters)
  File "/home/yuksal21/virtualenv/maestro.yuksalishbot.uz/3.12/lib64/python3.12/site-packages/sqlalchemy/connectors/asyncio.py", line 230, in execute
    self._adapt_connection._handle_exception(error)
  File "/home/yuksal21/virtualenv/maestro.yuksalishbot.uz/3.12/lib64/python3.12/site-packages/sqlalchemy/connectors/asyncio.py", line 368, in _handle_exception
    raise error.with_traceback(exc_info[2])
  File "/home/yuksal21/virtualenv/maestro.yuksalishbot.uz/3.12/lib64/python3.12/site-packages/sqlalchemy/connectors/asyncio.py", line 228, in execute
    return self.await_(self._execute_async(operation, parameters))
           ^^^^^^^^^^^^^^^^^^^^^^^^^^^^^^^^^^^^^^^^^^^^^^^^^^^^^^^
  File "/home/yuksal21/virtualenv/maestro.yuksalishbot.uz/3.12/lib64/python3.12/site-packages/sqlalchemy/util/_concurrency_py3k.py", line 132, in await_only
    return current.parent.switch(awaitable)  # type: ignore[no-any-return,attr-defined] # noqa: E501
           ^^^^^^^^^^^^^^^^^^^^^^^^^^^^^^^^
  File "/home/yuksal21/virtualenv/maestro.yuksalishbot.uz/3.12/lib64/python3.12/site-packages/sqlalchemy/util/_concurrency_py3k.py", line 196, in greenlet_spawn
    value = await result
            ^^^^^^^^^^^^
  File "/home/yuksal21/virtualenv/maestro.yuksalishbot.uz/3.12/lib64/python3.12/site-packages/sqlalchemy/connectors/asyncio.py", line 251, in _execute_async
    result = await self._cursor.execute(operation, parameters)
             ^^^^^^^^^^^^^^^^^^^^^^^^^^^^^^^^^^^^^^^^^^^^^^^^^
  File "/home/yuksal21/virtualenv/maestro.yuksalishbot.uz/3.12/lib/python3.12/site-packages/aiomysql/cursors.py", line 239, in execute
    await self._query(query)
  File "/home/yuksal21/virtualenv/maestro.yuksalishbot.uz/3.12/lib/python3.12/site-packages/aiomysql/cursors.py", line 457, in _query
    await conn.query(q)
  File "/home/yuksal21/virtualenv/maestro.yuksalishbot.uz/3.12/lib/python3.12/site-packages/aiomysql/connection.py", line 469, in query
    await self._read_query_result(unbuffered=unbuffered)
  File "/home/yuksal21/virtualenv/maestro.yuksalishbot.uz/3.12/lib/python3.12/site-packages/aiomysql/connection.py", line 683, in _read_query_result
    await result.read()
  File "/home/yuksal21/virtualenv/maestro.yuksalishbot.uz/3.12/lib/python3.12/site-packages/aiomysql/connection.py", line 1164, in read
    first_packet = await self.connection._read_packet()
                   ^^^^^^^^^^^^^^^^^^^^^^^^^^^^^^^^^^^^
  File "/home/yuksal21/virtualenv/maestro.yuksalishbot.uz/3.12/lib/python3.12/site-packages/aiomysql/connection.py", line 609, in _read_packet
    packet_header = await self._read_bytes(4)
                    ^^^^^^^^^^^^^^^^^^^^^^^^^
  File "/home/yuksal21/virtualenv/maestro.yuksalishbot.uz/3.12/lib/python3.12/site-packages/aiomysql/connection.py", line 661, in _read_bytes
    raise OperationalError(CR.CR_SERVER_LOST, msg) from e
pymysql.err.OperationalError: (2013, 'Lost connection to MySQL server during query')

The above exception was the direct cause of the following exception:

Traceback (most recent call last):
  File "/home/yuksal21/virtualenv/maestro.yuksalishbot.uz/3.12/lib/python3.12/site-packages/aiogram/dispatcher/dispatcher.py", line 320, in _process_update
    response = await self.feed_update(bot, update, **kwargs)
               ^^^^^^^^^^^^^^^^^^^^^^^^^^^^^^^^^^^^^^^^^^^^^
  File "/home/yuksal21/virtualenv/maestro.yuksalishbot.uz/3.12/lib/python3.12/site-packages/aiogram/dispatcher/dispatcher.py", line 164, in feed_update
    response = await self.update.wrap_outer_middleware(
               ^^^^^^^^^^^^^^^^^^^^^^^^^^^^^^^^^^^^^^^^
  File "/home/yuksal21/virtualenv/maestro.yuksalishbot.uz/3.12/lib/python3.12/site-packages/aiogram/dispatcher/middlewares/error.py", line 27, in __call__
    return await handler(event, data)
           ^^^^^^^^^^^^^^^^^^^^^^^^^^
  File "/home/yuksal21/virtualenv/maestro.yuksalishbot.uz/3.12/lib/python3.12/site-packages/aiogram/dispatcher/middlewares/user_context.py", line 58, in __call__
    return await handler(event, data)
           ^^^^^^^^^^^^^^^^^^^^^^^^^^
  File "/home/yuksal21/virtualenv/maestro.yuksalishbot.uz/3.12/lib/python3.12/site-packages/aiogram/fsm/middleware.py", line 43, in __call__
    return await handler(event, data)
           ^^^^^^^^^^^^^^^^^^^^^^^^^^
  File "/home/yuksal21/virtualenv/maestro.yuksalishbot.uz/3.12/lib/python3.12/site-packages/aiogram/dispatcher/event/telegram.py", line 126, in trigger
    return await wrapped_inner(event, kwargs)
           ^^^^^^^^^^^^^^^^^^^^^^^^^^^^^^^^^^
  File "/home/yuksal21/virtualenv/maestro.yuksalishbot.uz/3.12/lib/python3.12/site-packages/aiogram/dispatcher/event/handler.py", line 71, in call
    return await wrapped()
           ^^^^^^^^^^^^^^^
  File "/home/yuksal21/virtualenv/maestro.yuksalishbot.uz/3.12/lib/python3.12/site-packages/aiogram/dispatcher/dispatcher.py", line 283, in _listen_update
    return await self.propagate_event(update_type=update_type, event=event, **kwargs)
           ^^^^^^^^^^^^^^^^^^^^^^^^^^^^^^^^^^^^^^^^^^^^^^^^^^^^^^^^^^^^^^^^^^^^^^^^^^
  File "/home/yuksal21/virtualenv/maestro.yuksalishbot.uz/3.12/lib/python3.12/site-packages/aiogram/dispatcher/router.py", line 161, in propagate_event
    return await observer.wrap_outer_middleware(_wrapped, event=event, data=kwargs)
           ^^^^^^^^^^^^^^^^^^^^^^^^^^^^^^^^^^^^^^^^^^^^^^^^^^^^^^^^^^^^^^^^^^^^^^^^
  File "/home/yuksal21/virtualenv/maestro.yuksalishbot.uz/3.12/lib/python3.12/site-packages/aiogram/dispatcher/router.py", line 153, in _wrapped
    return await self._propagate_event(
           ^^^^^^^^^^^^^^^^^^^^^^^^^^^^
  File "/home/yuksal21/virtualenv/maestro.yuksalishbot.uz/3.12/lib/python3.12/site-packages/aiogram/dispatcher/router.py", line 181, in _propagate_event
    response = await observer.trigger(event, **kwargs)
               ^^^^^^^^^^^^^^^^^^^^^^^^^^^^^^^^^^^^^^^
  File "/home/yuksal21/virtualenv/maestro.yuksalishbot.uz/3.12/lib/python3.12/site-packages/aiogram/dispatcher/event/telegram.py", line 126, in trigger
    return await wrapped_inner(event, kwargs)
           ^^^^^^^^^^^^^^^^^^^^^^^^^^^^^^^^^^
  File "/home/yuksal21/virtualenv/maestro.yuksalishbot.uz/3.12/lib/python3.12/site-packages/aiogram/dispatcher/event/handler.py", line 71, in call
    return await wrapped()
           ^^^^^^^^^^^^^^^
  File "/home/yuksal21/maestro.yuksalishbot.uz/bot.py", line 1297, in show_dayoff_notice
    lang = await get_user_lang(cb.from_user.id)
           ^^^^^^^^^^^^^^^^^^^^^^^^^^^^^^^^^^^^
  File "/home/yuksal21/maestro.yuksalishbot.uz/bot.py", line 548, in get_user_lang
    user = await get_user_by_telegram_id(telegram_id)
           ^^^^^^^^^^^^^^^^^^^^^^^^^^^^^^^^^^^^^^^^^^
  File "/home/yuksal21/maestro.yuksalishbot.uz/bot.py", line 544, in get_user_by_telegram_id
    return await session.scalar(select(db.User).where(db.User.telegram_id == telegram_id))
           ^^^^^^^^^^^^^^^^^^^^^^^^^^^^^^^^^^^^^^^^^^^^^^^^^^^^^^^^^^^^^^^^^^^^^^^^^^^^^^^
  File "/home/yuksal21/virtualenv/maestro.yuksalishbot.uz/3.12/lib64/python3.12/site-packages/sqlalchemy/ext/asyncio/session.py", line 505, in scalar
    return await greenlet_spawn(
           ^^^^^^^^^^^^^^^^^^^^^
  File "/home/yuksal21/virtualenv/maestro.yuksalishbot.uz/3.12/lib64/python3.12/site-packages/sqlalchemy/util/_concurrency_py3k.py", line 203, in greenlet_spawn
    result = context.switch(value)
             ^^^^^^^^^^^^^^^^^^^^^
  File "/home/yuksal21/virtualenv/maestro.yuksalishbot.uz/3.12/lib64/python3.12/site-packages/sqlalchemy/orm/session.py", line 2399, in scalar
    return self._execute_internal(
           ^^^^^^^^^^^^^^^^^^^^^^^
  File "/home/yuksal21/virtualenv/maestro.yuksalishbot.uz/3.12/lib64/python3.12/site-packages/sqlalchemy/orm/session.py", line 2249, in _execute_internal
    result: Result[Any] = compile_state_cls.orm_execute_statement(
                          ^^^^^^^^^^^^^^^^^^^^^^^^^^^^^^^^^^^^^^^^
  File "/home/yuksal21/virtualenv/maestro.yuksalishbot.uz/3.12/lib64/python3.12/site-packages/sqlalchemy/orm/context.py", line 306, in orm_execute_statement
    result = conn.execute(
             ^^^^^^^^^^^^^
  File "/home/yuksal21/virtualenv/maestro.yuksalishbot.uz/3.12/lib64/python3.12/site-packages/sqlalchemy/engine/base.py", line 1419, in execute
    return meth(
           ^^^^^
  File "/home/yuksal21/virtualenv/maestro.yuksalishbot.uz/3.12/lib64/python3.12/site-packages/sqlalchemy/sql/elements.py", line 527, in _execute_on_connection
    return connection._execute_clauseelement(
           ^^^^^^^^^^^^^^^^^^^^^^^^^^^^^^^^^^
  File "/home/yuksal21/virtualenv/maestro.yuksalishbot.uz/3.12/lib64/python3.12/site-packages/sqlalchemy/engine/base.py", line 1641, in _execute_clauseelement
    ret = self._execute_context(
          ^^^^^^^^^^^^^^^^^^^^^^
  File "/home/yuksal21/virtualenv/maestro.yuksalishbot.uz/3.12/lib64/python3.12/site-packages/sqlalchemy/engine/base.py", line 1846, in _execute_context
    return self._exec_single_context(
           ^^^^^^^^^^^^^^^^^^^^^^^^^^
  File "/home/yuksal21/virtualenv/maestro.yuksalishbot.uz/3.12/lib64/python3.12/site-packages/sqlalchemy/engine/base.py", line 1986, in _exec_single_context
    self._handle_dbapi_exception(
  File "/home/yuksal21/virtualenv/maestro.yuksalishbot.uz/3.12/lib64/python3.12/site-packages/sqlalchemy/engine/base.py", line 2363, in _handle_dbapi_exception
    raise sqlalchemy_exception.with_traceback(exc_info[2]) from e
  File "/home/yuksal21/virtualenv/maestro.yuksalishbot.uz/3.12/lib64/python3.12/site-packages/sqlalchemy/engine/base.py", line 1967, in _exec_single_context
    self.dialect.do_execute(
  File "/home/yuksal21/virtualenv/maestro.yuksalishbot.uz/3.12/lib64/python3.12/site-packages/sqlalchemy/engine/default.py", line 952, in do_execute
    cursor.execute(statement, parameters)
  File "/home/yuksal21/virtualenv/maestro.yuksalishbot.uz/3.12/lib64/python3.12/site-packages/sqlalchemy/connectors/asyncio.py", line 230, in execute
    self._adapt_connection._handle_exception(error)
  File "/home/yuksal21/virtualenv/maestro.yuksalishbot.uz/3.12/lib64/python3.12/site-packages/sqlalchemy/connectors/asyncio.py", line 368, in _handle_exception
    raise error.with_traceback(exc_info[2])
  File "/home/yuksal21/virtualenv/maestro.yuksalishbot.uz/3.12/lib64/python3.12/site-packages/sqlalchemy/connectors/asyncio.py", line 228, in execute
    return self.await_(self._execute_async(operation, parameters))
           ^^^^^^^^^^^^^^^^^^^^^^^^^^^^^^^^^^^^^^^^^^^^^^^^^^^^^^^
  File "/home/yuksal21/virtualenv/maestro.yuksalishbot.uz/3.12/lib64/python3.12/site-packages/sqlalchemy/util/_concurrency_py3k.py", line 132, in await_only
    return current.parent.switch(awaitable)  # type: ignore[no-any-return,attr-defined] # noqa: E501
           ^^^^^^^^^^^^^^^^^^^^^^^^^^^^^^^^
  File "/home/yuksal21/virtualenv/maestro.yuksalishbot.uz/3.12/lib64/python3.12/site-packages/sqlalchemy/util/_concurrency_py3k.py", line 196, in greenlet_spawn
    value = await result
            ^^^^^^^^^^^^
  File "/home/yuksal21/virtualenv/maestro.yuksalishbot.uz/3.12/lib64/python3.12/site-packages/sqlalchemy/connectors/asyncio.py", line 251, in _execute_async
    result = await self._cursor.execute(operation, parameters)
             ^^^^^^^^^^^^^^^^^^^^^^^^^^^^^^^^^^^^^^^^^^^^^^^^^
  File "/home/yuksal21/virtualenv/maestro.yuksalishbot.uz/3.12/lib/python3.12/site-packages/aiomysql/cursors.py", line 239, in execute
    await self._query(query)
  File "/home/yuksal21/virtualenv/maestro.yuksalishbot.uz/3.12/lib/python3.12/site-packages/aiomysql/cursors.py", line 457, in _query
    await conn.query(q)
  File "/home/yuksal21/virtualenv/maestro.yuksalishbot.uz/3.12/lib/python3.12/site-packages/aiomysql/connection.py", line 469, in query
    await self._read_query_result(unbuffered=unbuffered)
  File "/home/yuksal21/virtualenv/maestro.yuksalishbot.uz/3.12/lib/python3.12/site-packages/aiomysql/connection.py", line 683, in _read_query_result
    await result.read()
  File "/home/yuksal21/virtualenv/maestro.yuksalishbot.uz/3.12/lib/python3.12/site-packages/aiomysql/connection.py", line 1164, in read
    first_packet = await self.connection._read_packet()
                   ^^^^^^^^^^^^^^^^^^^^^^^^^^^^^^^^^^^^
  File "/home/yuksal21/virtualenv/maestro.yuksalishbot.uz/3.12/lib/python3.12/site-packages/aiomysql/connection.py", line 609, in _read_packet
    packet_header = await self._read_bytes(4)
                    ^^^^^^^^^^^^^^^^^^^^^^^^^
  File "/home/yuksal21/virtualenv/maestro.yuksalishbot.uz/3.12/lib/python3.12/site-packages/aiomysql/connection.py", line 661, in _read_bytes
    raise OperationalError(CR.CR_SERVER_LOST, msg) from e
sqlalchemy.exc.OperationalError: (pymysql.err.OperationalError) (2013, 'Lost connection to MySQL server during query')
[SQL: SELECT users.id, users.telegram_id, users.first_name, users.phone_number, users.language_code, users.role, users.subscription_until, users.is_active 
FROM users 
WHERE users.telegram_id = %s]
[parameters: (5560947809,)]
(Background on this error at: https://sqlalche.me/e/20/e3q8)
INFO:aiogram.event:Update id=863691874 is handled. Duration 988 ms by bot id=8403442567
INFO:aiogram.event:Update id=863691875 is handled. Duration 372 ms by bot id=8403442567
INFO:aiogram.event:Update id=863691876 is handled. Duration 826 ms by bot id=8403442567
INFO:aiogram.event:Update id=863691877 is handled. Duration 1168 ms by bot id=8403442567
INFO:aiogram.event:Update id=863691878 is handled. Duration 703 ms by bot id=8403442567
INFO:aiogram.event:Update id=863691879 is not handled. Duration 2 ms by bot id=8403442567
ERROR:aiogram.event:Cause exception while process update id=863691879 by bot id=8403442567
OperationalError: (pymysql.err.OperationalError) (2013, 'Lost connection to MySQL server during query')
[SQL: SELECT users.id, users.telegram_id, users.first_name, users.phone_number, users.language_code, users.role, users.subscription_until, users.is_active 
FROM users 
WHERE users.telegram_id = %s]
[parameters: (5560947809,)]
(Background on this error at: https://sqlalche.me/e/20/e3q8)
Traceback (most recent call last):
  File "/home/yuksal21/virtualenv/maestro.yuksalishbot.uz/3.12/lib/python3.12/site-packages/aiomysql/connection.py", line 657, in _read_bytes
    data = await self._reader.readexactly(num_bytes)
           ^^^^^^^^^^^^^^^^^^^^^^^^^^^^^^^^^^^^^^^^^
  File "/opt/alt/python312/lib64/python3.12/asyncio/streams.py", line 750, in readexactly
    raise exceptions.IncompleteReadError(incomplete, n)
asyncio.exceptions.IncompleteReadError: 0 bytes read on a total of 4 expected bytes

The above exception was the direct cause of the following exception:

Traceback (most recent call last):
  File "/home/yuksal21/virtualenv/maestro.yuksalishbot.uz/3.12/lib64/python3.12/site-packages/sqlalchemy/engine/base.py", line 1967, in _exec_single_context
    self.dialect.do_execute(
  File "/home/yuksal21/virtualenv/maestro.yuksalishbot.uz/3.12/lib64/python3.12/site-packages/sqlalchemy/engine/default.py", line 952, in do_execute
    cursor.execute(statement, parameters)
  File "/home/yuksal21/virtualenv/maestro.yuksalishbot.uz/3.12/lib64/python3.12/site-packages/sqlalchemy/connectors/asyncio.py", line 230, in execute
    self._adapt_connection._handle_exception(error)
  File "/home/yuksal21/virtualenv/maestro.yuksalishbot.uz/3.12/lib64/python3.12/site-packages/sqlalchemy/connectors/asyncio.py", line 368, in _handle_exception
    raise error.with_traceback(exc_info[2])
  File "/home/yuksal21/virtualenv/maestro.yuksalishbot.uz/3.12/lib64/python3.12/site-packages/sqlalchemy/connectors/asyncio.py", line 228, in execute
    return self.await_(self._execute_async(operation, parameters))
           ^^^^^^^^^^^^^^^^^^^^^^^^^^^^^^^^^^^^^^^^^^^^^^^^^^^^^^^
  File "/home/yuksal21/virtualenv/maestro.yuksalishbot.uz/3.12/lib64/python3.12/site-packages/sqlalchemy/util/_concurrency_py3k.py", line 132, in await_only
    return current.parent.switch(awaitable)  # type: ignore[no-any-return,attr-defined] # noqa: E501
           ^^^^^^^^^^^^^^^^^^^^^^^^^^^^^^^^
  File "/home/yuksal21/virtualenv/maestro.yuksalishbot.uz/3.12/lib64/python3.12/site-packages/sqlalchemy/util/_concurrency_py3k.py", line 196, in greenlet_spawn
    value = await result
            ^^^^^^^^^^^^
  File "/home/yuksal21/virtualenv/maestro.yuksalishbot.uz/3.12/lib64/python3.12/site-packages/sqlalchemy/connectors/asyncio.py", line 251, in _execute_async
    result = await self._cursor.execute(operation, parameters)
             ^^^^^^^^^^^^^^^^^^^^^^^^^^^^^^^^^^^^^^^^^^^^^^^^^
  File "/home/yuksal21/virtualenv/maestro.yuksalishbot.uz/3.12/lib/python3.12/site-packages/aiomysql/cursors.py", line 239, in execute
    await self._query(query)
  File "/home/yuksal21/virtualenv/maestro.yuksalishbot.uz/3.12/lib/python3.12/site-packages/aiomysql/cursors.py", line 457, in _query
    await conn.query(q)
  File "/home/yuksal21/virtualenv/maestro.yuksalishbot.uz/3.12/lib/python3.12/site-packages/aiomysql/connection.py", line 469, in query
    await self._read_query_result(unbuffered=unbuffered)
  File "/home/yuksal21/virtualenv/maestro.yuksalishbot.uz/3.12/lib/python3.12/site-packages/aiomysql/connection.py", line 683, in _read_query_result
    await result.read()
  File "/home/yuksal21/virtualenv/maestro.yuksalishbot.uz/3.12/lib/python3.12/site-packages/aiomysql/connection.py", line 1164, in read
    first_packet = await self.connection._read_packet()
                   ^^^^^^^^^^^^^^^^^^^^^^^^^^^^^^^^^^^^
  File "/home/yuksal21/virtualenv/maestro.yuksalishbot.uz/3.12/lib/python3.12/site-packages/aiomysql/connection.py", line 609, in _read_packet
    packet_header = await self._read_bytes(4)
                    ^^^^^^^^^^^^^^^^^^^^^^^^^
  File "/home/yuksal21/virtualenv/maestro.yuksalishbot.uz/3.12/lib/python3.12/site-packages/aiomysql/connection.py", line 661, in _read_bytes
    raise OperationalError(CR.CR_SERVER_LOST, msg) from e
pymysql.err.OperationalError: (2013, 'Lost connection to MySQL server during query')

The above exception was the direct cause of the following exception:

Traceback (most recent call last):
  File "/home/yuksal21/virtualenv/maestro.yuksalishbot.uz/3.12/lib/python3.12/site-packages/aiogram/dispatcher/dispatcher.py", line 320, in _process_update
    response = await self.feed_update(bot, update, **kwargs)
               ^^^^^^^^^^^^^^^^^^^^^^^^^^^^^^^^^^^^^^^^^^^^^
  File "/home/yuksal21/virtualenv/maestro.yuksalishbot.uz/3.12/lib/python3.12/site-packages/aiogram/dispatcher/dispatcher.py", line 164, in feed_update
    response = await self.update.wrap_outer_middleware(
               ^^^^^^^^^^^^^^^^^^^^^^^^^^^^^^^^^^^^^^^^
  File "/home/yuksal21/virtualenv/maestro.yuksalishbot.uz/3.12/lib/python3.12/site-packages/aiogram/dispatcher/middlewares/error.py", line 27, in __call__
    return await handler(event, data)
           ^^^^^^^^^^^^^^^^^^^^^^^^^^
  File "/home/yuksal21/virtualenv/maestro.yuksalishbot.uz/3.12/lib/python3.12/site-packages/aiogram/dispatcher/middlewares/user_context.py", line 58, in __call__
    return await handler(event, data)
           ^^^^^^^^^^^^^^^^^^^^^^^^^^
  File "/home/yuksal21/virtualenv/maestro.yuksalishbot.uz/3.12/lib/python3.12/site-packages/aiogram/fsm/middleware.py", line 43, in __call__
    return await handler(event, data)
           ^^^^^^^^^^^^^^^^^^^^^^^^^^
  File "/home/yuksal21/virtualenv/maestro.yuksalishbot.uz/3.12/lib/python3.12/site-packages/aiogram/dispatcher/event/telegram.py", line 126, in trigger
    return await wrapped_inner(event, kwargs)
           ^^^^^^^^^^^^^^^^^^^^^^^^^^^^^^^^^^
  File "/home/yuksal21/virtualenv/maestro.yuksalishbot.uz/3.12/lib/python3.12/site-packages/aiogram/dispatcher/event/handler.py", line 71, in call
    return await wrapped()
           ^^^^^^^^^^^^^^^
  File "/home/yuksal21/virtualenv/maestro.yuksalishbot.uz/3.12/lib/python3.12/site-packages/aiogram/dispatcher/dispatcher.py", line 283, in _listen_update
    return await self.propagate_event(update_type=update_type, event=event, **kwargs)
           ^^^^^^^^^^^^^^^^^^^^^^^^^^^^^^^^^^^^^^^^^^^^^^^^^^^^^^^^^^^^^^^^^^^^^^^^^^
  File "/home/yuksal21/virtualenv/maestro.yuksalishbot.uz/3.12/lib/python3.12/site-packages/aiogram/dispatcher/router.py", line 161, in propagate_event
    return await observer.wrap_outer_middleware(_wrapped, event=event, data=kwargs)
           ^^^^^^^^^^^^^^^^^^^^^^^^^^^^^^^^^^^^^^^^^^^^^^^^^^^^^^^^^^^^^^^^^^^^^^^^
  File "/home/yuksal21/virtualenv/maestro.yuksalishbot.uz/3.12/lib/python3.12/site-packages/aiogram/dispatcher/router.py", line 153, in _wrapped
    return await self._propagate_event(
           ^^^^^^^^^^^^^^^^^^^^^^^^^^^^
  File "/home/yuksal21/virtualenv/maestro.yuksalishbot.uz/3.12/lib/python3.12/site-packages/aiogram/dispatcher/router.py", line 181, in _propagate_event
    response = await observer.trigger(event, **kwargs)
               ^^^^^^^^^^^^^^^^^^^^^^^^^^^^^^^^^^^^^^^
  File "/home/yuksal21/virtualenv/maestro.yuksalishbot.uz/3.12/lib/python3.12/site-packages/aiogram/dispatcher/event/telegram.py", line 126, in trigger
    return await wrapped_inner(event, kwargs)
           ^^^^^^^^^^^^^^^^^^^^^^^^^^^^^^^^^^
  File "/home/yuksal21/virtualenv/maestro.yuksalishbot.uz/3.12/lib/python3.12/site-packages/aiogram/dispatcher/event/handler.py", line 71, in call
    return await wrapped()
           ^^^^^^^^^^^^^^^
  File "/home/yuksal21/maestro.yuksalishbot.uz/bot.py", line 988, in booking_start_menu
    user = await ensure_registered_message(message)
           ^^^^^^^^^^^^^^^^^^^^^^^^^^^^^^^^^^^^^^^^
  File "/home/yuksal21/maestro.yuksalishbot.uz/bot.py", line 611, in ensure_registered_message
    user = await get_user_by_telegram_id(message.from_user.id)
           ^^^^^^^^^^^^^^^^^^^^^^^^^^^^^^^^^^^^^^^^^^^^^^^^^^^
  File "/home/yuksal21/maestro.yuksalishbot.uz/bot.py", line 544, in get_user_by_telegram_id
    return await session.scalar(select(db.User).where(db.User.telegram_id == telegram_id))
           ^^^^^^^^^^^^^^^^^^^^^^^^^^^^^^^^^^^^^^^^^^^^^^^^^^^^^^^^^^^^^^^^^^^^^^^^^^^^^^^
  File "/home/yuksal21/virtualenv/maestro.yuksalishbot.uz/3.12/lib64/python3.12/site-packages/sqlalchemy/ext/asyncio/session.py", line 505, in scalar
    return await greenlet_spawn(
           ^^^^^^^^^^^^^^^^^^^^^
  File "/home/yuksal21/virtualenv/maestro.yuksalishbot.uz/3.12/lib64/python3.12/site-packages/sqlalchemy/util/_concurrency_py3k.py", line 203, in greenlet_spawn
    result = context.switch(value)
             ^^^^^^^^^^^^^^^^^^^^^
  File "/home/yuksal21/virtualenv/maestro.yuksalishbot.uz/3.12/lib64/python3.12/site-packages/sqlalchemy/orm/session.py", line 2399, in scalar
    return self._execute_internal(
           ^^^^^^^^^^^^^^^^^^^^^^^
  File "/home/yuksal21/virtualenv/maestro.yuksalishbot.uz/3.12/lib64/python3.12/site-packages/sqlalchemy/orm/session.py", line 2249, in _execute_internal
    result: Result[Any] = compile_state_cls.orm_execute_statement(
                          ^^^^^^^^^^^^^^^^^^^^^^^^^^^^^^^^^^^^^^^^
  File "/home/yuksal21/virtualenv/maestro.yuksalishbot.uz/3.12/lib64/python3.12/site-packages/sqlalchemy/orm/context.py", line 306, in orm_execute_statement
    result = conn.execute(
             ^^^^^^^^^^^^^
  File "/home/yuksal21/virtualenv/maestro.yuksalishbot.uz/3.12/lib64/python3.12/site-packages/sqlalchemy/engine/base.py", line 1419, in execute
    return meth(
           ^^^^^
  File "/home/yuksal21/virtualenv/maestro.yuksalishbot.uz/3.12/lib64/python3.12/site-packages/sqlalchemy/sql/elements.py", line 527, in _execute_on_connection
    return connection._execute_clauseelement(
           ^^^^^^^^^^^^^^^^^^^^^^^^^^^^^^^^^^
  File "/home/yuksal21/virtualenv/maestro.yuksalishbot.uz/3.12/lib64/python3.12/site-packages/sqlalchemy/engine/base.py", line 1641, in _execute_clauseelement
    ret = self._execute_context(
          ^^^^^^^^^^^^^^^^^^^^^^
  File "/home/yuksal21/virtualenv/maestro.yuksalishbot.uz/3.12/lib64/python3.12/site-packages/sqlalchemy/engine/base.py", line 1846, in _execute_context
    return self._exec_single_context(
           ^^^^^^^^^^^^^^^^^^^^^^^^^^
  File "/home/yuksal21/virtualenv/maestro.yuksalishbot.uz/3.12/lib64/python3.12/site-packages/sqlalchemy/engine/base.py", line 1986, in _exec_single_context
    self._handle_dbapi_exception(
  File "/home/yuksal21/virtualenv/maestro.yuksalishbot.uz/3.12/lib64/python3.12/site-packages/sqlalchemy/engine/base.py", line 2363, in _handle_dbapi_exception
    raise sqlalchemy_exception.with_traceback(exc_info[2]) from e
  File "/home/yuksal21/virtualenv/maestro.yuksalishbot.uz/3.12/lib64/python3.12/site-packages/sqlalchemy/engine/base.py", line 1967, in _exec_single_context
    self.dialect.do_execute(
  File "/home/yuksal21/virtualenv/maestro.yuksalishbot.uz/3.12/lib64/python3.12/site-packages/sqlalchemy/engine/default.py", line 952, in do_execute
    cursor.execute(statement, parameters)
  File "/home/yuksal21/virtualenv/maestro.yuksalishbot.uz/3.12/lib64/python3.12/site-packages/sqlalchemy/connectors/asyncio.py", line 230, in execute
    self._adapt_connection._handle_exception(error)
  File "/home/yuksal21/virtualenv/maestro.yuksalishbot.uz/3.12/lib64/python3.12/site-packages/sqlalchemy/connectors/asyncio.py", line 368, in _handle_exception
    raise error.with_traceback(exc_info[2])
  File "/home/yuksal21/virtualenv/maestro.yuksalishbot.uz/3.12/lib64/python3.12/site-packages/sqlalchemy/connectors/asyncio.py", line 228, in execute
    return self.await_(self._execute_async(operation, parameters))
           ^^^^^^^^^^^^^^^^^^^^^^^^^^^^^^^^^^^^^^^^^^^^^^^^^^^^^^^
  File "/home/yuksal21/virtualenv/maestro.yuksalishbot.uz/3.12/lib64/python3.12/site-packages/sqlalchemy/util/_concurrency_py3k.py", line 132, in await_only
    return current.parent.switch(awaitable)  # type: ignore[no-any-return,attr-defined] # noqa: E501
           ^^^^^^^^^^^^^^^^^^^^^^^^^^^^^^^^
  File "/home/yuksal21/virtualenv/maestro.yuksalishbot.uz/3.12/lib64/python3.12/site-packages/sqlalchemy/util/_concurrency_py3k.py", line 196, in greenlet_spawn
    value = await result
            ^^^^^^^^^^^^
  File "/home/yuksal21/virtualenv/maestro.yuksalishbot.uz/3.12/lib64/python3.12/site-packages/sqlalchemy/connectors/asyncio.py", line 251, in _execute_async
    result = await self._cursor.execute(operation, parameters)
             ^^^^^^^^^^^^^^^^^^^^^^^^^^^^^^^^^^^^^^^^^^^^^^^^^
  File "/home/yuksal21/virtualenv/maestro.yuksalishbot.uz/3.12/lib/python3.12/site-packages/aiomysql/cursors.py", line 239, in execute
    await self._query(query)
  File "/home/yuksal21/virtualenv/maestro.yuksalishbot.uz/3.12/lib/python3.12/site-packages/aiomysql/cursors.py", line 457, in _query
    await conn.query(q)
  File "/home/yuksal21/virtualenv/maestro.yuksalishbot.uz/3.12/lib/python3.12/site-packages/aiomysql/connection.py", line 469, in query
    await self._read_query_result(unbuffered=unbuffered)
  File "/home/yuksal21/virtualenv/maestro.yuksalishbot.uz/3.12/lib/python3.12/site-packages/aiomysql/connection.py", line 683, in _read_query_result
    await result.read()
  File "/home/yuksal21/virtualenv/maestro.yuksalishbot.uz/3.12/lib/python3.12/site-packages/aiomysql/connection.py", line 1164, in read
    first_packet = await self.connection._read_packet()
                   ^^^^^^^^^^^^^^^^^^^^^^^^^^^^^^^^^^^^
  File "/home/yuksal21/virtualenv/maestro.yuksalishbot.uz/3.12/lib/python3.12/site-packages/aiomysql/connection.py", line 609, in _read_packet
    packet_header = await self._read_bytes(4)
                    ^^^^^^^^^^^^^^^^^^^^^^^^^
  File "/home/yuksal21/virtualenv/maestro.yuksalishbot.uz/3.12/lib/python3.12/site-packages/aiomysql/connection.py", line 661, in _read_bytes
    raise OperationalError(CR.CR_SERVER_LOST, msg) from e
sqlalchemy.exc.OperationalError: (pymysql.err.OperationalError) (2013, 'Lost connection to MySQL server during query')
[SQL: SELECT users.id, users.telegram_id, users.first_name, users.phone_number, users.language_code, users.role, users.subscription_until, users.is_active 
FROM users 
WHERE users.telegram_id = %s]
[parameters: (5560947809,)]
(Background on this error at: https://sqlalche.me/e/20/e3q8)
INFO:aiogram.event:Update id=863691880 is handled. Duration 476 ms by bot id=8403442567
INFO:aiogram.event:Update id=863691881 is handled. Duration 994 ms by bot id=8403442567
INFO:aiogram.event:Update id=863691882 is handled. Duration 455 ms by bot id=8403442567
INFO:aiogram.event:Update id=863691883 is handled. Duration 1003 ms by bot id=8403442567
INFO:aiogram.event:Update id=863691884 is handled. Duration 400 ms by bot id=8403442567
INFO:aiogram.event:Update id=863691885 is handled. Duration 475 ms by bot id=8403442567
INFO:aiogram.event:Update id=863691886 is handled. Duration 1696 ms by bot id=8403442567
INFO:aiogram.event:Update id=863691887 is handled. Duration 537 ms by bot id=8403442567
INFO:aiogram.event:Update id=863691888 is handled. Duration 442 ms by bot id=8403442567
INFO:aiogram.event:Update id=863691889 is handled. Duration 477 ms by bot id=8403442567
INFO:aiogram.event:Update id=863691890 is handled. Duration 2172 ms by bot id=8403442567
INFO:aiogram.event:Update id=863691891 is handled. Duration 1190 ms by bot id=8403442567
INFO:aiogram.event:Update id=863691892 is handled. Duration 896 ms by bot id=8403442567
INFO:aiogram.event:Update id=863691893 is handled. Duration 576 ms by bot id=8403442567
INFO:aiogram.event:Update id=863691894 is handled. Duration 1046 ms by bot id=8403442567
INFO:aiogram.event:Update id=863691895 is handled. Duration 1910 ms by bot id=8403442567
INFO:aiogram.event:Update id=863691896 is handled. Duration 317 ms by bot id=8403442567
INFO:aiogram.event:Update id=863691897 is handled. Duration 1553 ms by bot id=8403442567
INFO:aiogram.event:Update id=863691898 is handled. Duration 674 ms by bot id=8403442567
INFO:aiogram.event:Update id=863691899 is handled. Duration 1610 ms by bot id=8403442567
INFO:aiogram.event:Update id=863691900 is not handled. Duration 2 ms by bot id=8403442567
ERROR:aiogram.event:Cause exception while process update id=863691900 by bot id=8403442567
OperationalError: (pymysql.err.OperationalError) (2013, 'Lost connection to MySQL server during query')
[SQL: SELECT users.id, users.telegram_id, users.first_name, users.phone_number, users.language_code, users.role, users.subscription_until, users.is_active 
FROM users 
WHERE users.telegram_id = %s]
[parameters: (5560947809,)]
(Background on this error at: https://sqlalche.me/e/20/e3q8)
Traceback (most recent call last):
  File "/home/yuksal21/virtualenv/maestro.yuksalishbot.uz/3.12/lib/python3.12/site-packages/aiomysql/connection.py", line 657, in _read_bytes
    data = await self._reader.readexactly(num_bytes)
           ^^^^^^^^^^^^^^^^^^^^^^^^^^^^^^^^^^^^^^^^^
  File "/opt/alt/python312/lib64/python3.12/asyncio/streams.py", line 750, in readexactly
    raise exceptions.IncompleteReadError(incomplete, n)
asyncio.exceptions.IncompleteReadError: 0 bytes read on a total of 4 expected bytes

The above exception was the direct cause of the following exception:

Traceback (most recent call last):
  File "/home/yuksal21/virtualenv/maestro.yuksalishbot.uz/3.12/lib64/python3.12/site-packages/sqlalchemy/engine/base.py", line 1967, in _exec_single_context
    self.dialect.do_execute(
  File "/home/yuksal21/virtualenv/maestro.yuksalishbot.uz/3.12/lib64/python3.12/site-packages/sqlalchemy/engine/default.py", line 952, in do_execute
    cursor.execute(statement, parameters)
  File "/home/yuksal21/virtualenv/maestro.yuksalishbot.uz/3.12/lib64/python3.12/site-packages/sqlalchemy/connectors/asyncio.py", line 230, in execute
    self._adapt_connection._handle_exception(error)
  File "/home/yuksal21/virtualenv/maestro.yuksalishbot.uz/3.12/lib64/python3.12/site-packages/sqlalchemy/connectors/asyncio.py", line 368, in _handle_exception
    raise error.with_traceback(exc_info[2])
  File "/home/yuksal21/virtualenv/maestro.yuksalishbot.uz/3.12/lib64/python3.12/site-packages/sqlalchemy/connectors/asyncio.py", line 228, in execute
    return self.await_(self._execute_async(operation, parameters))
           ^^^^^^^^^^^^^^^^^^^^^^^^^^^^^^^^^^^^^^^^^^^^^^^^^^^^^^^
  File "/home/yuksal21/virtualenv/maestro.yuksalishbot.uz/3.12/lib64/python3.12/site-packages/sqlalchemy/util/_concurrency_py3k.py", line 132, in await_only
    return current.parent.switch(awaitable)  # type: ignore[no-any-return,attr-defined] # noqa: E501
           ^^^^^^^^^^^^^^^^^^^^^^^^^^^^^^^^
  File "/home/yuksal21/virtualenv/maestro.yuksalishbot.uz/3.12/lib64/python3.12/site-packages/sqlalchemy/util/_concurrency_py3k.py", line 196, in greenlet_spawn
    value = await result
            ^^^^^^^^^^^^
  File "/home/yuksal21/virtualenv/maestro.yuksalishbot.uz/3.12/lib64/python3.12/site-packages/sqlalchemy/connectors/asyncio.py", line 251, in _execute_async
    result = await self._cursor.execute(operation, parameters)
             ^^^^^^^^^^^^^^^^^^^^^^^^^^^^^^^^^^^^^^^^^^^^^^^^^
  File "/home/yuksal21/virtualenv/maestro.yuksalishbot.uz/3.12/lib/python3.12/site-packages/aiomysql/cursors.py", line 239, in execute
    await self._query(query)
  File "/home/yuksal21/virtualenv/maestro.yuksalishbot.uz/3.12/lib/python3.12/site-packages/aiomysql/cursors.py", line 457, in _query
    await conn.query(q)
  File "/home/yuksal21/virtualenv/maestro.yuksalishbot.uz/3.12/lib/python3.12/site-packages/aiomysql/connection.py", line 469, in query
    await self._read_query_result(unbuffered=unbuffered)
  File "/home/yuksal21/virtualenv/maestro.yuksalishbot.uz/3.12/lib/python3.12/site-packages/aiomysql/connection.py", line 683, in _read_query_result
    await result.read()
  File "/home/yuksal21/virtualenv/maestro.yuksalishbot.uz/3.12/lib/python3.12/site-packages/aiomysql/connection.py", line 1164, in read
    first_packet = await self.connection._read_packet()
                   ^^^^^^^^^^^^^^^^^^^^^^^^^^^^^^^^^^^^
  File "/home/yuksal21/virtualenv/maestro.yuksalishbot.uz/3.12/lib/python3.12/site-packages/aiomysql/connection.py", line 609, in _read_packet
    packet_header = await self._read_bytes(4)
                    ^^^^^^^^^^^^^^^^^^^^^^^^^
  File "/home/yuksal21/virtualenv/maestro.yuksalishbot.uz/3.12/lib/python3.12/site-packages/aiomysql/connection.py", line 661, in _read_bytes
    raise OperationalError(CR.CR_SERVER_LOST, msg) from e
pymysql.err.OperationalError: (2013, 'Lost connection to MySQL server during query')

The above exception was the direct cause of the following exception:

Traceback (most recent call last):
  File "/home/yuksal21/virtualenv/maestro.yuksalishbot.uz/3.12/lib/python3.12/site-packages/aiogram/dispatcher/dispatcher.py", line 320, in _process_update
    response = await self.feed_update(bot, update, **kwargs)
               ^^^^^^^^^^^^^^^^^^^^^^^^^^^^^^^^^^^^^^^^^^^^^
  File "/home/yuksal21/virtualenv/maestro.yuksalishbot.uz/3.12/lib/python3.12/site-packages/aiogram/dispatcher/dispatcher.py", line 164, in feed_update
    response = await self.update.wrap_outer_middleware(
               ^^^^^^^^^^^^^^^^^^^^^^^^^^^^^^^^^^^^^^^^
  File "/home/yuksal21/virtualenv/maestro.yuksalishbot.uz/3.12/lib/python3.12/site-packages/aiogram/dispatcher/middlewares/error.py", line 27, in __call__
    return await handler(event, data)
           ^^^^^^^^^^^^^^^^^^^^^^^^^^
  File "/home/yuksal21/virtualenv/maestro.yuksalishbot.uz/3.12/lib/python3.12/site-packages/aiogram/dispatcher/middlewares/user_context.py", line 58, in __call__
    return await handler(event, data)
           ^^^^^^^^^^^^^^^^^^^^^^^^^^
  File "/home/yuksal21/virtualenv/maestro.yuksalishbot.uz/3.12/lib/python3.12/site-packages/aiogram/fsm/middleware.py", line 43, in __call__
    return await handler(event, data)
           ^^^^^^^^^^^^^^^^^^^^^^^^^^
  File "/home/yuksal21/virtualenv/maestro.yuksalishbot.uz/3.12/lib/python3.12/site-packages/aiogram/dispatcher/event/telegram.py", line 126, in trigger
    return await wrapped_inner(event, kwargs)
           ^^^^^^^^^^^^^^^^^^^^^^^^^^^^^^^^^^
  File "/home/yuksal21/virtualenv/maestro.yuksalishbot.uz/3.12/lib/python3.12/site-packages/aiogram/dispatcher/event/handler.py", line 71, in call
    return await wrapped()
           ^^^^^^^^^^^^^^^
  File "/home/yuksal21/virtualenv/maestro.yuksalishbot.uz/3.12/lib/python3.12/site-packages/aiogram/dispatcher/dispatcher.py", line 283, in _listen_update
    return await self.propagate_event(update_type=update_type, event=event, **kwargs)
           ^^^^^^^^^^^^^^^^^^^^^^^^^^^^^^^^^^^^^^^^^^^^^^^^^^^^^^^^^^^^^^^^^^^^^^^^^^
  File "/home/yuksal21/virtualenv/maestro.yuksalishbot.uz/3.12/lib/python3.12/site-packages/aiogram/dispatcher/router.py", line 161, in propagate_event
    return await observer.wrap_outer_middleware(_wrapped, event=event, data=kwargs)
           ^^^^^^^^^^^^^^^^^^^^^^^^^^^^^^^^^^^^^^^^^^^^^^^^^^^^^^^^^^^^^^^^^^^^^^^^
  File "/home/yuksal21/virtualenv/maestro.yuksalishbot.uz/3.12/lib/python3.12/site-packages/aiogram/dispatcher/router.py", line 153, in _wrapped
    return await self._propagate_event(
           ^^^^^^^^^^^^^^^^^^^^^^^^^^^^
  File "/home/yuksal21/virtualenv/maestro.yuksalishbot.uz/3.12/lib/python3.12/site-packages/aiogram/dispatcher/router.py", line 181, in _propagate_event
    response = await observer.trigger(event, **kwargs)
               ^^^^^^^^^^^^^^^^^^^^^^^^^^^^^^^^^^^^^^^
  File "/home/yuksal21/virtualenv/maestro.yuksalishbot.uz/3.12/lib/python3.12/site-packages/aiogram/dispatcher/event/telegram.py", line 126, in trigger
    return await wrapped_inner(event, kwargs)
           ^^^^^^^^^^^^^^^^^^^^^^^^^^^^^^^^^^
  File "/home/yuksal21/virtualenv/maestro.yuksalishbot.uz/3.12/lib/python3.12/site-packages/aiogram/dispatcher/event/handler.py", line 71, in call
    return await wrapped()
           ^^^^^^^^^^^^^^^
  File "/home/yuksal21/maestro.yuksalishbot.uz/bot.py", line 1641, in show_profile
    user = await ensure_registered_message(message)
           ^^^^^^^^^^^^^^^^^^^^^^^^^^^^^^^^^^^^^^^^
  File "/home/yuksal21/maestro.yuksalishbot.uz/bot.py", line 611, in ensure_registered_message
    user = await get_user_by_telegram_id(message.from_user.id)
           ^^^^^^^^^^^^^^^^^^^^^^^^^^^^^^^^^^^^^^^^^^^^^^^^^^^
  File "/home/yuksal21/maestro.yuksalishbot.uz/bot.py", line 544, in get_user_by_telegram_id
    return await session.scalar(select(db.User).where(db.User.telegram_id == telegram_id))
           ^^^^^^^^^^^^^^^^^^^^^^^^^^^^^^^^^^^^^^^^^^^^^^^^^^^^^^^^^^^^^^^^^^^^^^^^^^^^^^^
  File "/home/yuksal21/virtualenv/maestro.yuksalishbot.uz/3.12/lib64/python3.12/site-packages/sqlalchemy/ext/asyncio/session.py", line 505, in scalar
    return await greenlet_spawn(
           ^^^^^^^^^^^^^^^^^^^^^
  File "/home/yuksal21/virtualenv/maestro.yuksalishbot.uz/3.12/lib64/python3.12/site-packages/sqlalchemy/util/_concurrency_py3k.py", line 203, in greenlet_spawn
    result = context.switch(value)
             ^^^^^^^^^^^^^^^^^^^^^
  File "/home/yuksal21/virtualenv/maestro.yuksalishbot.uz/3.12/lib64/python3.12/site-packages/sqlalchemy/orm/session.py", line 2399, in scalar
    return self._execute_internal(
           ^^^^^^^^^^^^^^^^^^^^^^^
  File "/home/yuksal21/virtualenv/maestro.yuksalishbot.uz/3.12/lib64/python3.12/site-packages/sqlalchemy/orm/session.py", line 2249, in _execute_internal
    result: Result[Any] = compile_state_cls.orm_execute_statement(
                          ^^^^^^^^^^^^^^^^^^^^^^^^^^^^^^^^^^^^^^^^
  File "/home/yuksal21/virtualenv/maestro.yuksalishbot.uz/3.12/lib64/python3.12/site-packages/sqlalchemy/orm/context.py", line 306, in orm_execute_statement
    result = conn.execute(
             ^^^^^^^^^^^^^
  File "/home/yuksal21/virtualenv/maestro.yuksalishbot.uz/3.12/lib64/python3.12/site-packages/sqlalchemy/engine/base.py", line 1419, in execute
    return meth(
           ^^^^^
  File "/home/yuksal21/virtualenv/maestro.yuksalishbot.uz/3.12/lib64/python3.12/site-packages/sqlalchemy/sql/elements.py", line 527, in _execute_on_connection
    return connection._execute_clauseelement(
           ^^^^^^^^^^^^^^^^^^^^^^^^^^^^^^^^^^
  File "/home/yuksal21/virtualenv/maestro.yuksalishbot.uz/3.12/lib64/python3.12/site-packages/sqlalchemy/engine/base.py", line 1641, in _execute_clauseelement
    ret = self._execute_context(
          ^^^^^^^^^^^^^^^^^^^^^^
  File "/home/yuksal21/virtualenv/maestro.yuksalishbot.uz/3.12/lib64/python3.12/site-packages/sqlalchemy/engine/base.py", line 1846, in _execute_context
    return self._exec_single_context(
           ^^^^^^^^^^^^^^^^^^^^^^^^^^
  File "/home/yuksal21/virtualenv/maestro.yuksalishbot.uz/3.12/lib64/python3.12/site-packages/sqlalchemy/engine/base.py", line 1986, in _exec_single_context
    self._handle_dbapi_exception(
  File "/home/yuksal21/virtualenv/maestro.yuksalishbot.uz/3.12/lib64/python3.12/site-packages/sqlalchemy/engine/base.py", line 2363, in _handle_dbapi_exception
    raise sqlalchemy_exception.with_traceback(exc_info[2]) from e
  File "/home/yuksal21/virtualenv/maestro.yuksalishbot.uz/3.12/lib64/python3.12/site-packages/sqlalchemy/engine/base.py", line 1967, in _exec_single_context
    self.dialect.do_execute(
  File "/home/yuksal21/virtualenv/maestro.yuksalishbot.uz/3.12/lib64/python3.12/site-packages/sqlalchemy/engine/default.py", line 952, in do_execute
    cursor.execute(statement, parameters)
  File "/home/yuksal21/virtualenv/maestro.yuksalishbot.uz/3.12/lib64/python3.12/site-packages/sqlalchemy/connectors/asyncio.py", line 230, in execute
    self._adapt_connection._handle_exception(error)
  File "/home/yuksal21/virtualenv/maestro.yuksalishbot.uz/3.12/lib64/python3.12/site-packages/sqlalchemy/connectors/asyncio.py", line 368, in _handle_exception
    raise error.with_traceback(exc_info[2])
  File "/home/yuksal21/virtualenv/maestro.yuksalishbot.uz/3.12/lib64/python3.12/site-packages/sqlalchemy/connectors/asyncio.py", line 228, in execute
    return self.await_(self._execute_async(operation, parameters))
           ^^^^^^^^^^^^^^^^^^^^^^^^^^^^^^^^^^^^^^^^^^^^^^^^^^^^^^^
  File "/home/yuksal21/virtualenv/maestro.yuksalishbot.uz/3.12/lib64/python3.12/site-packages/sqlalchemy/util/_concurrency_py3k.py", line 132, in await_only
    return current.parent.switch(awaitable)  # type: ignore[no-any-return,attr-defined] # noqa: E501
           ^^^^^^^^^^^^^^^^^^^^^^^^^^^^^^^^
  File "/home/yuksal21/virtualenv/maestro.yuksalishbot.uz/3.12/lib64/python3.12/site-packages/sqlalchemy/util/_concurrency_py3k.py", line 196, in greenlet_spawn
    value = await result
            ^^^^^^^^^^^^
  File "/home/yuksal21/virtualenv/maestro.yuksalishbot.uz/3.12/lib64/python3.12/site-packages/sqlalchemy/connectors/asyncio.py", line 251, in _execute_async
    result = await self._cursor.execute(operation, parameters)
             ^^^^^^^^^^^^^^^^^^^^^^^^^^^^^^^^^^^^^^^^^^^^^^^^^
  File "/home/yuksal21/virtualenv/maestro.yuksalishbot.uz/3.12/lib/python3.12/site-packages/aiomysql/cursors.py", line 239, in execute
    await self._query(query)
  File "/home/yuksal21/virtualenv/maestro.yuksalishbot.uz/3.12/lib/python3.12/site-packages/aiomysql/cursors.py", line 457, in _query
    await conn.query(q)
  File "/home/yuksal21/virtualenv/maestro.yuksalishbot.uz/3.12/lib/python3.12/site-packages/aiomysql/connection.py", line 469, in query
    await self._read_query_result(unbuffered=unbuffered)
  File "/home/yuksal21/virtualenv/maestro.yuksalishbot.uz/3.12/lib/python3.12/site-packages/aiomysql/connection.py", line 683, in _read_query_result
    await result.read()
  File "/home/yuksal21/virtualenv/maestro.yuksalishbot.uz/3.12/lib/python3.12/site-packages/aiomysql/connection.py", line 1164, in read
    first_packet = await self.connection._read_packet()
                   ^^^^^^^^^^^^^^^^^^^^^^^^^^^^^^^^^^^^
  File "/home/yuksal21/virtualenv/maestro.yuksalishbot.uz/3.12/lib/python3.12/site-packages/aiomysql/connection.py", line 609, in _read_packet
    packet_header = await self._read_bytes(4)
                    ^^^^^^^^^^^^^^^^^^^^^^^^^
  File "/home/yuksal21/virtualenv/maestro.yuksalishbot.uz/3.12/lib/python3.12/site-packages/aiomysql/connection.py", line 661, in _read_bytes
    raise OperationalError(CR.CR_SERVER_LOST, msg) from e
sqlalchemy.exc.OperationalError: (pymysql.err.OperationalError) (2013, 'Lost connection to MySQL server during query')
[SQL: SELECT users.id, users.telegram_id, users.first_name, users.phone_number, users.language_code, users.role, users.subscription_until, users.is_active 
FROM users 
WHERE users.telegram_id = %s]
[parameters: (5560947809,)]
(Background on this error at: https://sqlalche.me/e/20/e3q8)
INFO:aiogram.event:Update id=863691901 is handled. Duration 281 ms by bot id=8403442567
INFO:aiogram.event:Update id=863691902 is handled. Duration 2420 ms by bot id=8403442567
INFO:apscheduler.executors.default:Running job "check_reminders (trigger: cron[hour='*', minute='0'], next run at: 2026-03-14 16:00:00 +05)" (scheduled at 2026-03-14 15:00:00+05:00)
ERROR:apscheduler.executors.default:Job "check_reminders (trigger: cron[hour='*', minute='0'], next run at: 2026-03-14 16:00:00 +05)" raised an exception
Traceback (most recent call last):
  File "/home/yuksal21/virtualenv/maestro.yuksalishbot.uz/3.12/lib/python3.12/site-packages/aiomysql/connection.py", line 657, in _read_bytes
    data = await self._reader.readexactly(num_bytes)
           ^^^^^^^^^^^^^^^^^^^^^^^^^^^^^^^^^^^^^^^^^
  File "/opt/alt/python312/lib64/python3.12/asyncio/streams.py", line 750, in readexactly
    raise exceptions.IncompleteReadError(incomplete, n)
asyncio.exceptions.IncompleteReadError: 0 bytes read on a total of 4 expected bytes

The above exception was the direct cause of the following exception:

Traceback (most recent call last):
  File "/home/yuksal21/virtualenv/maestro.yuksalishbot.uz/3.12/lib64/python3.12/site-packages/sqlalchemy/engine/base.py", line 1967, in _exec_single_context
    self.dialect.do_execute(
  File "/home/yuksal21/virtualenv/maestro.yuksalishbot.uz/3.12/lib64/python3.12/site-packages/sqlalchemy/engine/default.py", line 952, in do_execute
    cursor.execute(statement, parameters)
  File "/home/yuksal21/virtualenv/maestro.yuksalishbot.uz/3.12/lib64/python3.12/site-packages/sqlalchemy/connectors/asyncio.py", line 230, in execute
    self._adapt_connection._handle_exception(error)
  File "/home/yuksal21/virtualenv/maestro.yuksalishbot.uz/3.12/lib64/python3.12/site-packages/sqlalchemy/connectors/asyncio.py", line 368, in _handle_exception
    raise error.with_traceback(exc_info[2])
  File "/home/yuksal21/virtualenv/maestro.yuksalishbot.uz/3.12/lib64/python3.12/site-packages/sqlalchemy/connectors/asyncio.py", line 228, in execute
    return self.await_(self._execute_async(operation, parameters))
           ^^^^^^^^^^^^^^^^^^^^^^^^^^^^^^^^^^^^^^^^^^^^^^^^^^^^^^^
  File "/home/yuksal21/virtualenv/maestro.yuksalishbot.uz/3.12/lib64/python3.12/site-packages/sqlalchemy/util/_concurrency_py3k.py", line 132, in await_only
    return current.parent.switch(awaitable)  # type: ignore[no-any-return,attr-defined] # noqa: E501
           ^^^^^^^^^^^^^^^^^^^^^^^^^^^^^^^^
  File "/home/yuksal21/virtualenv/maestro.yuksalishbot.uz/3.12/lib64/python3.12/site-packages/sqlalchemy/util/_concurrency_py3k.py", line 196, in greenlet_spawn
    value = await result
            ^^^^^^^^^^^^
  File "/home/yuksal21/virtualenv/maestro.yuksalishbot.uz/3.12/lib64/python3.12/site-packages/sqlalchemy/connectors/asyncio.py", line 251, in _execute_async
    result = await self._cursor.execute(operation, parameters)
             ^^^^^^^^^^^^^^^^^^^^^^^^^^^^^^^^^^^^^^^^^^^^^^^^^
  File "/home/yuksal21/virtualenv/maestro.yuksalishbot.uz/3.12/lib/python3.12/site-packages/aiomysql/cursors.py", line 239, in execute
    await self._query(query)
  File "/home/yuksal21/virtualenv/maestro.yuksalishbot.uz/3.12/lib/python3.12/site-packages/aiomysql/cursors.py", line 457, in _query
    await conn.query(q)
  File "/home/yuksal21/virtualenv/maestro.yuksalishbot.uz/3.12/lib/python3.12/site-packages/aiomysql/connection.py", line 469, in query
    await self._read_query_result(unbuffered=unbuffered)
  File "/home/yuksal21/virtualenv/maestro.yuksalishbot.uz/3.12/lib/python3.12/site-packages/aiomysql/connection.py", line 683, in _read_query_result
    await result.read()
  File "/home/yuksal21/virtualenv/maestro.yuksalishbot.uz/3.12/lib/python3.12/site-packages/aiomysql/connection.py", line 1164, in read
    first_packet = await self.connection._read_packet()
                   ^^^^^^^^^^^^^^^^^^^^^^^^^^^^^^^^^^^^
  File "/home/yuksal21/virtualenv/maestro.yuksalishbot.uz/3.12/lib/python3.12/site-packages/aiomysql/connection.py", line 609, in _read_packet
    packet_header = await self._read_bytes(4)
                    ^^^^^^^^^^^^^^^^^^^^^^^^^
  File "/home/yuksal21/virtualenv/maestro.yuksalishbot.uz/3.12/lib/python3.12/site-packages/aiomysql/connection.py", line 661, in _read_bytes
    raise OperationalError(CR.CR_SERVER_LOST, msg) from e
pymysql.err.OperationalError: (2013, 'Lost connection to MySQL server during query')

The above exception was the direct cause of the following exception:

Traceback (most recent call last):
  File "/home/yuksal21/virtualenv/maestro.yuksalishbot.uz/3.12/lib/python3.12/site-packages/apscheduler/executors/base.py", line 181, in run_coroutine_job
    retval = await job.func(*job.args, **job.kwargs)
             ^^^^^^^^^^^^^^^^^^^^^^^^^^^^^^^^^^^^^^^
  File "/home/yuksal21/maestro.yuksalishbot.uz/scheduler.py", line 25, in check_reminders
    bookings_to_remind = (await session.execute(query)).scalars().all()
                          ^^^^^^^^^^^^^^^^^^^^^^^^^^^^
  File "/home/yuksal21/virtualenv/maestro.yuksalishbot.uz/3.12/lib64/python3.12/site-packages/sqlalchemy/ext/asyncio/session.py", line 449, in execute
    result = await greenlet_spawn(
             ^^^^^^^^^^^^^^^^^^^^^
  File "/home/yuksal21/virtualenv/maestro.yuksalishbot.uz/3.12/lib64/python3.12/site-packages/sqlalchemy/util/_concurrency_py3k.py", line 203, in greenlet_spawn
    result = context.switch(value)
             ^^^^^^^^^^^^^^^^^^^^^
  File "/home/yuksal21/virtualenv/maestro.yuksalishbot.uz/3.12/lib64/python3.12/site-packages/sqlalchemy/orm/session.py", line 2351, in execute
    return self._execute_internal(
           ^^^^^^^^^^^^^^^^^^^^^^^
  File "/home/yuksal21/virtualenv/maestro.yuksalishbot.uz/3.12/lib64/python3.12/site-packages/sqlalchemy/orm/session.py", line 2249, in _execute_internal
    result: Result[Any] = compile_state_cls.orm_execute_statement(
                          ^^^^^^^^^^^^^^^^^^^^^^^^^^^^^^^^^^^^^^^^
  File "/home/yuksal21/virtualenv/maestro.yuksalishbot.uz/3.12/lib64/python3.12/site-packages/sqlalchemy/orm/context.py", line 306, in orm_execute_statement
    result = conn.execute(
             ^^^^^^^^^^^^^
  File "/home/yuksal21/virtualenv/maestro.yuksalishbot.uz/3.12/lib64/python3.12/site-packages/sqlalchemy/engine/base.py", line 1419, in execute
    return meth(
           ^^^^^
  File "/home/yuksal21/virtualenv/maestro.yuksalishbot.uz/3.12/lib64/python3.12/site-packages/sqlalchemy/sql/elements.py", line 527, in _execute_on_connection
    return connection._execute_clauseelement(
           ^^^^^^^^^^^^^^^^^^^^^^^^^^^^^^^^^^
  File "/home/yuksal21/virtualenv/maestro.yuksalishbot.uz/3.12/lib64/python3.12/site-packages/sqlalchemy/engine/base.py", line 1641, in _execute_clauseelement
    ret = self._execute_context(
          ^^^^^^^^^^^^^^^^^^^^^^
  File "/home/yuksal21/virtualenv/maestro.yuksalishbot.uz/3.12/lib64/python3.12/site-packages/sqlalchemy/engine/base.py", line 1846, in _execute_context
    return self._exec_single_context(
           ^^^^^^^^^^^^^^^^^^^^^^^^^^
  File "/home/yuksal21/virtualenv/maestro.yuksalishbot.uz/3.12/lib64/python3.12/site-packages/sqlalchemy/engine/base.py", line 1986, in _exec_single_context
    self._handle_dbapi_exception(
  File "/home/yuksal21/virtualenv/maestro.yuksalishbot.uz/3.12/lib64/python3.12/site-packages/sqlalchemy/engine/base.py", line 2363, in _handle_dbapi_exception
    raise sqlalchemy_exception.with_traceback(exc_info[2]) from e
  File "/home/yuksal21/virtualenv/maestro.yuksalishbot.uz/3.12/lib64/python3.12/site-packages/sqlalchemy/engine/base.py", line 1967, in _exec_single_context
    self.dialect.do_execute(
  File "/home/yuksal21/virtualenv/maestro.yuksalishbot.uz/3.12/lib64/python3.12/site-packages/sqlalchemy/engine/default.py", line 952, in do_execute
    cursor.execute(statement, parameters)
  File "/home/yuksal21/virtualenv/maestro.yuksalishbot.uz/3.12/lib64/python3.12/site-packages/sqlalchemy/connectors/asyncio.py", line 230, in execute
    self._adapt_connection._handle_exception(error)
  File "/home/yuksal21/virtualenv/maestro.yuksalishbot.uz/3.12/lib64/python3.12/site-packages/sqlalchemy/connectors/asyncio.py", line 368, in _handle_exception
    raise error.with_traceback(exc_info[2])
  File "/home/yuksal21/virtualenv/maestro.yuksalishbot.uz/3.12/lib64/python3.12/site-packages/sqlalchemy/connectors/asyncio.py", line 228, in execute
    return self.await_(self._execute_async(operation, parameters))
           ^^^^^^^^^^^^^^^^^^^^^^^^^^^^^^^^^^^^^^^^^^^^^^^^^^^^^^^
  File "/home/yuksal21/virtualenv/maestro.yuksalishbot.uz/3.12/lib64/python3.12/site-packages/sqlalchemy/util/_concurrency_py3k.py", line 132, in await_only
    return current.parent.switch(awaitable)  # type: ignore[no-any-return,attr-defined] # noqa: E501
           ^^^^^^^^^^^^^^^^^^^^^^^^^^^^^^^^
  File "/home/yuksal21/virtualenv/maestro.yuksalishbot.uz/3.12/lib64/python3.12/site-packages/sqlalchemy/util/_concurrency_py3k.py", line 196, in greenlet_spawn
    value = await result
            ^^^^^^^^^^^^
  File "/home/yuksal21/virtualenv/maestro.yuksalishbot.uz/3.12/lib64/python3.12/site-packages/sqlalchemy/connectors/asyncio.py", line 251, in _execute_async
    result = await self._cursor.execute(operation, parameters)
             ^^^^^^^^^^^^^^^^^^^^^^^^^^^^^^^^^^^^^^^^^^^^^^^^^
  File "/home/yuksal21/virtualenv/maestro.yuksalishbot.uz/3.12/lib/python3.12/site-packages/aiomysql/cursors.py", line 239, in execute
    await self._query(query)
  File "/home/yuksal21/virtualenv/maestro.yuksalishbot.uz/3.12/lib/python3.12/site-packages/aiomysql/cursors.py", line 457, in _query
    await conn.query(q)
  File "/home/yuksal21/virtualenv/maestro.yuksalishbot.uz/3.12/lib/python3.12/site-packages/aiomysql/connection.py", line 469, in query
    await self._read_query_result(unbuffered=unbuffered)
  File "/home/yuksal21/virtualenv/maestro.yuksalishbot.uz/3.12/lib/python3.12/site-packages/aiomysql/connection.py", line 683, in _read_query_result
    await result.read()
  File "/home/yuksal21/virtualenv/maestro.yuksalishbot.uz/3.12/lib/python3.12/site-packages/aiomysql/connection.py", line 1164, in read
    first_packet = await self.connection._read_packet()
                   ^^^^^^^^^^^^^^^^^^^^^^^^^^^^^^^^^^^^
  File "/home/yuksal21/virtualenv/maestro.yuksalishbot.uz/3.12/lib/python3.12/site-packages/aiomysql/connection.py", line 609, in _read_packet
    packet_header = await self._read_bytes(4)
                    ^^^^^^^^^^^^^^^^^^^^^^^^^
  File "/home/yuksal21/virtualenv/maestro.yuksalishbot.uz/3.12/lib/python3.12/site-packages/aiomysql/connection.py", line 661, in _read_bytes
    raise OperationalError(CR.CR_SERVER_LOST, msg) from e
sqlalchemy.exc.OperationalError: (pymysql.err.OperationalError) (2013, 'Lost connection to MySQL server during query')
[SQL: SELECT bookings.id, bookings.user_id, bookings.stylist_id, bookings.service_id, bookings.datetime, bookings.status, bookings.rating, bookings.review_text, users_1.id AS id_1, users_1.telegram_id, users_1.first_name, users_1.phone_number, users_1.language_code, users_1.role, users_1.subscription_until, users_1.is_active 
FROM bookings LEFT OUTER JOIN users AS users_1 ON users_1.id = bookings.user_id 
WHERE bookings.status = %s AND bookings.datetime >= %s AND bookings.datetime < %s]
[parameters: ('approved', '2026-03-15 15:00', '2026-03-15 16:00')]
(Background on this error at: https://sqlalche.me/e/20/e3q8)
INFO:apscheduler.executors.default:Running job "check_reminders (trigger: cron[hour='*', minute='0'], next run at: 2026-03-14 17:00:00 +05)" (scheduled at 2026-03-14 16:00:00+05:00)
INFO:apscheduler.executors.default:Job "check_reminders (trigger: cron[hour='*', minute='0'], next run at: 2026-03-14 17:00:00 +05)" executed successfully
INFO:aiogram.event:Update id=863691903 is handled. Duration 321 ms by bot id=8403442567
INFO:aiogram.event:Update id=863691904 is not handled. Duration 1 ms by bot id=8403442567
ERROR:aiogram.event:Cause exception while process update id=863691904 by bot id=8403442567
OperationalError: (pymysql.err.OperationalError) (2013, 'Lost connection to MySQL server during query')
[SQL: SELECT users.id, users.telegram_id, users.first_name, users.phone_number, users.language_code, users.role, users.subscription_until, users.is_active 
FROM users 
WHERE users.telegram_id = %s]
[parameters: (372688693,)]
(Background on this error at: https://sqlalche.me/e/20/e3q8)
Traceback (most recent call last):
  File "/home/yuksal21/virtualenv/maestro.yuksalishbot.uz/3.12/lib/python3.12/site-packages/aiomysql/connection.py", line 657, in _read_bytes
    data = await self._reader.readexactly(num_bytes)
           ^^^^^^^^^^^^^^^^^^^^^^^^^^^^^^^^^^^^^^^^^
  File "/opt/alt/python312/lib64/python3.12/asyncio/streams.py", line 750, in readexactly
    raise exceptions.IncompleteReadError(incomplete, n)
asyncio.exceptions.IncompleteReadError: 0 bytes read on a total of 4 expected bytes

The above exception was the direct cause of the following exception:

Traceback (most recent call last):
  File "/home/yuksal21/virtualenv/maestro.yuksalishbot.uz/3.12/lib64/python3.12/site-packages/sqlalchemy/engine/base.py", line 1967, in _exec_single_context
    self.dialect.do_execute(
  File "/home/yuksal21/virtualenv/maestro.yuksalishbot.uz/3.12/lib64/python3.12/site-packages/sqlalchemy/engine/default.py", line 952, in do_execute
    cursor.execute(statement, parameters)
  File "/home/yuksal21/virtualenv/maestro.yuksalishbot.uz/3.12/lib64/python3.12/site-packages/sqlalchemy/connectors/asyncio.py", line 230, in execute
    self._adapt_connection._handle_exception(error)
  File "/home/yuksal21/virtualenv/maestro.yuksalishbot.uz/3.12/lib64/python3.12/site-packages/sqlalchemy/connectors/asyncio.py", line 368, in _handle_exception
    raise error.with_traceback(exc_info[2])
  File "/home/yuksal21/virtualenv/maestro.yuksalishbot.uz/3.12/lib64/python3.12/site-packages/sqlalchemy/connectors/asyncio.py", line 228, in execute
    return self.await_(self._execute_async(operation, parameters))
           ^^^^^^^^^^^^^^^^^^^^^^^^^^^^^^^^^^^^^^^^^^^^^^^^^^^^^^^
  File "/home/yuksal21/virtualenv/maestro.yuksalishbot.uz/3.12/lib64/python3.12/site-packages/sqlalchemy/util/_concurrency_py3k.py", line 132, in await_only
    return current.parent.switch(awaitable)  # type: ignore[no-any-return,attr-defined] # noqa: E501
           ^^^^^^^^^^^^^^^^^^^^^^^^^^^^^^^^
  File "/home/yuksal21/virtualenv/maestro.yuksalishbot.uz/3.12/lib64/python3.12/site-packages/sqlalchemy/util/_concurrency_py3k.py", line 196, in greenlet_spawn
    value = await result
            ^^^^^^^^^^^^
  File "/home/yuksal21/virtualenv/maestro.yuksalishbot.uz/3.12/lib64/python3.12/site-packages/sqlalchemy/connectors/asyncio.py", line 251, in _execute_async
    result = await self._cursor.execute(operation, parameters)
             ^^^^^^^^^^^^^^^^^^^^^^^^^^^^^^^^^^^^^^^^^^^^^^^^^
  File "/home/yuksal21/virtualenv/maestro.yuksalishbot.uz/3.12/lib/python3.12/site-packages/aiomysql/cursors.py", line 239, in execute
    await self._query(query)
  File "/home/yuksal21/virtualenv/maestro.yuksalishbot.uz/3.12/lib/python3.12/site-packages/aiomysql/cursors.py", line 457, in _query
    await conn.query(q)
  File "/home/yuksal21/virtualenv/maestro.yuksalishbot.uz/3.12/lib/python3.12/site-packages/aiomysql/connection.py", line 469, in query
    await self._read_query_result(unbuffered=unbuffered)
  File "/home/yuksal21/virtualenv/maestro.yuksalishbot.uz/3.12/lib/python3.12/site-packages/aiomysql/connection.py", line 683, in _read_query_result
    await result.read()
  File "/home/yuksal21/virtualenv/maestro.yuksalishbot.uz/3.12/lib/python3.12/site-packages/aiomysql/connection.py", line 1164, in read
    first_packet = await self.connection._read_packet()
                   ^^^^^^^^^^^^^^^^^^^^^^^^^^^^^^^^^^^^
  File "/home/yuksal21/virtualenv/maestro.yuksalishbot.uz/3.12/lib/python3.12/site-packages/aiomysql/connection.py", line 609, in _read_packet
    packet_header = await self._read_bytes(4)
                    ^^^^^^^^^^^^^^^^^^^^^^^^^
  File "/home/yuksal21/virtualenv/maestro.yuksalishbot.uz/3.12/lib/python3.12/site-packages/aiomysql/connection.py", line 661, in _read_bytes
    raise OperationalError(CR.CR_SERVER_LOST, msg) from e
pymysql.err.OperationalError: (2013, 'Lost connection to MySQL server during query')

The above exception was the direct cause of the following exception:

Traceback (most recent call last):
  File "/home/yuksal21/virtualenv/maestro.yuksalishbot.uz/3.12/lib/python3.12/site-packages/aiogram/dispatcher/dispatcher.py", line 320, in _process_update
    response = await self.feed_update(bot, update, **kwargs)
               ^^^^^^^^^^^^^^^^^^^^^^^^^^^^^^^^^^^^^^^^^^^^^
  File "/home/yuksal21/virtualenv/maestro.yuksalishbot.uz/3.12/lib/python3.12/site-packages/aiogram/dispatcher/dispatcher.py", line 164, in feed_update
    response = await self.update.wrap_outer_middleware(
               ^^^^^^^^^^^^^^^^^^^^^^^^^^^^^^^^^^^^^^^^
  File "/home/yuksal21/virtualenv/maestro.yuksalishbot.uz/3.12/lib/python3.12/site-packages/aiogram/dispatcher/middlewares/error.py", line 27, in __call__
    return await handler(event, data)
           ^^^^^^^^^^^^^^^^^^^^^^^^^^
  File "/home/yuksal21/virtualenv/maestro.yuksalishbot.uz/3.12/lib/python3.12/site-packages/aiogram/dispatcher/middlewares/user_context.py", line 58, in __call__
    return await handler(event, data)
           ^^^^^^^^^^^^^^^^^^^^^^^^^^
  File "/home/yuksal21/virtualenv/maestro.yuksalishbot.uz/3.12/lib/python3.12/site-packages/aiogram/fsm/middleware.py", line 43, in __call__
    return await handler(event, data)
           ^^^^^^^^^^^^^^^^^^^^^^^^^^
  File "/home/yuksal21/virtualenv/maestro.yuksalishbot.uz/3.12/lib/python3.12/site-packages/aiogram/dispatcher/event/telegram.py", line 126, in trigger
    return await wrapped_inner(event, kwargs)
           ^^^^^^^^^^^^^^^^^^^^^^^^^^^^^^^^^^
  File "/home/yuksal21/virtualenv/maestro.yuksalishbot.uz/3.12/lib/python3.12/site-packages/aiogram/dispatcher/event/handler.py", line 71, in call
    return await wrapped()
           ^^^^^^^^^^^^^^^
  File "/home/yuksal21/virtualenv/maestro.yuksalishbot.uz/3.12/lib/python3.12/site-packages/aiogram/dispatcher/dispatcher.py", line 283, in _listen_update
    return await self.propagate_event(update_type=update_type, event=event, **kwargs)
           ^^^^^^^^^^^^^^^^^^^^^^^^^^^^^^^^^^^^^^^^^^^^^^^^^^^^^^^^^^^^^^^^^^^^^^^^^^
  File "/home/yuksal21/virtualenv/maestro.yuksalishbot.uz/3.12/lib/python3.12/site-packages/aiogram/dispatcher/router.py", line 161, in propagate_event
    return await observer.wrap_outer_middleware(_wrapped, event=event, data=kwargs)
           ^^^^^^^^^^^^^^^^^^^^^^^^^^^^^^^^^^^^^^^^^^^^^^^^^^^^^^^^^^^^^^^^^^^^^^^^
  File "/home/yuksal21/virtualenv/maestro.yuksalishbot.uz/3.12/lib/python3.12/site-packages/aiogram/dispatcher/router.py", line 153, in _wrapped
    return await self._propagate_event(
           ^^^^^^^^^^^^^^^^^^^^^^^^^^^^
  File "/home/yuksal21/virtualenv/maestro.yuksalishbot.uz/3.12/lib/python3.12/site-packages/aiogram/dispatcher/router.py", line 181, in _propagate_event
    response = await observer.trigger(event, **kwargs)
               ^^^^^^^^^^^^^^^^^^^^^^^^^^^^^^^^^^^^^^^
  File "/home/yuksal21/virtualenv/maestro.yuksalishbot.uz/3.12/lib/python3.12/site-packages/aiogram/dispatcher/event/telegram.py", line 126, in trigger
    return await wrapped_inner(event, kwargs)
           ^^^^^^^^^^^^^^^^^^^^^^^^^^^^^^^^^^
  File "/home/yuksal21/virtualenv/maestro.yuksalishbot.uz/3.12/lib/python3.12/site-packages/aiogram/dispatcher/event/handler.py", line 71, in call
    return await wrapped()
           ^^^^^^^^^^^^^^^
  File "/home/yuksal21/maestro.yuksalishbot.uz/bot.py", line 960, in process_search_input
    success = await run_search_input_flow(message, search_type)
              ^^^^^^^^^^^^^^^^^^^^^^^^^^^^^^^^^^^^^^^^^^^^^^^^^
  File "/home/yuksal21/maestro.yuksalishbot.uz/bot.py", line 877, in run_search_input_flow
    lang = await get_user_lang(message.from_user.id)
           ^^^^^^^^^^^^^^^^^^^^^^^^^^^^^^^^^^^^^^^^^
  File "/home/yuksal21/maestro.yuksalishbot.uz/bot.py", line 548, in get_user_lang
    user = await get_user_by_telegram_id(telegram_id)
           ^^^^^^^^^^^^^^^^^^^^^^^^^^^^^^^^^^^^^^^^^^
  File "/home/yuksal21/maestro.yuksalishbot.uz/bot.py", line 544, in get_user_by_telegram_id
    return await session.scalar(select(db.User).where(db.User.telegram_id == telegram_id))
           ^^^^^^^^^^^^^^^^^^^^^^^^^^^^^^^^^^^^^^^^^^^^^^^^^^^^^^^^^^^^^^^^^^^^^^^^^^^^^^^
  File "/home/yuksal21/virtualenv/maestro.yuksalishbot.uz/3.12/lib64/python3.12/site-packages/sqlalchemy/ext/asyncio/session.py", line 505, in scalar
    return await greenlet_spawn(
           ^^^^^^^^^^^^^^^^^^^^^
  File "/home/yuksal21/virtualenv/maestro.yuksalishbot.uz/3.12/lib64/python3.12/site-packages/sqlalchemy/util/_concurrency_py3k.py", line 203, in greenlet_spawn
    result = context.switch(value)
             ^^^^^^^^^^^^^^^^^^^^^
  File "/home/yuksal21/virtualenv/maestro.yuksalishbot.uz/3.12/lib64/python3.12/site-packages/sqlalchemy/orm/session.py", line 2399, in scalar
    return self._execute_internal(
           ^^^^^^^^^^^^^^^^^^^^^^^
  File "/home/yuksal21/virtualenv/maestro.yuksalishbot.uz/3.12/lib64/python3.12/site-packages/sqlalchemy/orm/session.py", line 2249, in _execute_internal
    result: Result[Any] = compile_state_cls.orm_execute_statement(
                          ^^^^^^^^^^^^^^^^^^^^^^^^^^^^^^^^^^^^^^^^
  File "/home/yuksal21/virtualenv/maestro.yuksalishbot.uz/3.12/lib64/python3.12/site-packages/sqlalchemy/orm/context.py", line 306, in orm_execute_statement
    result = conn.execute(
             ^^^^^^^^^^^^^
  File "/home/yuksal21/virtualenv/maestro.yuksalishbot.uz/3.12/lib64/python3.12/site-packages/sqlalchemy/engine/base.py", line 1419, in execute
    return meth(
           ^^^^^
  File "/home/yuksal21/virtualenv/maestro.yuksalishbot.uz/3.12/lib64/python3.12/site-packages/sqlalchemy/sql/elements.py", line 527, in _execute_on_connection
    return connection._execute_clauseelement(
           ^^^^^^^^^^^^^^^^^^^^^^^^^^^^^^^^^^
  File "/home/yuksal21/virtualenv/maestro.yuksalishbot.uz/3.12/lib64/python3.12/site-packages/sqlalchemy/engine/base.py", line 1641, in _execute_clauseelement
    ret = self._execute_context(
          ^^^^^^^^^^^^^^^^^^^^^^
  File "/home/yuksal21/virtualenv/maestro.yuksalishbot.uz/3.12/lib64/python3.12/site-packages/sqlalchemy/engine/base.py", line 1846, in _execute_context
    return self._exec_single_context(
           ^^^^^^^^^^^^^^^^^^^^^^^^^^
  File "/home/yuksal21/virtualenv/maestro.yuksalishbot.uz/3.12/lib64/python3.12/site-packages/sqlalchemy/engine/base.py", line 1986, in _exec_single_context
    self._handle_dbapi_exception(
  File "/home/yuksal21/virtualenv/maestro.yuksalishbot.uz/3.12/lib64/python3.12/site-packages/sqlalchemy/engine/base.py", line 2363, in _handle_dbapi_exception
    raise sqlalchemy_exception.with_traceback(exc_info[2]) from e
  File "/home/yuksal21/virtualenv/maestro.yuksalishbot.uz/3.12/lib64/python3.12/site-packages/sqlalchemy/engine/base.py", line 1967, in _exec_single_context
    self.dialect.do_execute(
  File "/home/yuksal21/virtualenv/maestro.yuksalishbot.uz/3.12/lib64/python3.12/site-packages/sqlalchemy/engine/default.py", line 952, in do_execute
    cursor.execute(statement, parameters)
  File "/home/yuksal21/virtualenv/maestro.yuksalishbot.uz/3.12/lib64/python3.12/site-packages/sqlalchemy/connectors/asyncio.py", line 230, in execute
    self._adapt_connection._handle_exception(error)
  File "/home/yuksal21/virtualenv/maestro.yuksalishbot.uz/3.12/lib64/python3.12/site-packages/sqlalchemy/connectors/asyncio.py", line 368, in _handle_exception
    raise error.with_traceback(exc_info[2])
  File "/home/yuksal21/virtualenv/maestro.yuksalishbot.uz/3.12/lib64/python3.12/site-packages/sqlalchemy/connectors/asyncio.py", line 228, in execute
    return self.await_(self._execute_async(operation, parameters))
           ^^^^^^^^^^^^^^^^^^^^^^^^^^^^^^^^^^^^^^^^^^^^^^^^^^^^^^^
  File "/home/yuksal21/virtualenv/maestro.yuksalishbot.uz/3.12/lib64/python3.12/site-packages/sqlalchemy/util/_concurrency_py3k.py", line 132, in await_only
    return current.parent.switch(awaitable)  # type: ignore[no-any-return,attr-defined] # noqa: E501
           ^^^^^^^^^^^^^^^^^^^^^^^^^^^^^^^^
  File "/home/yuksal21/virtualenv/maestro.yuksalishbot.uz/3.12/lib64/python3.12/site-packages/sqlalchemy/util/_concurrency_py3k.py", line 196, in greenlet_spawn
    value = await result
            ^^^^^^^^^^^^
  File "/home/yuksal21/virtualenv/maestro.yuksalishbot.uz/3.12/lib64/python3.12/site-packages/sqlalchemy/connectors/asyncio.py", line 251, in _execute_async
    result = await self._cursor.execute(operation, parameters)
             ^^^^^^^^^^^^^^^^^^^^^^^^^^^^^^^^^^^^^^^^^^^^^^^^^
  File "/home/yuksal21/virtualenv/maestro.yuksalishbot.uz/3.12/lib/python3.12/site-packages/aiomysql/cursors.py", line 239, in execute
    await self._query(query)
  File "/home/yuksal21/virtualenv/maestro.yuksalishbot.uz/3.12/lib/python3.12/site-packages/aiomysql/cursors.py", line 457, in _query
    await conn.query(q)
  File "/home/yuksal21/virtualenv/maestro.yuksalishbot.uz/3.12/lib/python3.12/site-packages/aiomysql/connection.py", line 469, in query
    await self._read_query_result(unbuffered=unbuffered)
  File "/home/yuksal21/virtualenv/maestro.yuksalishbot.uz/3.12/lib/python3.12/site-packages/aiomysql/connection.py", line 683, in _read_query_result
    await result.read()
  File "/home/yuksal21/virtualenv/maestro.yuksalishbot.uz/3.12/lib/python3.12/site-packages/aiomysql/connection.py", line 1164, in read
    first_packet = await self.connection._read_packet()
                   ^^^^^^^^^^^^^^^^^^^^^^^^^^^^^^^^^^^^
  File "/home/yuksal21/virtualenv/maestro.yuksalishbot.uz/3.12/lib/python3.12/site-packages/aiomysql/connection.py", line 609, in _read_packet
    packet_header = await self._read_bytes(4)
                    ^^^^^^^^^^^^^^^^^^^^^^^^^
  File "/home/yuksal21/virtualenv/maestro.yuksalishbot.uz/3.12/lib/python3.12/site-packages/aiomysql/connection.py", line 661, in _read_bytes
    raise OperationalError(CR.CR_SERVER_LOST, msg) from e
sqlalchemy.exc.OperationalError: (pymysql.err.OperationalError) (2013, 'Lost connection to MySQL server during query')
[SQL: SELECT users.id, users.telegram_id, users.first_name, users.phone_number, users.language_code, users.role, users.subscription_until, users.is_active 
FROM users 
WHERE users.telegram_id = %s]
[parameters: (372688693,)]
(Background on this error at: https://sqlalche.me/e/20/e3q8)
INFO:aiogram.event:Update id=863691905 is handled. Duration 154 ms by bot id=8403442567
INFO:aiogram.event:Update id=863691906 is handled. Duration 231 ms by bot id=8403442567
INFO:aiogram.event:Update id=863691907 is handled. Duration 1 ms by bot id=8403442567
INFO:aiogram.event:Update id=863691908 is handled. Duration 252 ms by bot id=8403442567
WARNING:aiogram.dispatcher:Received SIGTERM signal
INFO:aiogram.dispatcher:Polling stopped for bot @barberstashkentbot id=8403442567 - 'MAESTRO'
INFO:aiogram.dispatcher:Polling stopped
Планировщик запущен.
[2026-03-13 20:00:00.008519] Проверка напоминаний...
[2026-03-13 21:00:00.002977] Проверка напоминаний...
[2026-03-13 22:00:00.003044] Проверка напоминаний...
[2026-03-13 23:00:00.001839] Проверка напоминаний...
[2026-03-14 00:00:00.009741] Проверка напоминаний...
[2026-03-14 01:00:00.003822] Проверка напоминаний...
[2026-03-14 02:00:00.003971] Проверка напоминаний...
[2026-03-14 03:00:00.003591] Проверка напоминаний...
[2026-03-14 04:00:00.007829] Проверка напоминаний...
[2026-03-14 05:00:00.003171] Проверка напоминаний...
[2026-03-14 06:00:00.003235] Проверка напоминаний...
[2026-03-14 07:00:00.003497] Проверка напоминаний...
[2026-03-14 08:00:00.007866] Проверка напоминаний...
[2026-03-14 09:00:00.001841] Проверка напоминаний...
[2026-03-14 10:00:00.003475] Проверка напоминаний...
[2026-03-14 10:00:00.004335] Проверка 'Пора стричься'...
[2026-03-14 10:05:00.005912] ???????? ????? ??????? ????????...
[2026-03-14 11:00:00.004106] Проверка напоминаний...
[2026-03-14 12:00:00.006816] Проверка напоминаний...
[2026-03-14 13:00:00.003344] Проверка напоминаний...
[2026-03-14 14:00:00.003994] Проверка напоминаний...
[2026-03-14 15:00:00.002113] Проверка напоминаний...
[2026-03-14 16:00:00.001828] Проверка напоминаний...
Exception ignored in: <function Connection.__del__ at 0x7f1fc3f3e2a0>
Traceback (most recent call last):
  File "/home/yuksal21/virtualenv/maestro.yuksalishbot.uz/3.12/lib/python3.12/site-packages/aiomysql/connection.py", line 1131, in __del__
  File "/home/yuksal21/virtualenv/maestro.yuksalishbot.uz/3.12/lib/python3.12/site-packages/aiomysql/connection.py", line 339, in close
  File "/opt/alt/python312/lib64/python3.12/asyncio/selector_events.py", line 1213, in close
  File "/opt/alt/python312/lib64/python3.12/asyncio/selector_events.py", line 875, in close
  File "/opt/alt/python312/lib64/python3.12/asyncio/base_events.py", line 799, in call_soon
  File "/opt/alt/python312/lib64/python3.12/asyncio/base_events.py", line 545, in _check_closed
RuntimeError: Event loop is closed
Exception ignored in: <function Connection.__del__ at 0x7f1fc3f3e2a0>
Traceback (most recent call last):
  File "/home/yuksal21/virtualenv/maestro.yuksalishbot.uz/3.12/lib/python3.12/site-packages/aiomysql/connection.py", line 1131, in __del__
  File "/home/yuksal21/virtualenv/maestro.yuksalishbot.uz/3.12/lib/python3.12/site-packages/aiomysql/connection.py", line 339, in close
  File "/opt/alt/python312/lib64/python3.12/asyncio/selector_events.py", line 1213, in close
  File "/opt/alt/python312/lib64/python3.12/asyncio/selector_events.py", line 875, in close
  File "/opt/alt/python312/lib64/python3.12/asyncio/base_events.py", line 799, in call_soon
  File "/opt/alt/python312/lib64/python3.12/asyncio/base_events.py", line 545, in _check_closed
RuntimeError: Event loop is closed
INFO:apscheduler.scheduler:Adding job tentatively -- it will be properly scheduled when the scheduler starts
INFO:apscheduler.scheduler:Adding job tentatively -- it will be properly scheduled when the scheduler starts
INFO:apscheduler.scheduler:Adding job tentatively -- it will be properly scheduled when the scheduler starts
INFO:apscheduler.scheduler:Added job "check_reminders" to job store "default"
INFO:apscheduler.scheduler:Added job "check_follow_ups" to job store "default"
INFO:apscheduler.scheduler:Added job "check_subscription_expiry" to job store "default"
INFO:apscheduler.scheduler:Scheduler started
INFO:aiogram.dispatcher:Start polling
INFO:aiogram.dispatcher:Run polling for bot @barberstashkentbot id=8403442567 - 'MAESTRO'
INFO:aiogram.event:Update id=863691923 is handled. Duration 2351 ms by bot id=8403442567
INFO:aiogram.event:Update id=863691924 is handled. Duration 1260 ms by bot id=8403442567
INFO:aiogram.event:Update id=863691925 is handled. Duration 362 ms by bot id=8403442567
INFO:aiogram.event:Update id=863691926 is handled. Duration 474 ms by bot id=8403442567
INFO:aiogram.event:Update id=863691927 is handled. Duration 250 ms by bot id=8403442567
INFO:aiogram.event:Update id=863691928 is handled. Duration 242 ms by bot id=8403442567
INFO:aiogram.event:Update id=863691929 is handled. Duration 256 ms by bot id=8403442567
INFO:aiogram.event:Update id=863691930 is handled. Duration 240 ms by bot id=8403442567
INFO:aiogram.event:Update id=863691931 is handled. Duration 351 ms by bot id=8403442567
INFO:aiogram.event:Update id=863691932 is handled. Duration 247 ms by bot id=8403442567
WARNING:aiogram.dispatcher:Received SIGTERM signal
INFO:aiogram.dispatcher:Polling stopped for bot @barberstashkentbot id=8403442567 - 'MAESTRO'
INFO:aiogram.dispatcher:Polling stopped
Планировщик запущен.
Exception ignored in: <function Connection.__del__ at 0x7f86abf3eac0>
Traceback (most recent call last):
  File "/home/yuksal21/virtualenv/maestro.yuksalishbot.uz/3.12/lib/python3.12/site-packages/aiomysql/connection.py", line 1131, in __del__
  File "/home/yuksal21/virtualenv/maestro.yuksalishbot.uz/3.12/lib/python3.12/site-packages/aiomysql/connection.py", line 339, in close
  File "/opt/alt/python312/lib64/python3.12/asyncio/selector_events.py", line 1213, in close
  File "/opt/alt/python312/lib64/python3.12/asyncio/selector_events.py", line 875, in close
  File "/opt/alt/python312/lib64/python3.12/asyncio/base_events.py", line 799, in call_soon
  File "/opt/alt/python312/lib64/python3.12/asyncio/base_events.py", line 545, in _check_closed
RuntimeError: Event loop is closed
INFO:apscheduler.scheduler:Adding job tentatively -- it will be properly scheduled when the scheduler starts
INFO:apscheduler.scheduler:Adding job tentatively -- it will be properly scheduled when the scheduler starts
INFO:apscheduler.scheduler:Adding job tentatively -- it will be properly scheduled when the scheduler starts
INFO:apscheduler.scheduler:Added job "check_reminders" to job store "default"
INFO:apscheduler.scheduler:Added job "check_follow_ups" to job store "default"
INFO:apscheduler.scheduler:Added job "check_subscription_expiry" to job store "default"
INFO:apscheduler.scheduler:Scheduler started
INFO:aiogram.dispatcher:Start polling
INFO:aiogram.dispatcher:Run polling for bot @barberstashkentbot id=8403442567 - 'MAESTRO'
INFO:aiogram.event:Update id=863691933 is handled. Duration 1226 ms by bot id=8403442567
INFO:aiogram.event:Update id=863691934 is handled. Duration 542 ms by bot id=8403442567
INFO:aiogram.event:Update id=863691935 is handled. Duration 453 ms by bot id=8403442567
INFO:aiogram.event:Update id=863691936 is handled. Duration 1075 ms by bot id=8403442567
INFO:aiogram.event:Update id=863691937 is handled. Duration 444 ms by bot id=8403442567
INFO:aiogram.event:Update id=863691938 is handled. Duration 1180 ms by bot id=8403442567
INFO:aiogram.event:Update id=863691939 is handled. Duration 1057 ms by bot id=8403442567
INFO:aiogram.event:Update id=863691940 is handled. Duration 1013 ms by bot id=8403442567
INFO:aiogram.event:Update id=863691941 is handled. Duration 1191 ms by bot id=8403442567
INFO:aiogram.event:Update id=863691942 is handled. Duration 673 ms by bot id=8403442567
INFO:aiogram.event:Update id=863691943 is handled. Duration 445 ms by bot id=8403442567
INFO:aiogram.event:Update id=863691944 is handled. Duration 611 ms by bot id=8403442567
WARNING:aiogram.dispatcher:Received SIGTERM signal
INFO:aiogram.dispatcher:Polling stopped for bot @barberstashkentbot id=8403442567 - 'MAESTRO'
INFO:aiogram.dispatcher:Polling stopped
Планировщик запущен.
Exception ignored in: <function Connection.__del__ at 0x7f9067142ac0>
Traceback (most recent call last):
  File "/home/yuksal21/virtualenv/maestro.yuksalishbot.uz/3.12/lib/python3.12/site-packages/aiomysql/connection.py", line 1131, in __del__
  File "/home/yuksal21/virtualenv/maestro.yuksalishbot.uz/3.12/lib/python3.12/site-packages/aiomysql/connection.py", line 339, in close
  File "/opt/alt/python312/lib64/python3.12/asyncio/selector_events.py", line 1213, in close
  File "/opt/alt/python312/lib64/python3.12/asyncio/selector_events.py", line 875, in close
  File "/opt/alt/python312/lib64/python3.12/asyncio/base_events.py", line 799, in call_soon
  File "/opt/alt/python312/lib64/python3.12/asyncio/base_events.py", line 545, in _check_closed
RuntimeError: Event loop is closed
INFO:apscheduler.scheduler:Adding job tentatively -- it will be properly scheduled when the scheduler starts
INFO:apscheduler.scheduler:Adding job tentatively -- it will be properly scheduled when the scheduler starts
INFO:apscheduler.scheduler:Adding job tentatively -- it will be properly scheduled when the scheduler starts
INFO:apscheduler.scheduler:Added job "check_reminders" to job store "default"
INFO:apscheduler.scheduler:Added job "check_follow_ups" to job store "default"
INFO:apscheduler.scheduler:Added job "check_subscription_expiry" to job store "default"
INFO:apscheduler.scheduler:Scheduler started
INFO:aiogram.dispatcher:Start polling
INFO:aiogram.dispatcher:Run polling for bot @barberstashkentbot id=8403442567 - 'MAESTRO'
INFO:aiogram.event:Update id=863691945 is handled. Duration 990 ms by bot id=8403442567
INFO:aiogram.event:Update id=863691946 is handled. Duration 377 ms by bot id=8403442567
INFO:aiogram.event:Update id=863691947 is handled. Duration 462 ms by bot id=8403442567
INFO:aiogram.event:Update id=863691948 is handled. Duration 351 ms by bot id=8403442567
INFO:aiogram.event:Update id=863691949 is handled. Duration 335 ms by bot id=8403442567
INFO:aiogram.event:Update id=863691950 is handled. Duration 363 ms by bot id=8403442567
WARNING:aiogram.dispatcher:Received SIGTERM signal
INFO:aiogram.dispatcher:Polling stopped for bot @barberstashkentbot id=8403442567 - 'MAESTRO'
INFO:aiogram.dispatcher:Polling stopped
Планировщик запущен.
Exception ignored in: <function Connection.__del__ at 0x7f6172d2eac0>
Traceback (most recent call last):
  File "/home/yuksal21/virtualenv/maestro.yuksalishbot.uz/3.12/lib/python3.12/site-packages/aiomysql/connection.py", line 1131, in __del__
  File "/home/yuksal21/virtualenv/maestro.yuksalishbot.uz/3.12/lib/python3.12/site-packages/aiomysql/connection.py", line 339, in close
  File "/opt/alt/python312/lib64/python3.12/asyncio/selector_events.py", line 1213, in close
  File "/opt/alt/python312/lib64/python3.12/asyncio/selector_events.py", line 875, in close
  File "/opt/alt/python312/lib64/python3.12/asyncio/base_events.py", line 799, in call_soon
  File "/opt/alt/python312/lib64/python3.12/asyncio/base_events.py", line 545, in _check_closed
RuntimeError: Event loop is closed
INFO:apscheduler.scheduler:Adding job tentatively -- it will be properly scheduled when the scheduler starts
INFO:apscheduler.scheduler:Adding job tentatively -- it will be properly scheduled when the scheduler starts
INFO:apscheduler.scheduler:Adding job tentatively -- it will be properly scheduled when the scheduler starts
INFO:apscheduler.scheduler:Added job "check_reminders" to job store "default"
INFO:apscheduler.scheduler:Added job "check_follow_ups" to job store "default"
INFO:apscheduler.scheduler:Added job "check_subscription_expiry" to job store "default"
INFO:apscheduler.scheduler:Scheduler started
INFO:aiogram.dispatcher:Start polling
INFO:aiogram.dispatcher:Run polling for bot @barberstashkentbot id=8403442567 - 'MAESTRO'
INFO:aiogram.event:Update id=863691951 is handled. Duration 1627 ms by bot id=8403442567
INFO:aiogram.event:Update id=863691952 is handled. Duration 705 ms by bot id=8403442567
INFO:aiogram.event:Update id=863691953 is handled. Duration 524 ms by bot id=8403442567
INFO:aiogram.event:Update id=863691954 is handled. Duration 676 ms by bot id=8403442567
INFO:apscheduler.executors.default:Running job "check_reminders (trigger: cron[hour='*', minute='0'], next run at: 2026-03-14 18:00:00 +05)" (scheduled at 2026-03-14 17:00:00+05:00)
ERROR:apscheduler.executors.default:Job "check_reminders (trigger: cron[hour='*', minute='0'], next run at: 2026-03-14 18:00:00 +05)" raised an exception
Traceback (most recent call last):
  File "/home/yuksal21/virtualenv/maestro.yuksalishbot.uz/3.12/lib/python3.12/site-packages/aiomysql/connection.py", line 657, in _read_bytes
    data = await self._reader.readexactly(num_bytes)
           ^^^^^^^^^^^^^^^^^^^^^^^^^^^^^^^^^^^^^^^^^
  File "/opt/alt/python312/lib64/python3.12/asyncio/streams.py", line 750, in readexactly
    raise exceptions.IncompleteReadError(incomplete, n)
asyncio.exceptions.IncompleteReadError: 0 bytes read on a total of 4 expected bytes

The above exception was the direct cause of the following exception:

Traceback (most recent call last):
  File "/home/yuksal21/virtualenv/maestro.yuksalishbot.uz/3.12/lib64/python3.12/site-packages/sqlalchemy/engine/base.py", line 1967, in _exec_single_context
    self.dialect.do_execute(
  File "/home/yuksal21/virtualenv/maestro.yuksalishbot.uz/3.12/lib64/python3.12/site-packages/sqlalchemy/engine/default.py", line 952, in do_execute
    cursor.execute(statement, parameters)
  File "/home/yuksal21/virtualenv/maestro.yuksalishbot.uz/3.12/lib64/python3.12/site-packages/sqlalchemy/connectors/asyncio.py", line 230, in execute
    self._adapt_connection._handle_exception(error)
  File "/home/yuksal21/virtualenv/maestro.yuksalishbot.uz/3.12/lib64/python3.12/site-packages/sqlalchemy/connectors/asyncio.py", line 368, in _handle_exception
    raise error.with_traceback(exc_info[2])
  File "/home/yuksal21/virtualenv/maestro.yuksalishbot.uz/3.12/lib64/python3.12/site-packages/sqlalchemy/connectors/asyncio.py", line 228, in execute
    return self.await_(self._execute_async(operation, parameters))
           ^^^^^^^^^^^^^^^^^^^^^^^^^^^^^^^^^^^^^^^^^^^^^^^^^^^^^^^
  File "/home/yuksal21/virtualenv/maestro.yuksalishbot.uz/3.12/lib64/python3.12/site-packages/sqlalchemy/util/_concurrency_py3k.py", line 132, in await_only
    return current.parent.switch(awaitable)  # type: ignore[no-any-return,attr-defined] # noqa: E501
           ^^^^^^^^^^^^^^^^^^^^^^^^^^^^^^^^
  File "/home/yuksal21/virtualenv/maestro.yuksalishbot.uz/3.12/lib64/python3.12/site-packages/sqlalchemy/util/_concurrency_py3k.py", line 196, in greenlet_spawn
    value = await result
            ^^^^^^^^^^^^
  File "/home/yuksal21/virtualenv/maestro.yuksalishbot.uz/3.12/lib64/python3.12/site-packages/sqlalchemy/connectors/asyncio.py", line 251, in _execute_async
    result = await self._cursor.execute(operation, parameters)
             ^^^^^^^^^^^^^^^^^^^^^^^^^^^^^^^^^^^^^^^^^^^^^^^^^
  File "/home/yuksal21/virtualenv/maestro.yuksalishbot.uz/3.12/lib/python3.12/site-packages/aiomysql/cursors.py", line 239, in execute
    await self._query(query)
  File "/home/yuksal21/virtualenv/maestro.yuksalishbot.uz/3.12/lib/python3.12/site-packages/aiomysql/cursors.py", line 457, in _query
    await conn.query(q)
  File "/home/yuksal21/virtualenv/maestro.yuksalishbot.uz/3.12/lib/python3.12/site-packages/aiomysql/connection.py", line 469, in query
    await self._read_query_result(unbuffered=unbuffered)
  File "/home/yuksal21/virtualenv/maestro.yuksalishbot.uz/3.12/lib/python3.12/site-packages/aiomysql/connection.py", line 683, in _read_query_result
    await result.read()
  File "/home/yuksal21/virtualenv/maestro.yuksalishbot.uz/3.12/lib/python3.12/site-packages/aiomysql/connection.py", line 1164, in read
    first_packet = await self.connection._read_packet()
                   ^^^^^^^^^^^^^^^^^^^^^^^^^^^^^^^^^^^^
  File "/home/yuksal21/virtualenv/maestro.yuksalishbot.uz/3.12/lib/python3.12/site-packages/aiomysql/connection.py", line 609, in _read_packet
    packet_header = await self._read_bytes(4)
                    ^^^^^^^^^^^^^^^^^^^^^^^^^
  File "/home/yuksal21/virtualenv/maestro.yuksalishbot.uz/3.12/lib/python3.12/site-packages/aiomysql/connection.py", line 661, in _read_bytes
    raise OperationalError(CR.CR_SERVER_LOST, msg) from e
pymysql.err.OperationalError: (2013, 'Lost connection to MySQL server during query')

The above exception was the direct cause of the following exception:

Traceback (most recent call last):
  File "/home/yuksal21/virtualenv/maestro.yuksalishbot.uz/3.12/lib/python3.12/site-packages/apscheduler/executors/base.py", line 181, in run_coroutine_job
    retval = await job.func(*job.args, **job.kwargs)
             ^^^^^^^^^^^^^^^^^^^^^^^^^^^^^^^^^^^^^^^
  File "/home/yuksal21/maestro.yuksalishbot.uz/scheduler.py", line 25, in check_reminders
    bookings_to_remind = (await session.execute(query)).scalars().all()
                          ^^^^^^^^^^^^^^^^^^^^^^^^^^^^
  File "/home/yuksal21/virtualenv/maestro.yuksalishbot.uz/3.12/lib64/python3.12/site-packages/sqlalchemy/ext/asyncio/session.py", line 449, in execute
    result = await greenlet_spawn(
             ^^^^^^^^^^^^^^^^^^^^^
  File "/home/yuksal21/virtualenv/maestro.yuksalishbot.uz/3.12/lib64/python3.12/site-packages/sqlalchemy/util/_concurrency_py3k.py", line 203, in greenlet_spawn
    result = context.switch(value)
             ^^^^^^^^^^^^^^^^^^^^^
  File "/home/yuksal21/virtualenv/maestro.yuksalishbot.uz/3.12/lib64/python3.12/site-packages/sqlalchemy/orm/session.py", line 2351, in execute
    return self._execute_internal(
           ^^^^^^^^^^^^^^^^^^^^^^^
  File "/home/yuksal21/virtualenv/maestro.yuksalishbot.uz/3.12/lib64/python3.12/site-packages/sqlalchemy/orm/session.py", line 2249, in _execute_internal
    result: Result[Any] = compile_state_cls.orm_execute_statement(
                          ^^^^^^^^^^^^^^^^^^^^^^^^^^^^^^^^^^^^^^^^
  File "/home/yuksal21/virtualenv/maestro.yuksalishbot.uz/3.12/lib64/python3.12/site-packages/sqlalchemy/orm/context.py", line 306, in orm_execute_statement
    result = conn.execute(
             ^^^^^^^^^^^^^
  File "/home/yuksal21/virtualenv/maestro.yuksalishbot.uz/3.12/lib64/python3.12/site-packages/sqlalchemy/engine/base.py", line 1419, in execute
    return meth(
           ^^^^^
  File "/home/yuksal21/virtualenv/maestro.yuksalishbot.uz/3.12/lib64/python3.12/site-packages/sqlalchemy/sql/elements.py", line 527, in _execute_on_connection
    return connection._execute_clauseelement(
           ^^^^^^^^^^^^^^^^^^^^^^^^^^^^^^^^^^
  File "/home/yuksal21/virtualenv/maestro.yuksalishbot.uz/3.12/lib64/python3.12/site-packages/sqlalchemy/engine/base.py", line 1641, in _execute_clauseelement
    ret = self._execute_context(
          ^^^^^^^^^^^^^^^^^^^^^^
  File "/home/yuksal21/virtualenv/maestro.yuksalishbot.uz/3.12/lib64/python3.12/site-packages/sqlalchemy/engine/base.py", line 1846, in _execute_context
    return self._exec_single_context(
           ^^^^^^^^^^^^^^^^^^^^^^^^^^
  File "/home/yuksal21/virtualenv/maestro.yuksalishbot.uz/3.12/lib64/python3.12/site-packages/sqlalchemy/engine/base.py", line 1986, in _exec_single_context
    self._handle_dbapi_exception(
  File "/home/yuksal21/virtualenv/maestro.yuksalishbot.uz/3.12/lib64/python3.12/site-packages/sqlalchemy/engine/base.py", line 2363, in _handle_dbapi_exception
    raise sqlalchemy_exception.with_traceback(exc_info[2]) from e
  File "/home/yuksal21/virtualenv/maestro.yuksalishbot.uz/3.12/lib64/python3.12/site-packages/sqlalchemy/engine/base.py", line 1967, in _exec_single_context
    self.dialect.do_execute(
  File "/home/yuksal21/virtualenv/maestro.yuksalishbot.uz/3.12/lib64/python3.12/site-packages/sqlalchemy/engine/default.py", line 952, in do_execute
    cursor.execute(statement, parameters)
  File "/home/yuksal21/virtualenv/maestro.yuksalishbot.uz/3.12/lib64/python3.12/site-packages/sqlalchemy/connectors/asyncio.py", line 230, in execute
    self._adapt_connection._handle_exception(error)
  File "/home/yuksal21/virtualenv/maestro.yuksalishbot.uz/3.12/lib64/python3.12/site-packages/sqlalchemy/connectors/asyncio.py", line 368, in _handle_exception
    raise error.with_traceback(exc_info[2])
  File "/home/yuksal21/virtualenv/maestro.yuksalishbot.uz/3.12/lib64/python3.12/site-packages/sqlalchemy/connectors/asyncio.py", line 228, in execute
    return self.await_(self._execute_async(operation, parameters))
           ^^^^^^^^^^^^^^^^^^^^^^^^^^^^^^^^^^^^^^^^^^^^^^^^^^^^^^^
  File "/home/yuksal21/virtualenv/maestro.yuksalishbot.uz/3.12/lib64/python3.12/site-packages/sqlalchemy/util/_concurrency_py3k.py", line 132, in await_only
    return current.parent.switch(awaitable)  # type: ignore[no-any-return,attr-defined] # noqa: E501
           ^^^^^^^^^^^^^^^^^^^^^^^^^^^^^^^^
  File "/home/yuksal21/virtualenv/maestro.yuksalishbot.uz/3.12/lib64/python3.12/site-packages/sqlalchemy/util/_concurrency_py3k.py", line 196, in greenlet_spawn
    value = await result
            ^^^^^^^^^^^^
  File "/home/yuksal21/virtualenv/maestro.yuksalishbot.uz/3.12/lib64/python3.12/site-packages/sqlalchemy/connectors/asyncio.py", line 251, in _execute_async
    result = await self._cursor.execute(operation, parameters)
             ^^^^^^^^^^^^^^^^^^^^^^^^^^^^^^^^^^^^^^^^^^^^^^^^^
  File "/home/yuksal21/virtualenv/maestro.yuksalishbot.uz/3.12/lib/python3.12/site-packages/aiomysql/cursors.py", line 239, in execute
    await self._query(query)
  File "/home/yuksal21/virtualenv/maestro.yuksalishbot.uz/3.12/lib/python3.12/site-packages/aiomysql/cursors.py", line 457, in _query
    await conn.query(q)
  File "/home/yuksal21/virtualenv/maestro.yuksalishbot.uz/3.12/lib/python3.12/site-packages/aiomysql/connection.py", line 469, in query
    await self._read_query_result(unbuffered=unbuffered)
  File "/home/yuksal21/virtualenv/maestro.yuksalishbot.uz/3.12/lib/python3.12/site-packages/aiomysql/connection.py", line 683, in _read_query_result
    await result.read()
  File "/home/yuksal21/virtualenv/maestro.yuksalishbot.uz/3.12/lib/python3.12/site-packages/aiomysql/connection.py", line 1164, in read
    first_packet = await self.connection._read_packet()
                   ^^^^^^^^^^^^^^^^^^^^^^^^^^^^^^^^^^^^
  File "/home/yuksal21/virtualenv/maestro.yuksalishbot.uz/3.12/lib/python3.12/site-packages/aiomysql/connection.py", line 609, in _read_packet
    packet_header = await self._read_bytes(4)
                    ^^^^^^^^^^^^^^^^^^^^^^^^^
  File "/home/yuksal21/virtualenv/maestro.yuksalishbot.uz/3.12/lib/python3.12/site-packages/aiomysql/connection.py", line 661, in _read_bytes
    raise OperationalError(CR.CR_SERVER_LOST, msg) from e
sqlalchemy.exc.OperationalError: (pymysql.err.OperationalError) (2013, 'Lost connection to MySQL server during query')
[SQL: SELECT bookings.id, bookings.user_id, bookings.stylist_id, bookings.service_id, bookings.datetime, bookings.status, bookings.rating, bookings.review_text, users_1.id AS id_1, users_1.telegram_id, users_1.first_name, users_1.phone_number, users_1.language_code, users_1.role, users_1.subscription_until, users_1.is_active 
FROM bookings LEFT OUTER JOIN users AS users_1 ON users_1.id = bookings.user_id 
WHERE bookings.status = %s AND bookings.datetime >= %s AND bookings.datetime < %s]
[parameters: ('approved', '2026-03-15 17:00', '2026-03-15 18:00')]
(Background on this error at: https://sqlalche.me/e/20/e3q8)
INFO:apscheduler.executors.default:Running job "check_reminders (trigger: cron[hour='*', minute='0'], next run at: 2026-03-14 19:00:00 +05)" (scheduled at 2026-03-14 18:00:00+05:00)
INFO:apscheduler.executors.default:Job "check_reminders (trigger: cron[hour='*', minute='0'], next run at: 2026-03-14 19:00:00 +05)" executed successfully
INFO:apscheduler.executors.default:Running job "check_reminders (trigger: cron[hour='*', minute='0'], next run at: 2026-03-14 20:00:00 +05)" (scheduled at 2026-03-14 19:00:00+05:00)
ERROR:apscheduler.executors.default:Job "check_reminders (trigger: cron[hour='*', minute='0'], next run at: 2026-03-14 20:00:00 +05)" raised an exception
Traceback (most recent call last):
  File "/home/yuksal21/virtualenv/maestro.yuksalishbot.uz/3.12/lib/python3.12/site-packages/aiomysql/connection.py", line 657, in _read_bytes
    data = await self._reader.readexactly(num_bytes)
           ^^^^^^^^^^^^^^^^^^^^^^^^^^^^^^^^^^^^^^^^^
  File "/opt/alt/python312/lib64/python3.12/asyncio/streams.py", line 750, in readexactly
    raise exceptions.IncompleteReadError(incomplete, n)
asyncio.exceptions.IncompleteReadError: 0 bytes read on a total of 4 expected bytes

The above exception was the direct cause of the following exception:

Traceback (most recent call last):
  File "/home/yuksal21/virtualenv/maestro.yuksalishbot.uz/3.12/lib64/python3.12/site-packages/sqlalchemy/engine/base.py", line 1967, in _exec_single_context
    self.dialect.do_execute(
  File "/home/yuksal21/virtualenv/maestro.yuksalishbot.uz/3.12/lib64/python3.12/site-packages/sqlalchemy/engine/default.py", line 952, in do_execute
    cursor.execute(statement, parameters)
  File "/home/yuksal21/virtualenv/maestro.yuksalishbot.uz/3.12/lib64/python3.12/site-packages/sqlalchemy/connectors/asyncio.py", line 230, in execute
    self._adapt_connection._handle_exception(error)
  File "/home/yuksal21/virtualenv/maestro.yuksalishbot.uz/3.12/lib64/python3.12/site-packages/sqlalchemy/connectors/asyncio.py", line 368, in _handle_exception
    raise error.with_traceback(exc_info[2])
  File "/home/yuksal21/virtualenv/maestro.yuksalishbot.uz/3.12/lib64/python3.12/site-packages/sqlalchemy/connectors/asyncio.py", line 228, in execute
    return self.await_(self._execute_async(operation, parameters))
           ^^^^^^^^^^^^^^^^^^^^^^^^^^^^^^^^^^^^^^^^^^^^^^^^^^^^^^^
  File "/home/yuksal21/virtualenv/maestro.yuksalishbot.uz/3.12/lib64/python3.12/site-packages/sqlalchemy/util/_concurrency_py3k.py", line 132, in await_only
    return current.parent.switch(awaitable)  # type: ignore[no-any-return,attr-defined] # noqa: E501
           ^^^^^^^^^^^^^^^^^^^^^^^^^^^^^^^^
  File "/home/yuksal21/virtualenv/maestro.yuksalishbot.uz/3.12/lib64/python3.12/site-packages/sqlalchemy/util/_concurrency_py3k.py", line 196, in greenlet_spawn
    value = await result
            ^^^^^^^^^^^^
  File "/home/yuksal21/virtualenv/maestro.yuksalishbot.uz/3.12/lib64/python3.12/site-packages/sqlalchemy/connectors/asyncio.py", line 251, in _execute_async
    result = await self._cursor.execute(operation, parameters)
             ^^^^^^^^^^^^^^^^^^^^^^^^^^^^^^^^^^^^^^^^^^^^^^^^^
  File "/home/yuksal21/virtualenv/maestro.yuksalishbot.uz/3.12/lib/python3.12/site-packages/aiomysql/cursors.py", line 239, in execute
    await self._query(query)
  File "/home/yuksal21/virtualenv/maestro.yuksalishbot.uz/3.12/lib/python3.12/site-packages/aiomysql/cursors.py", line 457, in _query
    await conn.query(q)
  File "/home/yuksal21/virtualenv/maestro.yuksalishbot.uz/3.12/lib/python3.12/site-packages/aiomysql/connection.py", line 469, in query
    await self._read_query_result(unbuffered=unbuffered)
  File "/home/yuksal21/virtualenv/maestro.yuksalishbot.uz/3.12/lib/python3.12/site-packages/aiomysql/connection.py", line 683, in _read_query_result
    await result.read()
  File "/home/yuksal21/virtualenv/maestro.yuksalishbot.uz/3.12/lib/python3.12/site-packages/aiomysql/connection.py", line 1164, in read
    first_packet = await self.connection._read_packet()
                   ^^^^^^^^^^^^^^^^^^^^^^^^^^^^^^^^^^^^
  File "/home/yuksal21/virtualenv/maestro.yuksalishbot.uz/3.12/lib/python3.12/site-packages/aiomysql/connection.py", line 609, in _read_packet
    packet_header = await self._read_bytes(4)
                    ^^^^^^^^^^^^^^^^^^^^^^^^^
  File "/home/yuksal21/virtualenv/maestro.yuksalishbot.uz/3.12/lib/python3.12/site-packages/aiomysql/connection.py", line 661, in _read_bytes
    raise OperationalError(CR.CR_SERVER_LOST, msg) from e
pymysql.err.OperationalError: (2013, 'Lost connection to MySQL server during query')

The above exception was the direct cause of the following exception:

Traceback (most recent call last):
  File "/home/yuksal21/virtualenv/maestro.yuksalishbot.uz/3.12/lib/python3.12/site-packages/apscheduler/executors/base.py", line 181, in run_coroutine_job
    retval = await job.func(*job.args, **job.kwargs)
             ^^^^^^^^^^^^^^^^^^^^^^^^^^^^^^^^^^^^^^^
  File "/home/yuksal21/maestro.yuksalishbot.uz/scheduler.py", line 25, in check_reminders
    bookings_to_remind = (await session.execute(query)).scalars().all()
                          ^^^^^^^^^^^^^^^^^^^^^^^^^^^^
  File "/home/yuksal21/virtualenv/maestro.yuksalishbot.uz/3.12/lib64/python3.12/site-packages/sqlalchemy/ext/asyncio/session.py", line 449, in execute
    result = await greenlet_spawn(
             ^^^^^^^^^^^^^^^^^^^^^
  File "/home/yuksal21/virtualenv/maestro.yuksalishbot.uz/3.12/lib64/python3.12/site-packages/sqlalchemy/util/_concurrency_py3k.py", line 203, in greenlet_spawn
    result = context.switch(value)
             ^^^^^^^^^^^^^^^^^^^^^
  File "/home/yuksal21/virtualenv/maestro.yuksalishbot.uz/3.12/lib64/python3.12/site-packages/sqlalchemy/orm/session.py", line 2351, in execute
    return self._execute_internal(
           ^^^^^^^^^^^^^^^^^^^^^^^
  File "/home/yuksal21/virtualenv/maestro.yuksalishbot.uz/3.12/lib64/python3.12/site-packages/sqlalchemy/orm/session.py", line 2249, in _execute_internal
    result: Result[Any] = compile_state_cls.orm_execute_statement(
                          ^^^^^^^^^^^^^^^^^^^^^^^^^^^^^^^^^^^^^^^^
  File "/home/yuksal21/virtualenv/maestro.yuksalishbot.uz/3.12/lib64/python3.12/site-packages/sqlalchemy/orm/context.py", line 306, in orm_execute_statement
    result = conn.execute(
             ^^^^^^^^^^^^^
  File "/home/yuksal21/virtualenv/maestro.yuksalishbot.uz/3.12/lib64/python3.12/site-packages/sqlalchemy/engine/base.py", line 1419, in execute
    return meth(
           ^^^^^
  File "/home/yuksal21/virtualenv/maestro.yuksalishbot.uz/3.12/lib64/python3.12/site-packages/sqlalchemy/sql/elements.py", line 527, in _execute_on_connection
    return connection._execute_clauseelement(
           ^^^^^^^^^^^^^^^^^^^^^^^^^^^^^^^^^^
  File "/home/yuksal21/virtualenv/maestro.yuksalishbot.uz/3.12/lib64/python3.12/site-packages/sqlalchemy/engine/base.py", line 1641, in _execute_clauseelement
    ret = self._execute_context(
          ^^^^^^^^^^^^^^^^^^^^^^
  File "/home/yuksal21/virtualenv/maestro.yuksalishbot.uz/3.12/lib64/python3.12/site-packages/sqlalchemy/engine/base.py", line 1846, in _execute_context
    return self._exec_single_context(
           ^^^^^^^^^^^^^^^^^^^^^^^^^^
  File "/home/yuksal21/virtualenv/maestro.yuksalishbot.uz/3.12/lib64/python3.12/site-packages/sqlalchemy/engine/base.py", line 1986, in _exec_single_context
    self._handle_dbapi_exception(
  File "/home/yuksal21/virtualenv/maestro.yuksalishbot.uz/3.12/lib64/python3.12/site-packages/sqlalchemy/engine/base.py", line 2363, in _handle_dbapi_exception
    raise sqlalchemy_exception.with_traceback(exc_info[2]) from e
  File "/home/yuksal21/virtualenv/maestro.yuksalishbot.uz/3.12/lib64/python3.12/site-packages/sqlalchemy/engine/base.py", line 1967, in _exec_single_context
    self.dialect.do_execute(
  File "/home/yuksal21/virtualenv/maestro.yuksalishbot.uz/3.12/lib64/python3.12/site-packages/sqlalchemy/engine/default.py", line 952, in do_execute
    cursor.execute(statement, parameters)
  File "/home/yuksal21/virtualenv/maestro.yuksalishbot.uz/3.12/lib64/python3.12/site-packages/sqlalchemy/connectors/asyncio.py", line 230, in execute
    self._adapt_connection._handle_exception(error)
  File "/home/yuksal21/virtualenv/maestro.yuksalishbot.uz/3.12/lib64/python3.12/site-packages/sqlalchemy/connectors/asyncio.py", line 368, in _handle_exception
    raise error.with_traceback(exc_info[2])
  File "/home/yuksal21/virtualenv/maestro.yuksalishbot.uz/3.12/lib64/python3.12/site-packages/sqlalchemy/connectors/asyncio.py", line 228, in execute
    return self.await_(self._execute_async(operation, parameters))
           ^^^^^^^^^^^^^^^^^^^^^^^^^^^^^^^^^^^^^^^^^^^^^^^^^^^^^^^
  File "/home/yuksal21/virtualenv/maestro.yuksalishbot.uz/3.12/lib64/python3.12/site-packages/sqlalchemy/util/_concurrency_py3k.py", line 132, in await_only
    return current.parent.switch(awaitable)  # type: ignore[no-any-return,attr-defined] # noqa: E501
           ^^^^^^^^^^^^^^^^^^^^^^^^^^^^^^^^
  File "/home/yuksal21/virtualenv/maestro.yuksalishbot.uz/3.12/lib64/python3.12/site-packages/sqlalchemy/util/_concurrency_py3k.py", line 196, in greenlet_spawn
    value = await result
            ^^^^^^^^^^^^
  File "/home/yuksal21/virtualenv/maestro.yuksalishbot.uz/3.12/lib64/python3.12/site-packages/sqlalchemy/connectors/asyncio.py", line 251, in _execute_async
    result = await self._cursor.execute(operation, parameters)
             ^^^^^^^^^^^^^^^^^^^^^^^^^^^^^^^^^^^^^^^^^^^^^^^^^
  File "/home/yuksal21/virtualenv/maestro.yuksalishbot.uz/3.12/lib/python3.12/site-packages/aiomysql/cursors.py", line 239, in execute
    await self._query(query)
  File "/home/yuksal21/virtualenv/maestro.yuksalishbot.uz/3.12/lib/python3.12/site-packages/aiomysql/cursors.py", line 457, in _query
    await conn.query(q)
  File "/home/yuksal21/virtualenv/maestro.yuksalishbot.uz/3.12/lib/python3.12/site-packages/aiomysql/connection.py", line 469, in query
    await self._read_query_result(unbuffered=unbuffered)
  File "/home/yuksal21/virtualenv/maestro.yuksalishbot.uz/3.12/lib/python3.12/site-packages/aiomysql/connection.py", line 683, in _read_query_result
    await result.read()
  File "/home/yuksal21/virtualenv/maestro.yuksalishbot.uz/3.12/lib/python3.12/site-packages/aiomysql/connection.py", line 1164, in read
    first_packet = await self.connection._read_packet()
                   ^^^^^^^^^^^^^^^^^^^^^^^^^^^^^^^^^^^^
  File "/home/yuksal21/virtualenv/maestro.yuksalishbot.uz/3.12/lib/python3.12/site-packages/aiomysql/connection.py", line 609, in _read_packet
    packet_header = await self._read_bytes(4)
                    ^^^^^^^^^^^^^^^^^^^^^^^^^
  File "/home/yuksal21/virtualenv/maestro.yuksalishbot.uz/3.12/lib/python3.12/site-packages/aiomysql/connection.py", line 661, in _read_bytes
    raise OperationalError(CR.CR_SERVER_LOST, msg) from e
sqlalchemy.exc.OperationalError: (pymysql.err.OperationalError) (2013, 'Lost connection to MySQL server during query')
[SQL: SELECT bookings.id, bookings.user_id, bookings.stylist_id, bookings.service_id, bookings.datetime, bookings.status, bookings.rating, bookings.review_text, users_1.id AS id_1, users_1.telegram_id, users_1.first_name, users_1.phone_number, users_1.language_code, users_1.role, users_1.subscription_until, users_1.is_active 
FROM bookings LEFT OUTER JOIN users AS users_1 ON users_1.id = bookings.user_id 
WHERE bookings.status = %s AND bookings.datetime >= %s AND bookings.datetime < %s]
[parameters: ('approved', '2026-03-15 19:00', '2026-03-15 20:00')]
(Background on this error at: https://sqlalche.me/e/20/e3q8)
INFO:aiogram.event:Update id=863691955 is handled. Duration 334 ms by bot id=8403442567
INFO:aiogram.event:Update id=863691956 is handled. Duration 147 ms by bot id=8403442567
INFO:aiogram.event:Update id=863691957 is handled. Duration 139 ms by bot id=8403442567
INFO:aiogram.event:Update id=863691958 is handled. Duration 226 ms by bot id=8403442567
INFO:aiogram.event:Update id=863691959 is handled. Duration 126 ms by bot id=8403442567
INFO:aiogram.event:Update id=863691960 is handled. Duration 130 ms by bot id=8403442567
INFO:aiogram.event:Update id=863691961 is handled. Duration 215 ms by bot id=8403442567
INFO:aiogram.event:Update id=863691962 is handled. Duration 145 ms by bot id=8403442567
INFO:aiogram.event:Update id=863691963 is handled. Duration 224 ms by bot id=8403442567
INFO:aiogram.event:Update id=863691964 is handled. Duration 184 ms by bot id=8403442567
INFO:aiogram.event:Update id=863691965 is handled. Duration 265 ms by bot id=8403442567
INFO:aiogram.event:Update id=863691966 is not handled. Duration 2 ms by bot id=8403442567
ERROR:aiogram.event:Cause exception while process update id=863691966 by bot id=8403442567
OperationalError: (pymysql.err.OperationalError) (2013, 'Lost connection to MySQL server during query')
[SQL: SELECT users.id, users.telegram_id, users.first_name, users.phone_number, users.language_code, users.role, users.subscription_until, users.is_active 
FROM users 
WHERE users.telegram_id = %s]
[parameters: (372688693,)]
(Background on this error at: https://sqlalche.me/e/20/e3q8)
Traceback (most recent call last):
  File "/home/yuksal21/virtualenv/maestro.yuksalishbot.uz/3.12/lib/python3.12/site-packages/aiomysql/connection.py", line 657, in _read_bytes
    data = await self._reader.readexactly(num_bytes)
           ^^^^^^^^^^^^^^^^^^^^^^^^^^^^^^^^^^^^^^^^^
  File "/opt/alt/python312/lib64/python3.12/asyncio/streams.py", line 750, in readexactly
    raise exceptions.IncompleteReadError(incomplete, n)
asyncio.exceptions.IncompleteReadError: 0 bytes read on a total of 4 expected bytes

The above exception was the direct cause of the following exception:

Traceback (most recent call last):
  File "/home/yuksal21/virtualenv/maestro.yuksalishbot.uz/3.12/lib64/python3.12/site-packages/sqlalchemy/engine/base.py", line 1967, in _exec_single_context
    self.dialect.do_execute(
  File "/home/yuksal21/virtualenv/maestro.yuksalishbot.uz/3.12/lib64/python3.12/site-packages/sqlalchemy/engine/default.py", line 952, in do_execute
    cursor.execute(statement, parameters)
  File "/home/yuksal21/virtualenv/maestro.yuksalishbot.uz/3.12/lib64/python3.12/site-packages/sqlalchemy/connectors/asyncio.py", line 230, in execute
    self._adapt_connection._handle_exception(error)
  File "/home/yuksal21/virtualenv/maestro.yuksalishbot.uz/3.12/lib64/python3.12/site-packages/sqlalchemy/connectors/asyncio.py", line 368, in _handle_exception
    raise error.with_traceback(exc_info[2])
  File "/home/yuksal21/virtualenv/maestro.yuksalishbot.uz/3.12/lib64/python3.12/site-packages/sqlalchemy/connectors/asyncio.py", line 228, in execute
    return self.await_(self._execute_async(operation, parameters))
           ^^^^^^^^^^^^^^^^^^^^^^^^^^^^^^^^^^^^^^^^^^^^^^^^^^^^^^^
  File "/home/yuksal21/virtualenv/maestro.yuksalishbot.uz/3.12/lib64/python3.12/site-packages/sqlalchemy/util/_concurrency_py3k.py", line 132, in await_only
    return current.parent.switch(awaitable)  # type: ignore[no-any-return,attr-defined] # noqa: E501
           ^^^^^^^^^^^^^^^^^^^^^^^^^^^^^^^^
  File "/home/yuksal21/virtualenv/maestro.yuksalishbot.uz/3.12/lib64/python3.12/site-packages/sqlalchemy/util/_concurrency_py3k.py", line 196, in greenlet_spawn
    value = await result
            ^^^^^^^^^^^^
  File "/home/yuksal21/virtualenv/maestro.yuksalishbot.uz/3.12/lib64/python3.12/site-packages/sqlalchemy/connectors/asyncio.py", line 251, in _execute_async
    result = await self._cursor.execute(operation, parameters)
             ^^^^^^^^^^^^^^^^^^^^^^^^^^^^^^^^^^^^^^^^^^^^^^^^^
  File "/home/yuksal21/virtualenv/maestro.yuksalishbot.uz/3.12/lib/python3.12/site-packages/aiomysql/cursors.py", line 239, in execute
    await self._query(query)
  File "/home/yuksal21/virtualenv/maestro.yuksalishbot.uz/3.12/lib/python3.12/site-packages/aiomysql/cursors.py", line 457, in _query
    await conn.query(q)
  File "/home/yuksal21/virtualenv/maestro.yuksalishbot.uz/3.12/lib/python3.12/site-packages/aiomysql/connection.py", line 469, in query
    await self._read_query_result(unbuffered=unbuffered)
  File "/home/yuksal21/virtualenv/maestro.yuksalishbot.uz/3.12/lib/python3.12/site-packages/aiomysql/connection.py", line 683, in _read_query_result
    await result.read()
  File "/home/yuksal21/virtualenv/maestro.yuksalishbot.uz/3.12/lib/python3.12/site-packages/aiomysql/connection.py", line 1164, in read
    first_packet = await self.connection._read_packet()
                   ^^^^^^^^^^^^^^^^^^^^^^^^^^^^^^^^^^^^
  File "/home/yuksal21/virtualenv/maestro.yuksalishbot.uz/3.12/lib/python3.12/site-packages/aiomysql/connection.py", line 609, in _read_packet
    packet_header = await self._read_bytes(4)
                    ^^^^^^^^^^^^^^^^^^^^^^^^^
  File "/home/yuksal21/virtualenv/maestro.yuksalishbot.uz/3.12/lib/python3.12/site-packages/aiomysql/connection.py", line 661, in _read_bytes
    raise OperationalError(CR.CR_SERVER_LOST, msg) from e
pymysql.err.OperationalError: (2013, 'Lost connection to MySQL server during query')

The above exception was the direct cause of the following exception:

Traceback (most recent call last):
  File "/home/yuksal21/virtualenv/maestro.yuksalishbot.uz/3.12/lib/python3.12/site-packages/aiogram/dispatcher/dispatcher.py", line 320, in _process_update
    response = await self.feed_update(bot, update, **kwargs)
               ^^^^^^^^^^^^^^^^^^^^^^^^^^^^^^^^^^^^^^^^^^^^^
  File "/home/yuksal21/virtualenv/maestro.yuksalishbot.uz/3.12/lib/python3.12/site-packages/aiogram/dispatcher/dispatcher.py", line 164, in feed_update
    response = await self.update.wrap_outer_middleware(
               ^^^^^^^^^^^^^^^^^^^^^^^^^^^^^^^^^^^^^^^^
  File "/home/yuksal21/virtualenv/maestro.yuksalishbot.uz/3.12/lib/python3.12/site-packages/aiogram/dispatcher/middlewares/error.py", line 27, in __call__
    return await handler(event, data)
           ^^^^^^^^^^^^^^^^^^^^^^^^^^
  File "/home/yuksal21/virtualenv/maestro.yuksalishbot.uz/3.12/lib/python3.12/site-packages/aiogram/dispatcher/middlewares/user_context.py", line 58, in __call__
    return await handler(event, data)
           ^^^^^^^^^^^^^^^^^^^^^^^^^^
  File "/home/yuksal21/virtualenv/maestro.yuksalishbot.uz/3.12/lib/python3.12/site-packages/aiogram/fsm/middleware.py", line 43, in __call__
    return await handler(event, data)
           ^^^^^^^^^^^^^^^^^^^^^^^^^^
  File "/home/yuksal21/virtualenv/maestro.yuksalishbot.uz/3.12/lib/python3.12/site-packages/aiogram/dispatcher/event/telegram.py", line 126, in trigger
    return await wrapped_inner(event, kwargs)
           ^^^^^^^^^^^^^^^^^^^^^^^^^^^^^^^^^^
  File "/home/yuksal21/virtualenv/maestro.yuksalishbot.uz/3.12/lib/python3.12/site-packages/aiogram/dispatcher/event/handler.py", line 71, in call
    return await wrapped()
           ^^^^^^^^^^^^^^^
  File "/home/yuksal21/virtualenv/maestro.yuksalishbot.uz/3.12/lib/python3.12/site-packages/aiogram/dispatcher/dispatcher.py", line 283, in _listen_update
    return await self.propagate_event(update_type=update_type, event=event, **kwargs)
           ^^^^^^^^^^^^^^^^^^^^^^^^^^^^^^^^^^^^^^^^^^^^^^^^^^^^^^^^^^^^^^^^^^^^^^^^^^
  File "/home/yuksal21/virtualenv/maestro.yuksalishbot.uz/3.12/lib/python3.12/site-packages/aiogram/dispatcher/router.py", line 161, in propagate_event
    return await observer.wrap_outer_middleware(_wrapped, event=event, data=kwargs)
           ^^^^^^^^^^^^^^^^^^^^^^^^^^^^^^^^^^^^^^^^^^^^^^^^^^^^^^^^^^^^^^^^^^^^^^^^
  File "/home/yuksal21/virtualenv/maestro.yuksalishbot.uz/3.12/lib/python3.12/site-packages/aiogram/dispatcher/router.py", line 153, in _wrapped
    return await self._propagate_event(
           ^^^^^^^^^^^^^^^^^^^^^^^^^^^^
  File "/home/yuksal21/virtualenv/maestro.yuksalishbot.uz/3.12/lib/python3.12/site-packages/aiogram/dispatcher/router.py", line 181, in _propagate_event
    response = await observer.trigger(event, **kwargs)
               ^^^^^^^^^^^^^^^^^^^^^^^^^^^^^^^^^^^^^^^
  File "/home/yuksal21/virtualenv/maestro.yuksalishbot.uz/3.12/lib/python3.12/site-packages/aiogram/dispatcher/event/telegram.py", line 126, in trigger
    return await wrapped_inner(event, kwargs)
           ^^^^^^^^^^^^^^^^^^^^^^^^^^^^^^^^^^
  File "/home/yuksal21/virtualenv/maestro.yuksalishbot.uz/3.12/lib/python3.12/site-packages/aiogram/dispatcher/event/handler.py", line 71, in call
    return await wrapped()
           ^^^^^^^^^^^^^^^
  File "/home/yuksal21/maestro.yuksalishbot.uz/bot.py", line 979, in booking_start_menu
    user = await ensure_registered_message(message)
           ^^^^^^^^^^^^^^^^^^^^^^^^^^^^^^^^^^^^^^^^
  File "/home/yuksal21/maestro.yuksalishbot.uz/bot.py", line 611, in ensure_registered_message
    user = await get_user_by_telegram_id(message.from_user.id)
           ^^^^^^^^^^^^^^^^^^^^^^^^^^^^^^^^^^^^^^^^^^^^^^^^^^^
  File "/home/yuksal21/maestro.yuksalishbot.uz/bot.py", line 544, in get_user_by_telegram_id
    return await session.scalar(select(db.User).where(db.User.telegram_id == telegram_id))
           ^^^^^^^^^^^^^^^^^^^^^^^^^^^^^^^^^^^^^^^^^^^^^^^^^^^^^^^^^^^^^^^^^^^^^^^^^^^^^^^
  File "/home/yuksal21/virtualenv/maestro.yuksalishbot.uz/3.12/lib64/python3.12/site-packages/sqlalchemy/ext/asyncio/session.py", line 505, in scalar
    return await greenlet_spawn(
           ^^^^^^^^^^^^^^^^^^^^^
  File "/home/yuksal21/virtualenv/maestro.yuksalishbot.uz/3.12/lib64/python3.12/site-packages/sqlalchemy/util/_concurrency_py3k.py", line 203, in greenlet_spawn
    result = context.switch(value)
             ^^^^^^^^^^^^^^^^^^^^^
  File "/home/yuksal21/virtualenv/maestro.yuksalishbot.uz/3.12/lib64/python3.12/site-packages/sqlalchemy/orm/session.py", line 2399, in scalar
    return self._execute_internal(
           ^^^^^^^^^^^^^^^^^^^^^^^
  File "/home/yuksal21/virtualenv/maestro.yuksalishbot.uz/3.12/lib64/python3.12/site-packages/sqlalchemy/orm/session.py", line 2249, in _execute_internal
    result: Result[Any] = compile_state_cls.orm_execute_statement(
                          ^^^^^^^^^^^^^^^^^^^^^^^^^^^^^^^^^^^^^^^^
  File "/home/yuksal21/virtualenv/maestro.yuksalishbot.uz/3.12/lib64/python3.12/site-packages/sqlalchemy/orm/context.py", line 306, in orm_execute_statement
    result = conn.execute(
             ^^^^^^^^^^^^^
  File "/home/yuksal21/virtualenv/maestro.yuksalishbot.uz/3.12/lib64/python3.12/site-packages/sqlalchemy/engine/base.py", line 1419, in execute
    return meth(
           ^^^^^
  File "/home/yuksal21/virtualenv/maestro.yuksalishbot.uz/3.12/lib64/python3.12/site-packages/sqlalchemy/sql/elements.py", line 527, in _execute_on_connection
    return connection._execute_clauseelement(
           ^^^^^^^^^^^^^^^^^^^^^^^^^^^^^^^^^^
  File "/home/yuksal21/virtualenv/maestro.yuksalishbot.uz/3.12/lib64/python3.12/site-packages/sqlalchemy/engine/base.py", line 1641, in _execute_clauseelement
    ret = self._execute_context(
          ^^^^^^^^^^^^^^^^^^^^^^
  File "/home/yuksal21/virtualenv/maestro.yuksalishbot.uz/3.12/lib64/python3.12/site-packages/sqlalchemy/engine/base.py", line 1846, in _execute_context
    return self._exec_single_context(
           ^^^^^^^^^^^^^^^^^^^^^^^^^^
  File "/home/yuksal21/virtualenv/maestro.yuksalishbot.uz/3.12/lib64/python3.12/site-packages/sqlalchemy/engine/base.py", line 1986, in _exec_single_context
    self._handle_dbapi_exception(
  File "/home/yuksal21/virtualenv/maestro.yuksalishbot.uz/3.12/lib64/python3.12/site-packages/sqlalchemy/engine/base.py", line 2363, in _handle_dbapi_exception
    raise sqlalchemy_exception.with_traceback(exc_info[2]) from e
  File "/home/yuksal21/virtualenv/maestro.yuksalishbot.uz/3.12/lib64/python3.12/site-packages/sqlalchemy/engine/base.py", line 1967, in _exec_single_context
    self.dialect.do_execute(
  File "/home/yuksal21/virtualenv/maestro.yuksalishbot.uz/3.12/lib64/python3.12/site-packages/sqlalchemy/engine/default.py", line 952, in do_execute
    cursor.execute(statement, parameters)
  File "/home/yuksal21/virtualenv/maestro.yuksalishbot.uz/3.12/lib64/python3.12/site-packages/sqlalchemy/connectors/asyncio.py", line 230, in execute
    self._adapt_connection._handle_exception(error)
  File "/home/yuksal21/virtualenv/maestro.yuksalishbot.uz/3.12/lib64/python3.12/site-packages/sqlalchemy/connectors/asyncio.py", line 368, in _handle_exception
    raise error.with_traceback(exc_info[2])
  File "/home/yuksal21/virtualenv/maestro.yuksalishbot.uz/3.12/lib64/python3.12/site-packages/sqlalchemy/connectors/asyncio.py", line 228, in execute
    return self.await_(self._execute_async(operation, parameters))
           ^^^^^^^^^^^^^^^^^^^^^^^^^^^^^^^^^^^^^^^^^^^^^^^^^^^^^^^
  File "/home/yuksal21/virtualenv/maestro.yuksalishbot.uz/3.12/lib64/python3.12/site-packages/sqlalchemy/util/_concurrency_py3k.py", line 132, in await_only
    return current.parent.switch(awaitable)  # type: ignore[no-any-return,attr-defined] # noqa: E501
           ^^^^^^^^^^^^^^^^^^^^^^^^^^^^^^^^
  File "/home/yuksal21/virtualenv/maestro.yuksalishbot.uz/3.12/lib64/python3.12/site-packages/sqlalchemy/util/_concurrency_py3k.py", line 196, in greenlet_spawn
    value = await result
            ^^^^^^^^^^^^
  File "/home/yuksal21/virtualenv/maestro.yuksalishbot.uz/3.12/lib64/python3.12/site-packages/sqlalchemy/connectors/asyncio.py", line 251, in _execute_async
    result = await self._cursor.execute(operation, parameters)
             ^^^^^^^^^^^^^^^^^^^^^^^^^^^^^^^^^^^^^^^^^^^^^^^^^
  File "/home/yuksal21/virtualenv/maestro.yuksalishbot.uz/3.12/lib/python3.12/site-packages/aiomysql/cursors.py", line 239, in execute
    await self._query(query)
  File "/home/yuksal21/virtualenv/maestro.yuksalishbot.uz/3.12/lib/python3.12/site-packages/aiomysql/cursors.py", line 457, in _query
    await conn.query(q)
  File "/home/yuksal21/virtualenv/maestro.yuksalishbot.uz/3.12/lib/python3.12/site-packages/aiomysql/connection.py", line 469, in query
    await self._read_query_result(unbuffered=unbuffered)
  File "/home/yuksal21/virtualenv/maestro.yuksalishbot.uz/3.12/lib/python3.12/site-packages/aiomysql/connection.py", line 683, in _read_query_result
    await result.read()
  File "/home/yuksal21/virtualenv/maestro.yuksalishbot.uz/3.12/lib/python3.12/site-packages/aiomysql/connection.py", line 1164, in read
    first_packet = await self.connection._read_packet()
                   ^^^^^^^^^^^^^^^^^^^^^^^^^^^^^^^^^^^^
  File "/home/yuksal21/virtualenv/maestro.yuksalishbot.uz/3.12/lib/python3.12/site-packages/aiomysql/connection.py", line 609, in _read_packet
    packet_header = await self._read_bytes(4)
                    ^^^^^^^^^^^^^^^^^^^^^^^^^
  File "/home/yuksal21/virtualenv/maestro.yuksalishbot.uz/3.12/lib/python3.12/site-packages/aiomysql/connection.py", line 661, in _read_bytes
    raise OperationalError(CR.CR_SERVER_LOST, msg) from e
sqlalchemy.exc.OperationalError: (pymysql.err.OperationalError) (2013, 'Lost connection to MySQL server during query')
[SQL: SELECT users.id, users.telegram_id, users.first_name, users.phone_number, users.language_code, users.role, users.subscription_until, users.is_active 
FROM users 
WHERE users.telegram_id = %s]
[parameters: (372688693,)]
(Background on this error at: https://sqlalche.me/e/20/e3q8)
INFO:aiogram.event:Update id=863691967 is handled. Duration 125 ms by bot id=8403442567
INFO:aiogram.event:Update id=863691968 is not handled. Duration 2 ms by bot id=8403442567
ERROR:aiogram.event:Cause exception while process update id=863691968 by bot id=8403442567
OperationalError: (pymysql.err.OperationalError) (2013, 'Lost connection to MySQL server during query')
[SQL: SELECT users.id, users.telegram_id, users.first_name, users.phone_number, users.language_code, users.role, users.subscription_until, users.is_active 
FROM users 
WHERE users.telegram_id = %s]
[parameters: (372688693,)]
(Background on this error at: https://sqlalche.me/e/20/e3q8)
Traceback (most recent call last):
  File "/home/yuksal21/virtualenv/maestro.yuksalishbot.uz/3.12/lib/python3.12/site-packages/aiomysql/connection.py", line 657, in _read_bytes
    data = await self._reader.readexactly(num_bytes)
           ^^^^^^^^^^^^^^^^^^^^^^^^^^^^^^^^^^^^^^^^^
  File "/opt/alt/python312/lib64/python3.12/asyncio/streams.py", line 750, in readexactly
    raise exceptions.IncompleteReadError(incomplete, n)
asyncio.exceptions.IncompleteReadError: 0 bytes read on a total of 4 expected bytes

The above exception was the direct cause of the following exception:

Traceback (most recent call last):
  File "/home/yuksal21/virtualenv/maestro.yuksalishbot.uz/3.12/lib64/python3.12/site-packages/sqlalchemy/engine/base.py", line 1967, in _exec_single_context
    self.dialect.do_execute(
  File "/home/yuksal21/virtualenv/maestro.yuksalishbot.uz/3.12/lib64/python3.12/site-packages/sqlalchemy/engine/default.py", line 952, in do_execute
    cursor.execute(statement, parameters)
  File "/home/yuksal21/virtualenv/maestro.yuksalishbot.uz/3.12/lib64/python3.12/site-packages/sqlalchemy/connectors/asyncio.py", line 230, in execute
    self._adapt_connection._handle_exception(error)
  File "/home/yuksal21/virtualenv/maestro.yuksalishbot.uz/3.12/lib64/python3.12/site-packages/sqlalchemy/connectors/asyncio.py", line 368, in _handle_exception
    raise error.with_traceback(exc_info[2])
  File "/home/yuksal21/virtualenv/maestro.yuksalishbot.uz/3.12/lib64/python3.12/site-packages/sqlalchemy/connectors/asyncio.py", line 228, in execute
    return self.await_(self._execute_async(operation, parameters))
           ^^^^^^^^^^^^^^^^^^^^^^^^^^^^^^^^^^^^^^^^^^^^^^^^^^^^^^^
  File "/home/yuksal21/virtualenv/maestro.yuksalishbot.uz/3.12/lib64/python3.12/site-packages/sqlalchemy/util/_concurrency_py3k.py", line 132, in await_only
    return current.parent.switch(awaitable)  # type: ignore[no-any-return,attr-defined] # noqa: E501
           ^^^^^^^^^^^^^^^^^^^^^^^^^^^^^^^^
  File "/home/yuksal21/virtualenv/maestro.yuksalishbot.uz/3.12/lib64/python3.12/site-packages/sqlalchemy/util/_concurrency_py3k.py", line 196, in greenlet_spawn
    value = await result
            ^^^^^^^^^^^^
  File "/home/yuksal21/virtualenv/maestro.yuksalishbot.uz/3.12/lib64/python3.12/site-packages/sqlalchemy/connectors/asyncio.py", line 251, in _execute_async
    result = await self._cursor.execute(operation, parameters)
             ^^^^^^^^^^^^^^^^^^^^^^^^^^^^^^^^^^^^^^^^^^^^^^^^^
  File "/home/yuksal21/virtualenv/maestro.yuksalishbot.uz/3.12/lib/python3.12/site-packages/aiomysql/cursors.py", line 239, in execute
    await self._query(query)
  File "/home/yuksal21/virtualenv/maestro.yuksalishbot.uz/3.12/lib/python3.12/site-packages/aiomysql/cursors.py", line 457, in _query
    await conn.query(q)
  File "/home/yuksal21/virtualenv/maestro.yuksalishbot.uz/3.12/lib/python3.12/site-packages/aiomysql/connection.py", line 469, in query
    await self._read_query_result(unbuffered=unbuffered)
  File "/home/yuksal21/virtualenv/maestro.yuksalishbot.uz/3.12/lib/python3.12/site-packages/aiomysql/connection.py", line 683, in _read_query_result
    await result.read()
  File "/home/yuksal21/virtualenv/maestro.yuksalishbot.uz/3.12/lib/python3.12/site-packages/aiomysql/connection.py", line 1164, in read
    first_packet = await self.connection._read_packet()
                   ^^^^^^^^^^^^^^^^^^^^^^^^^^^^^^^^^^^^
  File "/home/yuksal21/virtualenv/maestro.yuksalishbot.uz/3.12/lib/python3.12/site-packages/aiomysql/connection.py", line 609, in _read_packet
    packet_header = await self._read_bytes(4)
                    ^^^^^^^^^^^^^^^^^^^^^^^^^
  File "/home/yuksal21/virtualenv/maestro.yuksalishbot.uz/3.12/lib/python3.12/site-packages/aiomysql/connection.py", line 661, in _read_bytes
    raise OperationalError(CR.CR_SERVER_LOST, msg) from e
pymysql.err.OperationalError: (2013, 'Lost connection to MySQL server during query')

The above exception was the direct cause of the following exception:

Traceback (most recent call last):
  File "/home/yuksal21/virtualenv/maestro.yuksalishbot.uz/3.12/lib/python3.12/site-packages/aiogram/dispatcher/dispatcher.py", line 320, in _process_update
    response = await self.feed_update(bot, update, **kwargs)
               ^^^^^^^^^^^^^^^^^^^^^^^^^^^^^^^^^^^^^^^^^^^^^
  File "/home/yuksal21/virtualenv/maestro.yuksalishbot.uz/3.12/lib/python3.12/site-packages/aiogram/dispatcher/dispatcher.py", line 164, in feed_update
    response = await self.update.wrap_outer_middleware(
               ^^^^^^^^^^^^^^^^^^^^^^^^^^^^^^^^^^^^^^^^
  File "/home/yuksal21/virtualenv/maestro.yuksalishbot.uz/3.12/lib/python3.12/site-packages/aiogram/dispatcher/middlewares/error.py", line 27, in __call__
    return await handler(event, data)
           ^^^^^^^^^^^^^^^^^^^^^^^^^^
  File "/home/yuksal21/virtualenv/maestro.yuksalishbot.uz/3.12/lib/python3.12/site-packages/aiogram/dispatcher/middlewares/user_context.py", line 58, in __call__
    return await handler(event, data)
           ^^^^^^^^^^^^^^^^^^^^^^^^^^
  File "/home/yuksal21/virtualenv/maestro.yuksalishbot.uz/3.12/lib/python3.12/site-packages/aiogram/fsm/middleware.py", line 43, in __call__
    return await handler(event, data)
           ^^^^^^^^^^^^^^^^^^^^^^^^^^
  File "/home/yuksal21/virtualenv/maestro.yuksalishbot.uz/3.12/lib/python3.12/site-packages/aiogram/dispatcher/event/telegram.py", line 126, in trigger
    return await wrapped_inner(event, kwargs)
           ^^^^^^^^^^^^^^^^^^^^^^^^^^^^^^^^^^
  File "/home/yuksal21/virtualenv/maestro.yuksalishbot.uz/3.12/lib/python3.12/site-packages/aiogram/dispatcher/event/handler.py", line 71, in call
    return await wrapped()
           ^^^^^^^^^^^^^^^
  File "/home/yuksal21/virtualenv/maestro.yuksalishbot.uz/3.12/lib/python3.12/site-packages/aiogram/dispatcher/dispatcher.py", line 283, in _listen_update
    return await self.propagate_event(update_type=update_type, event=event, **kwargs)
           ^^^^^^^^^^^^^^^^^^^^^^^^^^^^^^^^^^^^^^^^^^^^^^^^^^^^^^^^^^^^^^^^^^^^^^^^^^
  File "/home/yuksal21/virtualenv/maestro.yuksalishbot.uz/3.12/lib/python3.12/site-packages/aiogram/dispatcher/router.py", line 161, in propagate_event
    return await observer.wrap_outer_middleware(_wrapped, event=event, data=kwargs)
           ^^^^^^^^^^^^^^^^^^^^^^^^^^^^^^^^^^^^^^^^^^^^^^^^^^^^^^^^^^^^^^^^^^^^^^^^
  File "/home/yuksal21/virtualenv/maestro.yuksalishbot.uz/3.12/lib/python3.12/site-packages/aiogram/dispatcher/router.py", line 153, in _wrapped
    return await self._propagate_event(
           ^^^^^^^^^^^^^^^^^^^^^^^^^^^^
  File "/home/yuksal21/virtualenv/maestro.yuksalishbot.uz/3.12/lib/python3.12/site-packages/aiogram/dispatcher/router.py", line 181, in _propagate_event
    response = await observer.trigger(event, **kwargs)
               ^^^^^^^^^^^^^^^^^^^^^^^^^^^^^^^^^^^^^^^
  File "/home/yuksal21/virtualenv/maestro.yuksalishbot.uz/3.12/lib/python3.12/site-packages/aiogram/dispatcher/event/telegram.py", line 126, in trigger
    return await wrapped_inner(event, kwargs)
           ^^^^^^^^^^^^^^^^^^^^^^^^^^^^^^^^^^
  File "/home/yuksal21/virtualenv/maestro.yuksalishbot.uz/3.12/lib/python3.12/site-packages/aiogram/dispatcher/event/handler.py", line 71, in call
    return await wrapped()
           ^^^^^^^^^^^^^^^
  File "/home/yuksal21/maestro.yuksalishbot.uz/bot.py", line 979, in booking_start_menu
    user = await ensure_registered_message(message)
           ^^^^^^^^^^^^^^^^^^^^^^^^^^^^^^^^^^^^^^^^
  File "/home/yuksal21/maestro.yuksalishbot.uz/bot.py", line 611, in ensure_registered_message
    user = await get_user_by_telegram_id(message.from_user.id)
           ^^^^^^^^^^^^^^^^^^^^^^^^^^^^^^^^^^^^^^^^^^^^^^^^^^^
  File "/home/yuksal21/maestro.yuksalishbot.uz/bot.py", line 544, in get_user_by_telegram_id
    return await session.scalar(select(db.User).where(db.User.telegram_id == telegram_id))
           ^^^^^^^^^^^^^^^^^^^^^^^^^^^^^^^^^^^^^^^^^^^^^^^^^^^^^^^^^^^^^^^^^^^^^^^^^^^^^^^
  File "/home/yuksal21/virtualenv/maestro.yuksalishbot.uz/3.12/lib64/python3.12/site-packages/sqlalchemy/ext/asyncio/session.py", line 505, in scalar
    return await greenlet_spawn(
           ^^^^^^^^^^^^^^^^^^^^^
  File "/home/yuksal21/virtualenv/maestro.yuksalishbot.uz/3.12/lib64/python3.12/site-packages/sqlalchemy/util/_concurrency_py3k.py", line 203, in greenlet_spawn
    result = context.switch(value)
             ^^^^^^^^^^^^^^^^^^^^^
  File "/home/yuksal21/virtualenv/maestro.yuksalishbot.uz/3.12/lib64/python3.12/site-packages/sqlalchemy/orm/session.py", line 2399, in scalar
    return self._execute_internal(
           ^^^^^^^^^^^^^^^^^^^^^^^
  File "/home/yuksal21/virtualenv/maestro.yuksalishbot.uz/3.12/lib64/python3.12/site-packages/sqlalchemy/orm/session.py", line 2249, in _execute_internal
    result: Result[Any] = compile_state_cls.orm_execute_statement(
                          ^^^^^^^^^^^^^^^^^^^^^^^^^^^^^^^^^^^^^^^^
  File "/home/yuksal21/virtualenv/maestro.yuksalishbot.uz/3.12/lib64/python3.12/site-packages/sqlalchemy/orm/context.py", line 306, in orm_execute_statement
    result = conn.execute(
             ^^^^^^^^^^^^^
  File "/home/yuksal21/virtualenv/maestro.yuksalishbot.uz/3.12/lib64/python3.12/site-packages/sqlalchemy/engine/base.py", line 1419, in execute
    return meth(
           ^^^^^
  File "/home/yuksal21/virtualenv/maestro.yuksalishbot.uz/3.12/lib64/python3.12/site-packages/sqlalchemy/sql/elements.py", line 527, in _execute_on_connection
    return connection._execute_clauseelement(
           ^^^^^^^^^^^^^^^^^^^^^^^^^^^^^^^^^^
  File "/home/yuksal21/virtualenv/maestro.yuksalishbot.uz/3.12/lib64/python3.12/site-packages/sqlalchemy/engine/base.py", line 1641, in _execute_clauseelement
    ret = self._execute_context(
          ^^^^^^^^^^^^^^^^^^^^^^
  File "/home/yuksal21/virtualenv/maestro.yuksalishbot.uz/3.12/lib64/python3.12/site-packages/sqlalchemy/engine/base.py", line 1846, in _execute_context
    return self._exec_single_context(
           ^^^^^^^^^^^^^^^^^^^^^^^^^^
  File "/home/yuksal21/virtualenv/maestro.yuksalishbot.uz/3.12/lib64/python3.12/site-packages/sqlalchemy/engine/base.py", line 1986, in _exec_single_context
    self._handle_dbapi_exception(
  File "/home/yuksal21/virtualenv/maestro.yuksalishbot.uz/3.12/lib64/python3.12/site-packages/sqlalchemy/engine/base.py", line 2363, in _handle_dbapi_exception
    raise sqlalchemy_exception.with_traceback(exc_info[2]) from e
  File "/home/yuksal21/virtualenv/maestro.yuksalishbot.uz/3.12/lib64/python3.12/site-packages/sqlalchemy/engine/base.py", line 1967, in _exec_single_context
    self.dialect.do_execute(
  File "/home/yuksal21/virtualenv/maestro.yuksalishbot.uz/3.12/lib64/python3.12/site-packages/sqlalchemy/engine/default.py", line 952, in do_execute
    cursor.execute(statement, parameters)
  File "/home/yuksal21/virtualenv/maestro.yuksalishbot.uz/3.12/lib64/python3.12/site-packages/sqlalchemy/connectors/asyncio.py", line 230, in execute
    self._adapt_connection._handle_exception(error)
  File "/home/yuksal21/virtualenv/maestro.yuksalishbot.uz/3.12/lib64/python3.12/site-packages/sqlalchemy/connectors/asyncio.py", line 368, in _handle_exception
    raise error.with_traceback(exc_info[2])
  File "/home/yuksal21/virtualenv/maestro.yuksalishbot.uz/3.12/lib64/python3.12/site-packages/sqlalchemy/connectors/asyncio.py", line 228, in execute
    return self.await_(self._execute_async(operation, parameters))
           ^^^^^^^^^^^^^^^^^^^^^^^^^^^^^^^^^^^^^^^^^^^^^^^^^^^^^^^
  File "/home/yuksal21/virtualenv/maestro.yuksalishbot.uz/3.12/lib64/python3.12/site-packages/sqlalchemy/util/_concurrency_py3k.py", line 132, in await_only
    return current.parent.switch(awaitable)  # type: ignore[no-any-return,attr-defined] # noqa: E501
           ^^^^^^^^^^^^^^^^^^^^^^^^^^^^^^^^
  File "/home/yuksal21/virtualenv/maestro.yuksalishbot.uz/3.12/lib64/python3.12/site-packages/sqlalchemy/util/_concurrency_py3k.py", line 196, in greenlet_spawn
    value = await result
            ^^^^^^^^^^^^
  File "/home/yuksal21/virtualenv/maestro.yuksalishbot.uz/3.12/lib64/python3.12/site-packages/sqlalchemy/connectors/asyncio.py", line 251, in _execute_async
    result = await self._cursor.execute(operation, parameters)
             ^^^^^^^^^^^^^^^^^^^^^^^^^^^^^^^^^^^^^^^^^^^^^^^^^
  File "/home/yuksal21/virtualenv/maestro.yuksalishbot.uz/3.12/lib/python3.12/site-packages/aiomysql/cursors.py", line 239, in execute
    await self._query(query)
  File "/home/yuksal21/virtualenv/maestro.yuksalishbot.uz/3.12/lib/python3.12/site-packages/aiomysql/cursors.py", line 457, in _query
    await conn.query(q)
  File "/home/yuksal21/virtualenv/maestro.yuksalishbot.uz/3.12/lib/python3.12/site-packages/aiomysql/connection.py", line 469, in query
    await self._read_query_result(unbuffered=unbuffered)
  File "/home/yuksal21/virtualenv/maestro.yuksalishbot.uz/3.12/lib/python3.12/site-packages/aiomysql/connection.py", line 683, in _read_query_result
    await result.read()
  File "/home/yuksal21/virtualenv/maestro.yuksalishbot.uz/3.12/lib/python3.12/site-packages/aiomysql/connection.py", line 1164, in read
    first_packet = await self.connection._read_packet()
                   ^^^^^^^^^^^^^^^^^^^^^^^^^^^^^^^^^^^^
  File "/home/yuksal21/virtualenv/maestro.yuksalishbot.uz/3.12/lib/python3.12/site-packages/aiomysql/connection.py", line 609, in _read_packet
    packet_header = await self._read_bytes(4)
                    ^^^^^^^^^^^^^^^^^^^^^^^^^
  File "/home/yuksal21/virtualenv/maestro.yuksalishbot.uz/3.12/lib/python3.12/site-packages/aiomysql/connection.py", line 661, in _read_bytes
    raise OperationalError(CR.CR_SERVER_LOST, msg) from e
sqlalchemy.exc.OperationalError: (pymysql.err.OperationalError) (2013, 'Lost connection to MySQL server during query')
[SQL: SELECT users.id, users.telegram_id, users.first_name, users.phone_number, users.language_code, users.role, users.subscription_until, users.is_active 
FROM users 
WHERE users.telegram_id = %s]
[parameters: (372688693,)]
(Background on this error at: https://sqlalche.me/e/20/e3q8)
INFO:aiogram.event:Update id=863691969 is handled. Duration 126 ms by bot id=8403442567
INFO:aiogram.event:Update id=863691970 is handled. Duration 134 ms by bot id=8403442567
INFO:aiogram.event:Update id=863691971 is handled. Duration 122 ms by bot id=8403442567
INFO:aiogram.event:Update id=863691972 is handled. Duration 134 ms by bot id=8403442567
INFO:aiogram.event:Update id=863691973 is handled. Duration 132 ms by bot id=8403442567
INFO:aiogram.event:Update id=863691974 is handled. Duration 140 ms by bot id=8403442567
INFO:aiogram.event:Update id=863691975 is handled. Duration 136 ms by bot id=8403442567
INFO:aiogram.event:Update id=863691976 is handled. Duration 123 ms by bot id=8403442567
INFO:aiogram.event:Update id=863691977 is handled. Duration 125 ms by bot id=8403442567
INFO:aiogram.event:Update id=863691978 is handled. Duration 127 ms by bot id=8403442567
INFO:aiogram.event:Update id=863691979 is handled. Duration 168 ms by bot id=8403442567
INFO:aiogram.event:Update id=863691980 is not handled. Duration 2 ms by bot id=8403442567
ERROR:aiogram.event:Cause exception while process update id=863691980 by bot id=8403442567
OperationalError: (pymysql.err.OperationalError) (2013, 'Lost connection to MySQL server during query')
[SQL: SELECT users.id, users.telegram_id, users.first_name, users.phone_number, users.language_code, users.role, users.subscription_until, users.is_active 
FROM users 
WHERE users.telegram_id = %s]
[parameters: (5560947809,)]
(Background on this error at: https://sqlalche.me/e/20/e3q8)
Traceback (most recent call last):
  File "/home/yuksal21/virtualenv/maestro.yuksalishbot.uz/3.12/lib/python3.12/site-packages/aiomysql/connection.py", line 657, in _read_bytes
    data = await self._reader.readexactly(num_bytes)
           ^^^^^^^^^^^^^^^^^^^^^^^^^^^^^^^^^^^^^^^^^
  File "/opt/alt/python312/lib64/python3.12/asyncio/streams.py", line 750, in readexactly
    raise exceptions.IncompleteReadError(incomplete, n)
asyncio.exceptions.IncompleteReadError: 0 bytes read on a total of 4 expected bytes

The above exception was the direct cause of the following exception:

Traceback (most recent call last):
  File "/home/yuksal21/virtualenv/maestro.yuksalishbot.uz/3.12/lib64/python3.12/site-packages/sqlalchemy/engine/base.py", line 1967, in _exec_single_context
    self.dialect.do_execute(
  File "/home/yuksal21/virtualenv/maestro.yuksalishbot.uz/3.12/lib64/python3.12/site-packages/sqlalchemy/engine/default.py", line 952, in do_execute
    cursor.execute(statement, parameters)
  File "/home/yuksal21/virtualenv/maestro.yuksalishbot.uz/3.12/lib64/python3.12/site-packages/sqlalchemy/connectors/asyncio.py", line 230, in execute
    self._adapt_connection._handle_exception(error)
  File "/home/yuksal21/virtualenv/maestro.yuksalishbot.uz/3.12/lib64/python3.12/site-packages/sqlalchemy/connectors/asyncio.py", line 368, in _handle_exception
    raise error.with_traceback(exc_info[2])
  File "/home/yuksal21/virtualenv/maestro.yuksalishbot.uz/3.12/lib64/python3.12/site-packages/sqlalchemy/connectors/asyncio.py", line 228, in execute
    return self.await_(self._execute_async(operation, parameters))
           ^^^^^^^^^^^^^^^^^^^^^^^^^^^^^^^^^^^^^^^^^^^^^^^^^^^^^^^
  File "/home/yuksal21/virtualenv/maestro.yuksalishbot.uz/3.12/lib64/python3.12/site-packages/sqlalchemy/util/_concurrency_py3k.py", line 132, in await_only
    return current.parent.switch(awaitable)  # type: ignore[no-any-return,attr-defined] # noqa: E501
           ^^^^^^^^^^^^^^^^^^^^^^^^^^^^^^^^
  File "/home/yuksal21/virtualenv/maestro.yuksalishbot.uz/3.12/lib64/python3.12/site-packages/sqlalchemy/util/_concurrency_py3k.py", line 196, in greenlet_spawn
    value = await result
            ^^^^^^^^^^^^
  File "/home/yuksal21/virtualenv/maestro.yuksalishbot.uz/3.12/lib64/python3.12/site-packages/sqlalchemy/connectors/asyncio.py", line 251, in _execute_async
    result = await self._cursor.execute(operation, parameters)
             ^^^^^^^^^^^^^^^^^^^^^^^^^^^^^^^^^^^^^^^^^^^^^^^^^
  File "/home/yuksal21/virtualenv/maestro.yuksalishbot.uz/3.12/lib/python3.12/site-packages/aiomysql/cursors.py", line 239, in execute
    await self._query(query)
  File "/home/yuksal21/virtualenv/maestro.yuksalishbot.uz/3.12/lib/python3.12/site-packages/aiomysql/cursors.py", line 457, in _query
    await conn.query(q)
  File "/home/yuksal21/virtualenv/maestro.yuksalishbot.uz/3.12/lib/python3.12/site-packages/aiomysql/connection.py", line 469, in query
    await self._read_query_result(unbuffered=unbuffered)
  File "/home/yuksal21/virtualenv/maestro.yuksalishbot.uz/3.12/lib/python3.12/site-packages/aiomysql/connection.py", line 683, in _read_query_result
    await result.read()
  File "/home/yuksal21/virtualenv/maestro.yuksalishbot.uz/3.12/lib/python3.12/site-packages/aiomysql/connection.py", line 1164, in read
    first_packet = await self.connection._read_packet()
                   ^^^^^^^^^^^^^^^^^^^^^^^^^^^^^^^^^^^^
  File "/home/yuksal21/virtualenv/maestro.yuksalishbot.uz/3.12/lib/python3.12/site-packages/aiomysql/connection.py", line 609, in _read_packet
    packet_header = await self._read_bytes(4)
                    ^^^^^^^^^^^^^^^^^^^^^^^^^
  File "/home/yuksal21/virtualenv/maestro.yuksalishbot.uz/3.12/lib/python3.12/site-packages/aiomysql/connection.py", line 661, in _read_bytes
    raise OperationalError(CR.CR_SERVER_LOST, msg) from e
pymysql.err.OperationalError: (2013, 'Lost connection to MySQL server during query')

The above exception was the direct cause of the following exception:

Traceback (most recent call last):
  File "/home/yuksal21/virtualenv/maestro.yuksalishbot.uz/3.12/lib/python3.12/site-packages/aiogram/dispatcher/dispatcher.py", line 320, in _process_update
    response = await self.feed_update(bot, update, **kwargs)
               ^^^^^^^^^^^^^^^^^^^^^^^^^^^^^^^^^^^^^^^^^^^^^
  File "/home/yuksal21/virtualenv/maestro.yuksalishbot.uz/3.12/lib/python3.12/site-packages/aiogram/dispatcher/dispatcher.py", line 164, in feed_update
    response = await self.update.wrap_outer_middleware(
               ^^^^^^^^^^^^^^^^^^^^^^^^^^^^^^^^^^^^^^^^
  File "/home/yuksal21/virtualenv/maestro.yuksalishbot.uz/3.12/lib/python3.12/site-packages/aiogram/dispatcher/middlewares/error.py", line 27, in __call__
    return await handler(event, data)
           ^^^^^^^^^^^^^^^^^^^^^^^^^^
  File "/home/yuksal21/virtualenv/maestro.yuksalishbot.uz/3.12/lib/python3.12/site-packages/aiogram/dispatcher/middlewares/user_context.py", line 58, in __call__
    return await handler(event, data)
           ^^^^^^^^^^^^^^^^^^^^^^^^^^
  File "/home/yuksal21/virtualenv/maestro.yuksalishbot.uz/3.12/lib/python3.12/site-packages/aiogram/fsm/middleware.py", line 43, in __call__
    return await handler(event, data)
           ^^^^^^^^^^^^^^^^^^^^^^^^^^
  File "/home/yuksal21/virtualenv/maestro.yuksalishbot.uz/3.12/lib/python3.12/site-packages/aiogram/dispatcher/event/telegram.py", line 126, in trigger
    return await wrapped_inner(event, kwargs)
           ^^^^^^^^^^^^^^^^^^^^^^^^^^^^^^^^^^
  File "/home/yuksal21/virtualenv/maestro.yuksalishbot.uz/3.12/lib/python3.12/site-packages/aiogram/dispatcher/event/handler.py", line 71, in call
    return await wrapped()
           ^^^^^^^^^^^^^^^
  File "/home/yuksal21/virtualenv/maestro.yuksalishbot.uz/3.12/lib/python3.12/site-packages/aiogram/dispatcher/dispatcher.py", line 283, in _listen_update
    return await self.propagate_event(update_type=update_type, event=event, **kwargs)
           ^^^^^^^^^^^^^^^^^^^^^^^^^^^^^^^^^^^^^^^^^^^^^^^^^^^^^^^^^^^^^^^^^^^^^^^^^^
  File "/home/yuksal21/virtualenv/maestro.yuksalishbot.uz/3.12/lib/python3.12/site-packages/aiogram/dispatcher/router.py", line 161, in propagate_event
    return await observer.wrap_outer_middleware(_wrapped, event=event, data=kwargs)
           ^^^^^^^^^^^^^^^^^^^^^^^^^^^^^^^^^^^^^^^^^^^^^^^^^^^^^^^^^^^^^^^^^^^^^^^^
  File "/home/yuksal21/virtualenv/maestro.yuksalishbot.uz/3.12/lib/python3.12/site-packages/aiogram/dispatcher/router.py", line 153, in _wrapped
    return await self._propagate_event(
           ^^^^^^^^^^^^^^^^^^^^^^^^^^^^
  File "/home/yuksal21/virtualenv/maestro.yuksalishbot.uz/3.12/lib/python3.12/site-packages/aiogram/dispatcher/router.py", line 181, in _propagate_event
    response = await observer.trigger(event, **kwargs)
               ^^^^^^^^^^^^^^^^^^^^^^^^^^^^^^^^^^^^^^^
  File "/home/yuksal21/virtualenv/maestro.yuksalishbot.uz/3.12/lib/python3.12/site-packages/aiogram/dispatcher/event/telegram.py", line 126, in trigger
    return await wrapped_inner(event, kwargs)
           ^^^^^^^^^^^^^^^^^^^^^^^^^^^^^^^^^^
  File "/home/yuksal21/virtualenv/maestro.yuksalishbot.uz/3.12/lib/python3.12/site-packages/aiogram/dispatcher/event/handler.py", line 71, in call
    return await wrapped()
           ^^^^^^^^^^^^^^^
  File "/home/yuksal21/maestro.yuksalishbot.uz/bot.py", line 979, in booking_start_menu
    user = await ensure_registered_message(message)
           ^^^^^^^^^^^^^^^^^^^^^^^^^^^^^^^^^^^^^^^^
  File "/home/yuksal21/maestro.yuksalishbot.uz/bot.py", line 611, in ensure_registered_message
    user = await get_user_by_telegram_id(message.from_user.id)
           ^^^^^^^^^^^^^^^^^^^^^^^^^^^^^^^^^^^^^^^^^^^^^^^^^^^
  File "/home/yuksal21/maestro.yuksalishbot.uz/bot.py", line 544, in get_user_by_telegram_id
    return await session.scalar(select(db.User).where(db.User.telegram_id == telegram_id))
           ^^^^^^^^^^^^^^^^^^^^^^^^^^^^^^^^^^^^^^^^^^^^^^^^^^^^^^^^^^^^^^^^^^^^^^^^^^^^^^^
  File "/home/yuksal21/virtualenv/maestro.yuksalishbot.uz/3.12/lib64/python3.12/site-packages/sqlalchemy/ext/asyncio/session.py", line 505, in scalar
    return await greenlet_spawn(
           ^^^^^^^^^^^^^^^^^^^^^
  File "/home/yuksal21/virtualenv/maestro.yuksalishbot.uz/3.12/lib64/python3.12/site-packages/sqlalchemy/util/_concurrency_py3k.py", line 203, in greenlet_spawn
    result = context.switch(value)
             ^^^^^^^^^^^^^^^^^^^^^
  File "/home/yuksal21/virtualenv/maestro.yuksalishbot.uz/3.12/lib64/python3.12/site-packages/sqlalchemy/orm/session.py", line 2399, in scalar
    return self._execute_internal(
           ^^^^^^^^^^^^^^^^^^^^^^^
  File "/home/yuksal21/virtualenv/maestro.yuksalishbot.uz/3.12/lib64/python3.12/site-packages/sqlalchemy/orm/session.py", line 2249, in _execute_internal
    result: Result[Any] = compile_state_cls.orm_execute_statement(
                          ^^^^^^^^^^^^^^^^^^^^^^^^^^^^^^^^^^^^^^^^
  File "/home/yuksal21/virtualenv/maestro.yuksalishbot.uz/3.12/lib64/python3.12/site-packages/sqlalchemy/orm/context.py", line 306, in orm_execute_statement
    result = conn.execute(
             ^^^^^^^^^^^^^
  File "/home/yuksal21/virtualenv/maestro.yuksalishbot.uz/3.12/lib64/python3.12/site-packages/sqlalchemy/engine/base.py", line 1419, in execute
    return meth(
           ^^^^^
  File "/home/yuksal21/virtualenv/maestro.yuksalishbot.uz/3.12/lib64/python3.12/site-packages/sqlalchemy/sql/elements.py", line 527, in _execute_on_connection
    return connection._execute_clauseelement(
           ^^^^^^^^^^^^^^^^^^^^^^^^^^^^^^^^^^
  File "/home/yuksal21/virtualenv/maestro.yuksalishbot.uz/3.12/lib64/python3.12/site-packages/sqlalchemy/engine/base.py", line 1641, in _execute_clauseelement
    ret = self._execute_context(
          ^^^^^^^^^^^^^^^^^^^^^^
  File "/home/yuksal21/virtualenv/maestro.yuksalishbot.uz/3.12/lib64/python3.12/site-packages/sqlalchemy/engine/base.py", line 1846, in _execute_context
    return self._exec_single_context(
           ^^^^^^^^^^^^^^^^^^^^^^^^^^
  File "/home/yuksal21/virtualenv/maestro.yuksalishbot.uz/3.12/lib64/python3.12/site-packages/sqlalchemy/engine/base.py", line 1986, in _exec_single_context
    self._handle_dbapi_exception(
  File "/home/yuksal21/virtualenv/maestro.yuksalishbot.uz/3.12/lib64/python3.12/site-packages/sqlalchemy/engine/base.py", line 2363, in _handle_dbapi_exception
    raise sqlalchemy_exception.with_traceback(exc_info[2]) from e
  File "/home/yuksal21/virtualenv/maestro.yuksalishbot.uz/3.12/lib64/python3.12/site-packages/sqlalchemy/engine/base.py", line 1967, in _exec_single_context
    self.dialect.do_execute(
  File "/home/yuksal21/virtualenv/maestro.yuksalishbot.uz/3.12/lib64/python3.12/site-packages/sqlalchemy/engine/default.py", line 952, in do_execute
    cursor.execute(statement, parameters)
  File "/home/yuksal21/virtualenv/maestro.yuksalishbot.uz/3.12/lib64/python3.12/site-packages/sqlalchemy/connectors/asyncio.py", line 230, in execute
    self._adapt_connection._handle_exception(error)
  File "/home/yuksal21/virtualenv/maestro.yuksalishbot.uz/3.12/lib64/python3.12/site-packages/sqlalchemy/connectors/asyncio.py", line 368, in _handle_exception
    raise error.with_traceback(exc_info[2])
  File "/home/yuksal21/virtualenv/maestro.yuksalishbot.uz/3.12/lib64/python3.12/site-packages/sqlalchemy/connectors/asyncio.py", line 228, in execute
    return self.await_(self._execute_async(operation, parameters))
           ^^^^^^^^^^^^^^^^^^^^^^^^^^^^^^^^^^^^^^^^^^^^^^^^^^^^^^^
  File "/home/yuksal21/virtualenv/maestro.yuksalishbot.uz/3.12/lib64/python3.12/site-packages/sqlalchemy/util/_concurrency_py3k.py", line 132, in await_only
    return current.parent.switch(awaitable)  # type: ignore[no-any-return,attr-defined] # noqa: E501
           ^^^^^^^^^^^^^^^^^^^^^^^^^^^^^^^^
  File "/home/yuksal21/virtualenv/maestro.yuksalishbot.uz/3.12/lib64/python3.12/site-packages/sqlalchemy/util/_concurrency_py3k.py", line 196, in greenlet_spawn
    value = await result
            ^^^^^^^^^^^^
  File "/home/yuksal21/virtualenv/maestro.yuksalishbot.uz/3.12/lib64/python3.12/site-packages/sqlalchemy/connectors/asyncio.py", line 251, in _execute_async
    result = await self._cursor.execute(operation, parameters)
             ^^^^^^^^^^^^^^^^^^^^^^^^^^^^^^^^^^^^^^^^^^^^^^^^^
  File "/home/yuksal21/virtualenv/maestro.yuksalishbot.uz/3.12/lib/python3.12/site-packages/aiomysql/cursors.py", line 239, in execute
    await self._query(query)
  File "/home/yuksal21/virtualenv/maestro.yuksalishbot.uz/3.12/lib/python3.12/site-packages/aiomysql/cursors.py", line 457, in _query
    await conn.query(q)
  File "/home/yuksal21/virtualenv/maestro.yuksalishbot.uz/3.12/lib/python3.12/site-packages/aiomysql/connection.py", line 469, in query
    await self._read_query_result(unbuffered=unbuffered)
  File "/home/yuksal21/virtualenv/maestro.yuksalishbot.uz/3.12/lib/python3.12/site-packages/aiomysql/connection.py", line 683, in _read_query_result
    await result.read()
  File "/home/yuksal21/virtualenv/maestro.yuksalishbot.uz/3.12/lib/python3.12/site-packages/aiomysql/connection.py", line 1164, in read
    first_packet = await self.connection._read_packet()
                   ^^^^^^^^^^^^^^^^^^^^^^^^^^^^^^^^^^^^
  File "/home/yuksal21/virtualenv/maestro.yuksalishbot.uz/3.12/lib/python3.12/site-packages/aiomysql/connection.py", line 609, in _read_packet
    packet_header = await self._read_bytes(4)
                    ^^^^^^^^^^^^^^^^^^^^^^^^^
  File "/home/yuksal21/virtualenv/maestro.yuksalishbot.uz/3.12/lib/python3.12/site-packages/aiomysql/connection.py", line 661, in _read_bytes
    raise OperationalError(CR.CR_SERVER_LOST, msg) from e
sqlalchemy.exc.OperationalError: (pymysql.err.OperationalError) (2013, 'Lost connection to MySQL server during query')
[SQL: SELECT users.id, users.telegram_id, users.first_name, users.phone_number, users.language_code, users.role, users.subscription_until, users.is_active 
FROM users 
WHERE users.telegram_id = %s]
[parameters: (5560947809,)]
(Background on this error at: https://sqlalche.me/e/20/e3q8)
INFO:aiogram.event:Update id=863691981 is handled. Duration 314 ms by bot id=8403442567
INFO:aiogram.event:Update id=863691982 is handled. Duration 132 ms by bot id=8403442567
INFO:aiogram.event:Update id=863691983 is handled. Duration 130 ms by bot id=8403442567
INFO:aiogram.event:Update id=863691984 is handled. Duration 130 ms by bot id=8403442567
INFO:aiogram.event:Update id=863691985 is handled. Duration 117 ms by bot id=8403442567
INFO:aiogram.event:Update id=863691986 is handled. Duration 126 ms by bot id=8403442567
INFO:aiogram.event:Update id=863691987 is handled. Duration 126 ms by bot id=8403442567
INFO:aiogram.event:Update id=863691988 is handled. Duration 139 ms by bot id=8403442567
INFO:aiogram.event:Update id=863691989 is handled. Duration 133 ms by bot id=8403442567
INFO:aiogram.event:Update id=863691990 is handled. Duration 138 ms by bot id=8403442567
INFO:aiogram.event:Update id=863691991 is handled. Duration 130 ms by bot id=8403442567
INFO:aiogram.event:Update id=863691992 is handled. Duration 649 ms by bot id=8403442567
INFO:aiogram.event:Update id=863691993 is handled. Duration 167 ms by bot id=8403442567
INFO:aiogram.event:Update id=863691994 is handled. Duration 163 ms by bot id=8403442567
INFO:aiogram.event:Update id=863691995 is handled. Duration 247 ms by bot id=8403442567
INFO:aiogram.event:Update id=863691996 is handled. Duration 136 ms by bot id=8403442567
INFO:aiogram.event:Update id=863691997 is not handled. Duration 2 ms by bot id=8403442567
ERROR:aiogram.event:Cause exception while process update id=863691997 by bot id=8403442567
OperationalError: (pymysql.err.OperationalError) (2013, 'Lost connection to MySQL server during query')
[SQL: SELECT users.id, users.telegram_id, users.first_name, users.phone_number, users.language_code, users.role, users.subscription_until, users.is_active 
FROM users 
WHERE users.telegram_id = %s]
[parameters: (5560947809,)]
(Background on this error at: https://sqlalche.me/e/20/e3q8)
Traceback (most recent call last):
  File "/home/yuksal21/virtualenv/maestro.yuksalishbot.uz/3.12/lib/python3.12/site-packages/aiomysql/connection.py", line 657, in _read_bytes
    data = await self._reader.readexactly(num_bytes)
           ^^^^^^^^^^^^^^^^^^^^^^^^^^^^^^^^^^^^^^^^^
  File "/opt/alt/python312/lib64/python3.12/asyncio/streams.py", line 750, in readexactly
    raise exceptions.IncompleteReadError(incomplete, n)
asyncio.exceptions.IncompleteReadError: 0 bytes read on a total of 4 expected bytes

The above exception was the direct cause of the following exception:

Traceback (most recent call last):
  File "/home/yuksal21/virtualenv/maestro.yuksalishbot.uz/3.12/lib64/python3.12/site-packages/sqlalchemy/engine/base.py", line 1967, in _exec_single_context
    self.dialect.do_execute(
  File "/home/yuksal21/virtualenv/maestro.yuksalishbot.uz/3.12/lib64/python3.12/site-packages/sqlalchemy/engine/default.py", line 952, in do_execute
    cursor.execute(statement, parameters)
  File "/home/yuksal21/virtualenv/maestro.yuksalishbot.uz/3.12/lib64/python3.12/site-packages/sqlalchemy/connectors/asyncio.py", line 230, in execute
    self._adapt_connection._handle_exception(error)
  File "/home/yuksal21/virtualenv/maestro.yuksalishbot.uz/3.12/lib64/python3.12/site-packages/sqlalchemy/connectors/asyncio.py", line 368, in _handle_exception
    raise error.with_traceback(exc_info[2])
  File "/home/yuksal21/virtualenv/maestro.yuksalishbot.uz/3.12/lib64/python3.12/site-packages/sqlalchemy/connectors/asyncio.py", line 228, in execute
    return self.await_(self._execute_async(operation, parameters))
           ^^^^^^^^^^^^^^^^^^^^^^^^^^^^^^^^^^^^^^^^^^^^^^^^^^^^^^^
  File "/home/yuksal21/virtualenv/maestro.yuksalishbot.uz/3.12/lib64/python3.12/site-packages/sqlalchemy/util/_concurrency_py3k.py", line 132, in await_only
    return current.parent.switch(awaitable)  # type: ignore[no-any-return,attr-defined] # noqa: E501
           ^^^^^^^^^^^^^^^^^^^^^^^^^^^^^^^^
  File "/home/yuksal21/virtualenv/maestro.yuksalishbot.uz/3.12/lib64/python3.12/site-packages/sqlalchemy/util/_concurrency_py3k.py", line 196, in greenlet_spawn
    value = await result
            ^^^^^^^^^^^^
  File "/home/yuksal21/virtualenv/maestro.yuksalishbot.uz/3.12/lib64/python3.12/site-packages/sqlalchemy/connectors/asyncio.py", line 251, in _execute_async
    result = await self._cursor.execute(operation, parameters)
             ^^^^^^^^^^^^^^^^^^^^^^^^^^^^^^^^^^^^^^^^^^^^^^^^^
  File "/home/yuksal21/virtualenv/maestro.yuksalishbot.uz/3.12/lib/python3.12/site-packages/aiomysql/cursors.py", line 239, in execute
    await self._query(query)
  File "/home/yuksal21/virtualenv/maestro.yuksalishbot.uz/3.12/lib/python3.12/site-packages/aiomysql/cursors.py", line 457, in _query
    await conn.query(q)
  File "/home/yuksal21/virtualenv/maestro.yuksalishbot.uz/3.12/lib/python3.12/site-packages/aiomysql/connection.py", line 469, in query
    await self._read_query_result(unbuffered=unbuffered)
  File "/home/yuksal21/virtualenv/maestro.yuksalishbot.uz/3.12/lib/python3.12/site-packages/aiomysql/connection.py", line 683, in _read_query_result
    await result.read()
  File "/home/yuksal21/virtualenv/maestro.yuksalishbot.uz/3.12/lib/python3.12/site-packages/aiomysql/connection.py", line 1164, in read
    first_packet = await self.connection._read_packet()
                   ^^^^^^^^^^^^^^^^^^^^^^^^^^^^^^^^^^^^
  File "/home/yuksal21/virtualenv/maestro.yuksalishbot.uz/3.12/lib/python3.12/site-packages/aiomysql/connection.py", line 609, in _read_packet
    packet_header = await self._read_bytes(4)
                    ^^^^^^^^^^^^^^^^^^^^^^^^^
  File "/home/yuksal21/virtualenv/maestro.yuksalishbot.uz/3.12/lib/python3.12/site-packages/aiomysql/connection.py", line 661, in _read_bytes
    raise OperationalError(CR.CR_SERVER_LOST, msg) from e
pymysql.err.OperationalError: (2013, 'Lost connection to MySQL server during query')

The above exception was the direct cause of the following exception:

Traceback (most recent call last):
  File "/home/yuksal21/virtualenv/maestro.yuksalishbot.uz/3.12/lib/python3.12/site-packages/aiogram/dispatcher/dispatcher.py", line 320, in _process_update
    response = await self.feed_update(bot, update, **kwargs)
               ^^^^^^^^^^^^^^^^^^^^^^^^^^^^^^^^^^^^^^^^^^^^^
  File "/home/yuksal21/virtualenv/maestro.yuksalishbot.uz/3.12/lib/python3.12/site-packages/aiogram/dispatcher/dispatcher.py", line 164, in feed_update
    response = await self.update.wrap_outer_middleware(
               ^^^^^^^^^^^^^^^^^^^^^^^^^^^^^^^^^^^^^^^^
  File "/home/yuksal21/virtualenv/maestro.yuksalishbot.uz/3.12/lib/python3.12/site-packages/aiogram/dispatcher/middlewares/error.py", line 27, in __call__
    return await handler(event, data)
           ^^^^^^^^^^^^^^^^^^^^^^^^^^
  File "/home/yuksal21/virtualenv/maestro.yuksalishbot.uz/3.12/lib/python3.12/site-packages/aiogram/dispatcher/middlewares/user_context.py", line 58, in __call__
    return await handler(event, data)
           ^^^^^^^^^^^^^^^^^^^^^^^^^^
  File "/home/yuksal21/virtualenv/maestro.yuksalishbot.uz/3.12/lib/python3.12/site-packages/aiogram/fsm/middleware.py", line 43, in __call__
    return await handler(event, data)
           ^^^^^^^^^^^^^^^^^^^^^^^^^^
  File "/home/yuksal21/virtualenv/maestro.yuksalishbot.uz/3.12/lib/python3.12/site-packages/aiogram/dispatcher/event/telegram.py", line 126, in trigger
    return await wrapped_inner(event, kwargs)
           ^^^^^^^^^^^^^^^^^^^^^^^^^^^^^^^^^^
  File "/home/yuksal21/virtualenv/maestro.yuksalishbot.uz/3.12/lib/python3.12/site-packages/aiogram/dispatcher/event/handler.py", line 71, in call
    return await wrapped()
           ^^^^^^^^^^^^^^^
  File "/home/yuksal21/virtualenv/maestro.yuksalishbot.uz/3.12/lib/python3.12/site-packages/aiogram/dispatcher/dispatcher.py", line 283, in _listen_update
    return await self.propagate_event(update_type=update_type, event=event, **kwargs)
           ^^^^^^^^^^^^^^^^^^^^^^^^^^^^^^^^^^^^^^^^^^^^^^^^^^^^^^^^^^^^^^^^^^^^^^^^^^
  File "/home/yuksal21/virtualenv/maestro.yuksalishbot.uz/3.12/lib/python3.12/site-packages/aiogram/dispatcher/router.py", line 161, in propagate_event
    return await observer.wrap_outer_middleware(_wrapped, event=event, data=kwargs)
           ^^^^^^^^^^^^^^^^^^^^^^^^^^^^^^^^^^^^^^^^^^^^^^^^^^^^^^^^^^^^^^^^^^^^^^^^
  File "/home/yuksal21/virtualenv/maestro.yuksalishbot.uz/3.12/lib/python3.12/site-packages/aiogram/dispatcher/router.py", line 153, in _wrapped
    return await self._propagate_event(
           ^^^^^^^^^^^^^^^^^^^^^^^^^^^^
  File "/home/yuksal21/virtualenv/maestro.yuksalishbot.uz/3.12/lib/python3.12/site-packages/aiogram/dispatcher/router.py", line 181, in _propagate_event
    response = await observer.trigger(event, **kwargs)
               ^^^^^^^^^^^^^^^^^^^^^^^^^^^^^^^^^^^^^^^
  File "/home/yuksal21/virtualenv/maestro.yuksalishbot.uz/3.12/lib/python3.12/site-packages/aiogram/dispatcher/event/telegram.py", line 126, in trigger
    return await wrapped_inner(event, kwargs)
           ^^^^^^^^^^^^^^^^^^^^^^^^^^^^^^^^^^
  File "/home/yuksal21/virtualenv/maestro.yuksalishbot.uz/3.12/lib/python3.12/site-packages/aiogram/dispatcher/event/handler.py", line 71, in call
    return await wrapped()
           ^^^^^^^^^^^^^^^
  File "/home/yuksal21/maestro.yuksalishbot.uz/bot.py", line 979, in booking_start_menu
    user = await ensure_registered_message(message)
           ^^^^^^^^^^^^^^^^^^^^^^^^^^^^^^^^^^^^^^^^
  File "/home/yuksal21/maestro.yuksalishbot.uz/bot.py", line 611, in ensure_registered_message
    user = await get_user_by_telegram_id(message.from_user.id)
           ^^^^^^^^^^^^^^^^^^^^^^^^^^^^^^^^^^^^^^^^^^^^^^^^^^^
  File "/home/yuksal21/maestro.yuksalishbot.uz/bot.py", line 544, in get_user_by_telegram_id
    return await session.scalar(select(db.User).where(db.User.telegram_id == telegram_id))
           ^^^^^^^^^^^^^^^^^^^^^^^^^^^^^^^^^^^^^^^^^^^^^^^^^^^^^^^^^^^^^^^^^^^^^^^^^^^^^^^
  File "/home/yuksal21/virtualenv/maestro.yuksalishbot.uz/3.12/lib64/python3.12/site-packages/sqlalchemy/ext/asyncio/session.py", line 505, in scalar
    return await greenlet_spawn(
           ^^^^^^^^^^^^^^^^^^^^^
  File "/home/yuksal21/virtualenv/maestro.yuksalishbot.uz/3.12/lib64/python3.12/site-packages/sqlalchemy/util/_concurrency_py3k.py", line 203, in greenlet_spawn
    result = context.switch(value)
             ^^^^^^^^^^^^^^^^^^^^^
  File "/home/yuksal21/virtualenv/maestro.yuksalishbot.uz/3.12/lib64/python3.12/site-packages/sqlalchemy/orm/session.py", line 2399, in scalar
    return self._execute_internal(
           ^^^^^^^^^^^^^^^^^^^^^^^
  File "/home/yuksal21/virtualenv/maestro.yuksalishbot.uz/3.12/lib64/python3.12/site-packages/sqlalchemy/orm/session.py", line 2249, in _execute_internal
    result: Result[Any] = compile_state_cls.orm_execute_statement(
                          ^^^^^^^^^^^^^^^^^^^^^^^^^^^^^^^^^^^^^^^^
  File "/home/yuksal21/virtualenv/maestro.yuksalishbot.uz/3.12/lib64/python3.12/site-packages/sqlalchemy/orm/context.py", line 306, in orm_execute_statement
    result = conn.execute(
             ^^^^^^^^^^^^^
  File "/home/yuksal21/virtualenv/maestro.yuksalishbot.uz/3.12/lib64/python3.12/site-packages/sqlalchemy/engine/base.py", line 1419, in execute
    return meth(
           ^^^^^
  File "/home/yuksal21/virtualenv/maestro.yuksalishbot.uz/3.12/lib64/python3.12/site-packages/sqlalchemy/sql/elements.py", line 527, in _execute_on_connection
    return connection._execute_clauseelement(
           ^^^^^^^^^^^^^^^^^^^^^^^^^^^^^^^^^^
  File "/home/yuksal21/virtualenv/maestro.yuksalishbot.uz/3.12/lib64/python3.12/site-packages/sqlalchemy/engine/base.py", line 1641, in _execute_clauseelement
    ret = self._execute_context(
          ^^^^^^^^^^^^^^^^^^^^^^
  File "/home/yuksal21/virtualenv/maestro.yuksalishbot.uz/3.12/lib64/python3.12/site-packages/sqlalchemy/engine/base.py", line 1846, in _execute_context
    return self._exec_single_context(
           ^^^^^^^^^^^^^^^^^^^^^^^^^^
  File "/home/yuksal21/virtualenv/maestro.yuksalishbot.uz/3.12/lib64/python3.12/site-packages/sqlalchemy/engine/base.py", line 1986, in _exec_single_context
    self._handle_dbapi_exception(
  File "/home/yuksal21/virtualenv/maestro.yuksalishbot.uz/3.12/lib64/python3.12/site-packages/sqlalchemy/engine/base.py", line 2363, in _handle_dbapi_exception
    raise sqlalchemy_exception.with_traceback(exc_info[2]) from e
  File "/home/yuksal21/virtualenv/maestro.yuksalishbot.uz/3.12/lib64/python3.12/site-packages/sqlalchemy/engine/base.py", line 1967, in _exec_single_context
    self.dialect.do_execute(
  File "/home/yuksal21/virtualenv/maestro.yuksalishbot.uz/3.12/lib64/python3.12/site-packages/sqlalchemy/engine/default.py", line 952, in do_execute
    cursor.execute(statement, parameters)
  File "/home/yuksal21/virtualenv/maestro.yuksalishbot.uz/3.12/lib64/python3.12/site-packages/sqlalchemy/connectors/asyncio.py", line 230, in execute
    self._adapt_connection._handle_exception(error)
  File "/home/yuksal21/virtualenv/maestro.yuksalishbot.uz/3.12/lib64/python3.12/site-packages/sqlalchemy/connectors/asyncio.py", line 368, in _handle_exception
    raise error.with_traceback(exc_info[2])
  File "/home/yuksal21/virtualenv/maestro.yuksalishbot.uz/3.12/lib64/python3.12/site-packages/sqlalchemy/connectors/asyncio.py", line 228, in execute
    return self.await_(self._execute_async(operation, parameters))
           ^^^^^^^^^^^^^^^^^^^^^^^^^^^^^^^^^^^^^^^^^^^^^^^^^^^^^^^
  File "/home/yuksal21/virtualenv/maestro.yuksalishbot.uz/3.12/lib64/python3.12/site-packages/sqlalchemy/util/_concurrency_py3k.py", line 132, in await_only
    return current.parent.switch(awaitable)  # type: ignore[no-any-return,attr-defined] # noqa: E501
           ^^^^^^^^^^^^^^^^^^^^^^^^^^^^^^^^
  File "/home/yuksal21/virtualenv/maestro.yuksalishbot.uz/3.12/lib64/python3.12/site-packages/sqlalchemy/util/_concurrency_py3k.py", line 196, in greenlet_spawn
    value = await result
            ^^^^^^^^^^^^
  File "/home/yuksal21/virtualenv/maestro.yuksalishbot.uz/3.12/lib64/python3.12/site-packages/sqlalchemy/connectors/asyncio.py", line 251, in _execute_async
    result = await self._cursor.execute(operation, parameters)
             ^^^^^^^^^^^^^^^^^^^^^^^^^^^^^^^^^^^^^^^^^^^^^^^^^
  File "/home/yuksal21/virtualenv/maestro.yuksalishbot.uz/3.12/lib/python3.12/site-packages/aiomysql/cursors.py", line 239, in execute
    await self._query(query)
  File "/home/yuksal21/virtualenv/maestro.yuksalishbot.uz/3.12/lib/python3.12/site-packages/aiomysql/cursors.py", line 457, in _query
    await conn.query(q)
  File "/home/yuksal21/virtualenv/maestro.yuksalishbot.uz/3.12/lib/python3.12/site-packages/aiomysql/connection.py", line 469, in query
    await self._read_query_result(unbuffered=unbuffered)
  File "/home/yuksal21/virtualenv/maestro.yuksalishbot.uz/3.12/lib/python3.12/site-packages/aiomysql/connection.py", line 683, in _read_query_result
    await result.read()
  File "/home/yuksal21/virtualenv/maestro.yuksalishbot.uz/3.12/lib/python3.12/site-packages/aiomysql/connection.py", line 1164, in read
    first_packet = await self.connection._read_packet()
                   ^^^^^^^^^^^^^^^^^^^^^^^^^^^^^^^^^^^^
  File "/home/yuksal21/virtualenv/maestro.yuksalishbot.uz/3.12/lib/python3.12/site-packages/aiomysql/connection.py", line 609, in _read_packet
    packet_header = await self._read_bytes(4)
                    ^^^^^^^^^^^^^^^^^^^^^^^^^
  File "/home/yuksal21/virtualenv/maestro.yuksalishbot.uz/3.12/lib/python3.12/site-packages/aiomysql/connection.py", line 661, in _read_bytes
    raise OperationalError(CR.CR_SERVER_LOST, msg) from e
sqlalchemy.exc.OperationalError: (pymysql.err.OperationalError) (2013, 'Lost connection to MySQL server during query')
[SQL: SELECT users.id, users.telegram_id, users.first_name, users.phone_number, users.language_code, users.role, users.subscription_until, users.is_active 
FROM users 
WHERE users.telegram_id = %s]
[parameters: (5560947809,)]
(Background on this error at: https://sqlalche.me/e/20/e3q8)
INFO:aiogram.event:Update id=863691998 is handled. Duration 134 ms by bot id=8403442567
INFO:aiogram.event:Update id=863691999 is not handled. Duration 1 ms by bot id=8403442567
ERROR:aiogram.event:Cause exception while process update id=863691999 by bot id=8403442567
OperationalError: (pymysql.err.OperationalError) (2013, 'Lost connection to MySQL server during query')
[SQL: SELECT users.id, users.telegram_id, users.first_name, users.phone_number, users.language_code, users.role, users.subscription_until, users.is_active 
FROM users 
WHERE users.telegram_id = %s]
[parameters: (372688693,)]
(Background on this error at: https://sqlalche.me/e/20/e3q8)
Traceback (most recent call last):
  File "/home/yuksal21/virtualenv/maestro.yuksalishbot.uz/3.12/lib/python3.12/site-packages/aiomysql/connection.py", line 657, in _read_bytes
    data = await self._reader.readexactly(num_bytes)
           ^^^^^^^^^^^^^^^^^^^^^^^^^^^^^^^^^^^^^^^^^
  File "/opt/alt/python312/lib64/python3.12/asyncio/streams.py", line 750, in readexactly
    raise exceptions.IncompleteReadError(incomplete, n)
asyncio.exceptions.IncompleteReadError: 0 bytes read on a total of 4 expected bytes

The above exception was the direct cause of the following exception:

Traceback (most recent call last):
  File "/home/yuksal21/virtualenv/maestro.yuksalishbot.uz/3.12/lib64/python3.12/site-packages/sqlalchemy/engine/base.py", line 1967, in _exec_single_context
    self.dialect.do_execute(
  File "/home/yuksal21/virtualenv/maestro.yuksalishbot.uz/3.12/lib64/python3.12/site-packages/sqlalchemy/engine/default.py", line 952, in do_execute
    cursor.execute(statement, parameters)
  File "/home/yuksal21/virtualenv/maestro.yuksalishbot.uz/3.12/lib64/python3.12/site-packages/sqlalchemy/connectors/asyncio.py", line 230, in execute
    self._adapt_connection._handle_exception(error)
  File "/home/yuksal21/virtualenv/maestro.yuksalishbot.uz/3.12/lib64/python3.12/site-packages/sqlalchemy/connectors/asyncio.py", line 368, in _handle_exception
    raise error.with_traceback(exc_info[2])
  File "/home/yuksal21/virtualenv/maestro.yuksalishbot.uz/3.12/lib64/python3.12/site-packages/sqlalchemy/connectors/asyncio.py", line 228, in execute
    return self.await_(self._execute_async(operation, parameters))
           ^^^^^^^^^^^^^^^^^^^^^^^^^^^^^^^^^^^^^^^^^^^^^^^^^^^^^^^
  File "/home/yuksal21/virtualenv/maestro.yuksalishbot.uz/3.12/lib64/python3.12/site-packages/sqlalchemy/util/_concurrency_py3k.py", line 132, in await_only
    return current.parent.switch(awaitable)  # type: ignore[no-any-return,attr-defined] # noqa: E501
           ^^^^^^^^^^^^^^^^^^^^^^^^^^^^^^^^
  File "/home/yuksal21/virtualenv/maestro.yuksalishbot.uz/3.12/lib64/python3.12/site-packages/sqlalchemy/util/_concurrency_py3k.py", line 196, in greenlet_spawn
    value = await result
            ^^^^^^^^^^^^
  File "/home/yuksal21/virtualenv/maestro.yuksalishbot.uz/3.12/lib64/python3.12/site-packages/sqlalchemy/connectors/asyncio.py", line 251, in _execute_async
    result = await self._cursor.execute(operation, parameters)
             ^^^^^^^^^^^^^^^^^^^^^^^^^^^^^^^^^^^^^^^^^^^^^^^^^
  File "/home/yuksal21/virtualenv/maestro.yuksalishbot.uz/3.12/lib/python3.12/site-packages/aiomysql/cursors.py", line 239, in execute
    await self._query(query)
  File "/home/yuksal21/virtualenv/maestro.yuksalishbot.uz/3.12/lib/python3.12/site-packages/aiomysql/cursors.py", line 457, in _query
    await conn.query(q)
  File "/home/yuksal21/virtualenv/maestro.yuksalishbot.uz/3.12/lib/python3.12/site-packages/aiomysql/connection.py", line 469, in query
    await self._read_query_result(unbuffered=unbuffered)
  File "/home/yuksal21/virtualenv/maestro.yuksalishbot.uz/3.12/lib/python3.12/site-packages/aiomysql/connection.py", line 683, in _read_query_result
    await result.read()
  File "/home/yuksal21/virtualenv/maestro.yuksalishbot.uz/3.12/lib/python3.12/site-packages/aiomysql/connection.py", line 1164, in read
    first_packet = await self.connection._read_packet()
                   ^^^^^^^^^^^^^^^^^^^^^^^^^^^^^^^^^^^^
  File "/home/yuksal21/virtualenv/maestro.yuksalishbot.uz/3.12/lib/python3.12/site-packages/aiomysql/connection.py", line 609, in _read_packet
    packet_header = await self._read_bytes(4)
                    ^^^^^^^^^^^^^^^^^^^^^^^^^
  File "/home/yuksal21/virtualenv/maestro.yuksalishbot.uz/3.12/lib/python3.12/site-packages/aiomysql/connection.py", line 661, in _read_bytes
    raise OperationalError(CR.CR_SERVER_LOST, msg) from e
pymysql.err.OperationalError: (2013, 'Lost connection to MySQL server during query')

The above exception was the direct cause of the following exception:

Traceback (most recent call last):
  File "/home/yuksal21/virtualenv/maestro.yuksalishbot.uz/3.12/lib/python3.12/site-packages/aiogram/dispatcher/dispatcher.py", line 320, in _process_update
    response = await self.feed_update(bot, update, **kwargs)
               ^^^^^^^^^^^^^^^^^^^^^^^^^^^^^^^^^^^^^^^^^^^^^
  File "/home/yuksal21/virtualenv/maestro.yuksalishbot.uz/3.12/lib/python3.12/site-packages/aiogram/dispatcher/dispatcher.py", line 164, in feed_update
    response = await self.update.wrap_outer_middleware(
               ^^^^^^^^^^^^^^^^^^^^^^^^^^^^^^^^^^^^^^^^
  File "/home/yuksal21/virtualenv/maestro.yuksalishbot.uz/3.12/lib/python3.12/site-packages/aiogram/dispatcher/middlewares/error.py", line 27, in __call__
    return await handler(event, data)
           ^^^^^^^^^^^^^^^^^^^^^^^^^^
  File "/home/yuksal21/virtualenv/maestro.yuksalishbot.uz/3.12/lib/python3.12/site-packages/aiogram/dispatcher/middlewares/user_context.py", line 58, in __call__
    return await handler(event, data)
           ^^^^^^^^^^^^^^^^^^^^^^^^^^
  File "/home/yuksal21/virtualenv/maestro.yuksalishbot.uz/3.12/lib/python3.12/site-packages/aiogram/fsm/middleware.py", line 43, in __call__
    return await handler(event, data)
           ^^^^^^^^^^^^^^^^^^^^^^^^^^
  File "/home/yuksal21/virtualenv/maestro.yuksalishbot.uz/3.12/lib/python3.12/site-packages/aiogram/dispatcher/event/telegram.py", line 126, in trigger
    return await wrapped_inner(event, kwargs)
           ^^^^^^^^^^^^^^^^^^^^^^^^^^^^^^^^^^
  File "/home/yuksal21/virtualenv/maestro.yuksalishbot.uz/3.12/lib/python3.12/site-packages/aiogram/dispatcher/event/handler.py", line 71, in call
    return await wrapped()
           ^^^^^^^^^^^^^^^
  File "/home/yuksal21/virtualenv/maestro.yuksalishbot.uz/3.12/lib/python3.12/site-packages/aiogram/dispatcher/dispatcher.py", line 283, in _listen_update
    return await self.propagate_event(update_type=update_type, event=event, **kwargs)
           ^^^^^^^^^^^^^^^^^^^^^^^^^^^^^^^^^^^^^^^^^^^^^^^^^^^^^^^^^^^^^^^^^^^^^^^^^^
  File "/home/yuksal21/virtualenv/maestro.yuksalishbot.uz/3.12/lib/python3.12/site-packages/aiogram/dispatcher/router.py", line 161, in propagate_event
    return await observer.wrap_outer_middleware(_wrapped, event=event, data=kwargs)
           ^^^^^^^^^^^^^^^^^^^^^^^^^^^^^^^^^^^^^^^^^^^^^^^^^^^^^^^^^^^^^^^^^^^^^^^^
  File "/home/yuksal21/virtualenv/maestro.yuksalishbot.uz/3.12/lib/python3.12/site-packages/aiogram/dispatcher/router.py", line 153, in _wrapped
    return await self._propagate_event(
           ^^^^^^^^^^^^^^^^^^^^^^^^^^^^
  File "/home/yuksal21/virtualenv/maestro.yuksalishbot.uz/3.12/lib/python3.12/site-packages/aiogram/dispatcher/router.py", line 181, in _propagate_event
    response = await observer.trigger(event, **kwargs)
               ^^^^^^^^^^^^^^^^^^^^^^^^^^^^^^^^^^^^^^^
  File "/home/yuksal21/virtualenv/maestro.yuksalishbot.uz/3.12/lib/python3.12/site-packages/aiogram/dispatcher/event/telegram.py", line 126, in trigger
    return await wrapped_inner(event, kwargs)
           ^^^^^^^^^^^^^^^^^^^^^^^^^^^^^^^^^^
  File "/home/yuksal21/virtualenv/maestro.yuksalishbot.uz/3.12/lib/python3.12/site-packages/aiogram/dispatcher/event/handler.py", line 71, in call
    return await wrapped()
           ^^^^^^^^^^^^^^^
  File "/home/yuksal21/maestro.yuksalishbot.uz/bot.py", line 979, in booking_start_menu
    user = await ensure_registered_message(message)
           ^^^^^^^^^^^^^^^^^^^^^^^^^^^^^^^^^^^^^^^^
  File "/home/yuksal21/maestro.yuksalishbot.uz/bot.py", line 611, in ensure_registered_message
    user = await get_user_by_telegram_id(message.from_user.id)
           ^^^^^^^^^^^^^^^^^^^^^^^^^^^^^^^^^^^^^^^^^^^^^^^^^^^
  File "/home/yuksal21/maestro.yuksalishbot.uz/bot.py", line 544, in get_user_by_telegram_id
    return await session.scalar(select(db.User).where(db.User.telegram_id == telegram_id))
           ^^^^^^^^^^^^^^^^^^^^^^^^^^^^^^^^^^^^^^^^^^^^^^^^^^^^^^^^^^^^^^^^^^^^^^^^^^^^^^^
  File "/home/yuksal21/virtualenv/maestro.yuksalishbot.uz/3.12/lib64/python3.12/site-packages/sqlalchemy/ext/asyncio/session.py", line 505, in scalar
    return await greenlet_spawn(
           ^^^^^^^^^^^^^^^^^^^^^
  File "/home/yuksal21/virtualenv/maestro.yuksalishbot.uz/3.12/lib64/python3.12/site-packages/sqlalchemy/util/_concurrency_py3k.py", line 203, in greenlet_spawn
    result = context.switch(value)
             ^^^^^^^^^^^^^^^^^^^^^
  File "/home/yuksal21/virtualenv/maestro.yuksalishbot.uz/3.12/lib64/python3.12/site-packages/sqlalchemy/orm/session.py", line 2399, in scalar
    return self._execute_internal(
           ^^^^^^^^^^^^^^^^^^^^^^^
  File "/home/yuksal21/virtualenv/maestro.yuksalishbot.uz/3.12/lib64/python3.12/site-packages/sqlalchemy/orm/session.py", line 2249, in _execute_internal
    result: Result[Any] = compile_state_cls.orm_execute_statement(
                          ^^^^^^^^^^^^^^^^^^^^^^^^^^^^^^^^^^^^^^^^
  File "/home/yuksal21/virtualenv/maestro.yuksalishbot.uz/3.12/lib64/python3.12/site-packages/sqlalchemy/orm/context.py", line 306, in orm_execute_statement
    result = conn.execute(
             ^^^^^^^^^^^^^
  File "/home/yuksal21/virtualenv/maestro.yuksalishbot.uz/3.12/lib64/python3.12/site-packages/sqlalchemy/engine/base.py", line 1419, in execute
    return meth(
           ^^^^^
  File "/home/yuksal21/virtualenv/maestro.yuksalishbot.uz/3.12/lib64/python3.12/site-packages/sqlalchemy/sql/elements.py", line 527, in _execute_on_connection
    return connection._execute_clauseelement(
           ^^^^^^^^^^^^^^^^^^^^^^^^^^^^^^^^^^
  File "/home/yuksal21/virtualenv/maestro.yuksalishbot.uz/3.12/lib64/python3.12/site-packages/sqlalchemy/engine/base.py", line 1641, in _execute_clauseelement
    ret = self._execute_context(
          ^^^^^^^^^^^^^^^^^^^^^^
  File "/home/yuksal21/virtualenv/maestro.yuksalishbot.uz/3.12/lib64/python3.12/site-packages/sqlalchemy/engine/base.py", line 1846, in _execute_context
    return self._exec_single_context(
           ^^^^^^^^^^^^^^^^^^^^^^^^^^
  File "/home/yuksal21/virtualenv/maestro.yuksalishbot.uz/3.12/lib64/python3.12/site-packages/sqlalchemy/engine/base.py", line 1986, in _exec_single_context
    self._handle_dbapi_exception(
  File "/home/yuksal21/virtualenv/maestro.yuksalishbot.uz/3.12/lib64/python3.12/site-packages/sqlalchemy/engine/base.py", line 2363, in _handle_dbapi_exception
    raise sqlalchemy_exception.with_traceback(exc_info[2]) from e
  File "/home/yuksal21/virtualenv/maestro.yuksalishbot.uz/3.12/lib64/python3.12/site-packages/sqlalchemy/engine/base.py", line 1967, in _exec_single_context
    self.dialect.do_execute(
  File "/home/yuksal21/virtualenv/maestro.yuksalishbot.uz/3.12/lib64/python3.12/site-packages/sqlalchemy/engine/default.py", line 952, in do_execute
    cursor.execute(statement, parameters)
  File "/home/yuksal21/virtualenv/maestro.yuksalishbot.uz/3.12/lib64/python3.12/site-packages/sqlalchemy/connectors/asyncio.py", line 230, in execute
    self._adapt_connection._handle_exception(error)
  File "/home/yuksal21/virtualenv/maestro.yuksalishbot.uz/3.12/lib64/python3.12/site-packages/sqlalchemy/connectors/asyncio.py", line 368, in _handle_exception
    raise error.with_traceback(exc_info[2])
  File "/home/yuksal21/virtualenv/maestro.yuksalishbot.uz/3.12/lib64/python3.12/site-packages/sqlalchemy/connectors/asyncio.py", line 228, in execute
    return self.await_(self._execute_async(operation, parameters))
           ^^^^^^^^^^^^^^^^^^^^^^^^^^^^^^^^^^^^^^^^^^^^^^^^^^^^^^^
  File "/home/yuksal21/virtualenv/maestro.yuksalishbot.uz/3.12/lib64/python3.12/site-packages/sqlalchemy/util/_concurrency_py3k.py", line 132, in await_only
    return current.parent.switch(awaitable)  # type: ignore[no-any-return,attr-defined] # noqa: E501
           ^^^^^^^^^^^^^^^^^^^^^^^^^^^^^^^^
  File "/home/yuksal21/virtualenv/maestro.yuksalishbot.uz/3.12/lib64/python3.12/site-packages/sqlalchemy/util/_concurrency_py3k.py", line 196, in greenlet_spawn
    value = await result
            ^^^^^^^^^^^^
  File "/home/yuksal21/virtualenv/maestro.yuksalishbot.uz/3.12/lib64/python3.12/site-packages/sqlalchemy/connectors/asyncio.py", line 251, in _execute_async
    result = await self._cursor.execute(operation, parameters)
             ^^^^^^^^^^^^^^^^^^^^^^^^^^^^^^^^^^^^^^^^^^^^^^^^^
  File "/home/yuksal21/virtualenv/maestro.yuksalishbot.uz/3.12/lib/python3.12/site-packages/aiomysql/cursors.py", line 239, in execute
    await self._query(query)
  File "/home/yuksal21/virtualenv/maestro.yuksalishbot.uz/3.12/lib/python3.12/site-packages/aiomysql/cursors.py", line 457, in _query
    await conn.query(q)
  File "/home/yuksal21/virtualenv/maestro.yuksalishbot.uz/3.12/lib/python3.12/site-packages/aiomysql/connection.py", line 469, in query
    await self._read_query_result(unbuffered=unbuffered)
  File "/home/yuksal21/virtualenv/maestro.yuksalishbot.uz/3.12/lib/python3.12/site-packages/aiomysql/connection.py", line 683, in _read_query_result
    await result.read()
  File "/home/yuksal21/virtualenv/maestro.yuksalishbot.uz/3.12/lib/python3.12/site-packages/aiomysql/connection.py", line 1164, in read
    first_packet = await self.connection._read_packet()
                   ^^^^^^^^^^^^^^^^^^^^^^^^^^^^^^^^^^^^
  File "/home/yuksal21/virtualenv/maestro.yuksalishbot.uz/3.12/lib/python3.12/site-packages/aiomysql/connection.py", line 609, in _read_packet
    packet_header = await self._read_bytes(4)
                    ^^^^^^^^^^^^^^^^^^^^^^^^^
  File "/home/yuksal21/virtualenv/maestro.yuksalishbot.uz/3.12/lib/python3.12/site-packages/aiomysql/connection.py", line 661, in _read_bytes
    raise OperationalError(CR.CR_SERVER_LOST, msg) from e
sqlalchemy.exc.OperationalError: (pymysql.err.OperationalError) (2013, 'Lost connection to MySQL server during query')
[SQL: SELECT users.id, users.telegram_id, users.first_name, users.phone_number, users.language_code, users.role, users.subscription_until, users.is_active 
FROM users 
WHERE users.telegram_id = %s]
[parameters: (372688693,)]
(Background on this error at: https://sqlalche.me/e/20/e3q8)
INFO:aiogram.event:Update id=863692000 is handled. Duration 141 ms by bot id=8403442567
INFO:apscheduler.scheduler:Adding job tentatively -- it will be properly scheduled when the scheduler starts
INFO:apscheduler.scheduler:Adding job tentatively -- it will be properly scheduled when the scheduler starts
INFO:apscheduler.scheduler:Adding job tentatively -- it will be properly scheduled when the scheduler starts
INFO:apscheduler.scheduler:Added job "check_reminders" to job store "default"
INFO:apscheduler.scheduler:Added job "check_follow_ups" to job store "default"
INFO:apscheduler.scheduler:Added job "check_subscription_expiry" to job store "default"
INFO:apscheduler.scheduler:Scheduler started
INFO:aiogram.dispatcher:Start polling
INFO:aiogram.dispatcher:Run polling for bot @barberstashkentbot id=8403442567 - 'MAESTRO'
INFO:aiogram.event:Update id=863692001 is handled. Duration 332 ms by bot id=8403442567
INFO:aiogram.event:Update id=863692002 is not handled. Duration 3 ms by bot id=8403442567
ERROR:aiogram.event:Cause exception while process update id=863692002 by bot id=8403442567
OperationalError: (pymysql.err.OperationalError) (2013, 'Lost connection to MySQL server during query')
[SQL: SELECT users.id, users.telegram_id, users.first_name, users.phone_number, users.language_code, users.role, users.subscription_until, users.is_active 
FROM users 
WHERE users.telegram_id = %s]
[parameters: (372688693,)]
(Background on this error at: https://sqlalche.me/e/20/e3q8)
Traceback (most recent call last):
  File "/home/yuksal21/virtualenv/maestro.yuksalishbot.uz/3.12/lib/python3.12/site-packages/aiomysql/connection.py", line 657, in _read_bytes
    data = await self._reader.readexactly(num_bytes)
           ^^^^^^^^^^^^^^^^^^^^^^^^^^^^^^^^^^^^^^^^^
  File "/opt/alt/python312/lib64/python3.12/asyncio/streams.py", line 750, in readexactly
    raise exceptions.IncompleteReadError(incomplete, n)
asyncio.exceptions.IncompleteReadError: 0 bytes read on a total of 4 expected bytes

The above exception was the direct cause of the following exception:

Traceback (most recent call last):
  File "/home/yuksal21/virtualenv/maestro.yuksalishbot.uz/3.12/lib64/python3.12/site-packages/sqlalchemy/engine/base.py", line 1967, in _exec_single_context
    self.dialect.do_execute(
  File "/home/yuksal21/virtualenv/maestro.yuksalishbot.uz/3.12/lib64/python3.12/site-packages/sqlalchemy/engine/default.py", line 952, in do_execute
    cursor.execute(statement, parameters)
  File "/home/yuksal21/virtualenv/maestro.yuksalishbot.uz/3.12/lib64/python3.12/site-packages/sqlalchemy/connectors/asyncio.py", line 230, in execute
    self._adapt_connection._handle_exception(error)
  File "/home/yuksal21/virtualenv/maestro.yuksalishbot.uz/3.12/lib64/python3.12/site-packages/sqlalchemy/connectors/asyncio.py", line 368, in _handle_exception
    raise error.with_traceback(exc_info[2])
  File "/home/yuksal21/virtualenv/maestro.yuksalishbot.uz/3.12/lib64/python3.12/site-packages/sqlalchemy/connectors/asyncio.py", line 228, in execute
    return self.await_(self._execute_async(operation, parameters))
           ^^^^^^^^^^^^^^^^^^^^^^^^^^^^^^^^^^^^^^^^^^^^^^^^^^^^^^^
  File "/home/yuksal21/virtualenv/maestro.yuksalishbot.uz/3.12/lib64/python3.12/site-packages/sqlalchemy/util/_concurrency_py3k.py", line 132, in await_only
    return current.parent.switch(awaitable)  # type: ignore[no-any-return,attr-defined] # noqa: E501
           ^^^^^^^^^^^^^^^^^^^^^^^^^^^^^^^^
  File "/home/yuksal21/virtualenv/maestro.yuksalishbot.uz/3.12/lib64/python3.12/site-packages/sqlalchemy/util/_concurrency_py3k.py", line 196, in greenlet_spawn
    value = await result
            ^^^^^^^^^^^^
  File "/home/yuksal21/virtualenv/maestro.yuksalishbot.uz/3.12/lib64/python3.12/site-packages/sqlalchemy/connectors/asyncio.py", line 251, in _execute_async
    result = await self._cursor.execute(operation, parameters)
             ^^^^^^^^^^^^^^^^^^^^^^^^^^^^^^^^^^^^^^^^^^^^^^^^^
  File "/home/yuksal21/virtualenv/maestro.yuksalishbot.uz/3.12/lib/python3.12/site-packages/aiomysql/cursors.py", line 239, in execute
    await self._query(query)
  File "/home/yuksal21/virtualenv/maestro.yuksalishbot.uz/3.12/lib/python3.12/site-packages/aiomysql/cursors.py", line 457, in _query
    await conn.query(q)
  File "/home/yuksal21/virtualenv/maestro.yuksalishbot.uz/3.12/lib/python3.12/site-packages/aiomysql/connection.py", line 469, in query
    await self._read_query_result(unbuffered=unbuffered)
  File "/home/yuksal21/virtualenv/maestro.yuksalishbot.uz/3.12/lib/python3.12/site-packages/aiomysql/connection.py", line 683, in _read_query_result
    await result.read()
  File "/home/yuksal21/virtualenv/maestro.yuksalishbot.uz/3.12/lib/python3.12/site-packages/aiomysql/connection.py", line 1164, in read
    first_packet = await self.connection._read_packet()
                   ^^^^^^^^^^^^^^^^^^^^^^^^^^^^^^^^^^^^
  File "/home/yuksal21/virtualenv/maestro.yuksalishbot.uz/3.12/lib/python3.12/site-packages/aiomysql/connection.py", line 609, in _read_packet
    packet_header = await self._read_bytes(4)
                    ^^^^^^^^^^^^^^^^^^^^^^^^^
  File "/home/yuksal21/virtualenv/maestro.yuksalishbot.uz/3.12/lib/python3.12/site-packages/aiomysql/connection.py", line 661, in _read_bytes
    raise OperationalError(CR.CR_SERVER_LOST, msg) from e
pymysql.err.OperationalError: (2013, 'Lost connection to MySQL server during query')

The above exception was the direct cause of the following exception:

Traceback (most recent call last):
  File "/home/yuksal21/virtualenv/maestro.yuksalishbot.uz/3.12/lib/python3.12/site-packages/aiogram/dispatcher/dispatcher.py", line 320, in _process_update
    response = await self.feed_update(bot, update, **kwargs)
               ^^^^^^^^^^^^^^^^^^^^^^^^^^^^^^^^^^^^^^^^^^^^^
  File "/home/yuksal21/virtualenv/maestro.yuksalishbot.uz/3.12/lib/python3.12/site-packages/aiogram/dispatcher/dispatcher.py", line 164, in feed_update
    response = await self.update.wrap_outer_middleware(
               ^^^^^^^^^^^^^^^^^^^^^^^^^^^^^^^^^^^^^^^^
  File "/home/yuksal21/virtualenv/maestro.yuksalishbot.uz/3.12/lib/python3.12/site-packages/aiogram/dispatcher/middlewares/error.py", line 27, in __call__
    return await handler(event, data)
           ^^^^^^^^^^^^^^^^^^^^^^^^^^
  File "/home/yuksal21/virtualenv/maestro.yuksalishbot.uz/3.12/lib/python3.12/site-packages/aiogram/dispatcher/middlewares/user_context.py", line 58, in __call__
    return await handler(event, data)
           ^^^^^^^^^^^^^^^^^^^^^^^^^^
  File "/home/yuksal21/virtualenv/maestro.yuksalishbot.uz/3.12/lib/python3.12/site-packages/aiogram/fsm/middleware.py", line 43, in __call__
    return await handler(event, data)
           ^^^^^^^^^^^^^^^^^^^^^^^^^^
  File "/home/yuksal21/virtualenv/maestro.yuksalishbot.uz/3.12/lib/python3.12/site-packages/aiogram/dispatcher/event/telegram.py", line 126, in trigger
    return await wrapped_inner(event, kwargs)
           ^^^^^^^^^^^^^^^^^^^^^^^^^^^^^^^^^^
  File "/home/yuksal21/virtualenv/maestro.yuksalishbot.uz/3.12/lib/python3.12/site-packages/aiogram/dispatcher/event/handler.py", line 71, in call
    return await wrapped()
           ^^^^^^^^^^^^^^^
  File "/home/yuksal21/virtualenv/maestro.yuksalishbot.uz/3.12/lib/python3.12/site-packages/aiogram/dispatcher/dispatcher.py", line 283, in _listen_update
    return await self.propagate_event(update_type=update_type, event=event, **kwargs)
           ^^^^^^^^^^^^^^^^^^^^^^^^^^^^^^^^^^^^^^^^^^^^^^^^^^^^^^^^^^^^^^^^^^^^^^^^^^
  File "/home/yuksal21/virtualenv/maestro.yuksalishbot.uz/3.12/lib/python3.12/site-packages/aiogram/dispatcher/router.py", line 161, in propagate_event
    return await observer.wrap_outer_middleware(_wrapped, event=event, data=kwargs)
           ^^^^^^^^^^^^^^^^^^^^^^^^^^^^^^^^^^^^^^^^^^^^^^^^^^^^^^^^^^^^^^^^^^^^^^^^
  File "/home/yuksal21/virtualenv/maestro.yuksalishbot.uz/3.12/lib/python3.12/site-packages/aiogram/dispatcher/router.py", line 153, in _wrapped
    return await self._propagate_event(
           ^^^^^^^^^^^^^^^^^^^^^^^^^^^^
  File "/home/yuksal21/virtualenv/maestro.yuksalishbot.uz/3.12/lib/python3.12/site-packages/aiogram/dispatcher/router.py", line 181, in _propagate_event
    response = await observer.trigger(event, **kwargs)
               ^^^^^^^^^^^^^^^^^^^^^^^^^^^^^^^^^^^^^^^
  File "/home/yuksal21/virtualenv/maestro.yuksalishbot.uz/3.12/lib/python3.12/site-packages/aiogram/dispatcher/event/telegram.py", line 126, in trigger
    return await wrapped_inner(event, kwargs)
           ^^^^^^^^^^^^^^^^^^^^^^^^^^^^^^^^^^
  File "/home/yuksal21/virtualenv/maestro.yuksalishbot.uz/3.12/lib/python3.12/site-packages/aiogram/dispatcher/event/handler.py", line 71, in call
    return await wrapped()
           ^^^^^^^^^^^^^^^
  File "/home/yuksal21/maestro.yuksalishbot.uz/bot.py", line 979, in booking_start_menu
    user = await ensure_registered_message(message)
           ^^^^^^^^^^^^^^^^^^^^^^^^^^^^^^^^^^^^^^^^
  File "/home/yuksal21/maestro.yuksalishbot.uz/bot.py", line 611, in ensure_registered_message
    user = await get_user_by_telegram_id(message.from_user.id)
           ^^^^^^^^^^^^^^^^^^^^^^^^^^^^^^^^^^^^^^^^^^^^^^^^^^^
  File "/home/yuksal21/maestro.yuksalishbot.uz/bot.py", line 544, in get_user_by_telegram_id
    return await session.scalar(select(db.User).where(db.User.telegram_id == telegram_id))
           ^^^^^^^^^^^^^^^^^^^^^^^^^^^^^^^^^^^^^^^^^^^^^^^^^^^^^^^^^^^^^^^^^^^^^^^^^^^^^^^
  File "/home/yuksal21/virtualenv/maestro.yuksalishbot.uz/3.12/lib64/python3.12/site-packages/sqlalchemy/ext/asyncio/session.py", line 505, in scalar
    return await greenlet_spawn(
           ^^^^^^^^^^^^^^^^^^^^^
  File "/home/yuksal21/virtualenv/maestro.yuksalishbot.uz/3.12/lib64/python3.12/site-packages/sqlalchemy/util/_concurrency_py3k.py", line 203, in greenlet_spawn
    result = context.switch(value)
             ^^^^^^^^^^^^^^^^^^^^^
  File "/home/yuksal21/virtualenv/maestro.yuksalishbot.uz/3.12/lib64/python3.12/site-packages/sqlalchemy/orm/session.py", line 2399, in scalar
    return self._execute_internal(
           ^^^^^^^^^^^^^^^^^^^^^^^
  File "/home/yuksal21/virtualenv/maestro.yuksalishbot.uz/3.12/lib64/python3.12/site-packages/sqlalchemy/orm/session.py", line 2249, in _execute_internal
    result: Result[Any] = compile_state_cls.orm_execute_statement(
                          ^^^^^^^^^^^^^^^^^^^^^^^^^^^^^^^^^^^^^^^^
  File "/home/yuksal21/virtualenv/maestro.yuksalishbot.uz/3.12/lib64/python3.12/site-packages/sqlalchemy/orm/context.py", line 306, in orm_execute_statement
    result = conn.execute(
             ^^^^^^^^^^^^^
  File "/home/yuksal21/virtualenv/maestro.yuksalishbot.uz/3.12/lib64/python3.12/site-packages/sqlalchemy/engine/base.py", line 1419, in execute
    return meth(
           ^^^^^
  File "/home/yuksal21/virtualenv/maestro.yuksalishbot.uz/3.12/lib64/python3.12/site-packages/sqlalchemy/sql/elements.py", line 527, in _execute_on_connection
    return connection._execute_clauseelement(
           ^^^^^^^^^^^^^^^^^^^^^^^^^^^^^^^^^^
  File "/home/yuksal21/virtualenv/maestro.yuksalishbot.uz/3.12/lib64/python3.12/site-packages/sqlalchemy/engine/base.py", line 1641, in _execute_clauseelement
    ret = self._execute_context(
          ^^^^^^^^^^^^^^^^^^^^^^
  File "/home/yuksal21/virtualenv/maestro.yuksalishbot.uz/3.12/lib64/python3.12/site-packages/sqlalchemy/engine/base.py", line 1846, in _execute_context
    return self._exec_single_context(
           ^^^^^^^^^^^^^^^^^^^^^^^^^^
  File "/home/yuksal21/virtualenv/maestro.yuksalishbot.uz/3.12/lib64/python3.12/site-packages/sqlalchemy/engine/base.py", line 1986, in _exec_single_context
    self._handle_dbapi_exception(
  File "/home/yuksal21/virtualenv/maestro.yuksalishbot.uz/3.12/lib64/python3.12/site-packages/sqlalchemy/engine/base.py", line 2363, in _handle_dbapi_exception
    raise sqlalchemy_exception.with_traceback(exc_info[2]) from e
  File "/home/yuksal21/virtualenv/maestro.yuksalishbot.uz/3.12/lib64/python3.12/site-packages/sqlalchemy/engine/base.py", line 1967, in _exec_single_context
    self.dialect.do_execute(
  File "/home/yuksal21/virtualenv/maestro.yuksalishbot.uz/3.12/lib64/python3.12/site-packages/sqlalchemy/engine/default.py", line 952, in do_execute
    cursor.execute(statement, parameters)
  File "/home/yuksal21/virtualenv/maestro.yuksalishbot.uz/3.12/lib64/python3.12/site-packages/sqlalchemy/connectors/asyncio.py", line 230, in execute
    self._adapt_connection._handle_exception(error)
  File "/home/yuksal21/virtualenv/maestro.yuksalishbot.uz/3.12/lib64/python3.12/site-packages/sqlalchemy/connectors/asyncio.py", line 368, in _handle_exception
    raise error.with_traceback(exc_info[2])
  File "/home/yuksal21/virtualenv/maestro.yuksalishbot.uz/3.12/lib64/python3.12/site-packages/sqlalchemy/connectors/asyncio.py", line 228, in execute
    return self.await_(self._execute_async(operation, parameters))
           ^^^^^^^^^^^^^^^^^^^^^^^^^^^^^^^^^^^^^^^^^^^^^^^^^^^^^^^
  File "/home/yuksal21/virtualenv/maestro.yuksalishbot.uz/3.12/lib64/python3.12/site-packages/sqlalchemy/util/_concurrency_py3k.py", line 132, in await_only
    return current.parent.switch(awaitable)  # type: ignore[no-any-return,attr-defined] # noqa: E501
           ^^^^^^^^^^^^^^^^^^^^^^^^^^^^^^^^
  File "/home/yuksal21/virtualenv/maestro.yuksalishbot.uz/3.12/lib64/python3.12/site-packages/sqlalchemy/util/_concurrency_py3k.py", line 196, in greenlet_spawn
    value = await result
            ^^^^^^^^^^^^
  File "/home/yuksal21/virtualenv/maestro.yuksalishbot.uz/3.12/lib64/python3.12/site-packages/sqlalchemy/connectors/asyncio.py", line 251, in _execute_async
    result = await self._cursor.execute(operation, parameters)
             ^^^^^^^^^^^^^^^^^^^^^^^^^^^^^^^^^^^^^^^^^^^^^^^^^
  File "/home/yuksal21/virtualenv/maestro.yuksalishbot.uz/3.12/lib/python3.12/site-packages/aiomysql/cursors.py", line 239, in execute
    await self._query(query)
  File "/home/yuksal21/virtualenv/maestro.yuksalishbot.uz/3.12/lib/python3.12/site-packages/aiomysql/cursors.py", line 457, in _query
    await conn.query(q)
  File "/home/yuksal21/virtualenv/maestro.yuksalishbot.uz/3.12/lib/python3.12/site-packages/aiomysql/connection.py", line 469, in query
    await self._read_query_result(unbuffered=unbuffered)
  File "/home/yuksal21/virtualenv/maestro.yuksalishbot.uz/3.12/lib/python3.12/site-packages/aiomysql/connection.py", line 683, in _read_query_result
    await result.read()
  File "/home/yuksal21/virtualenv/maestro.yuksalishbot.uz/3.12/lib/python3.12/site-packages/aiomysql/connection.py", line 1164, in read
    first_packet = await self.connection._read_packet()
                   ^^^^^^^^^^^^^^^^^^^^^^^^^^^^^^^^^^^^
  File "/home/yuksal21/virtualenv/maestro.yuksalishbot.uz/3.12/lib/python3.12/site-packages/aiomysql/connection.py", line 609, in _read_packet
    packet_header = await self._read_bytes(4)
                    ^^^^^^^^^^^^^^^^^^^^^^^^^
  File "/home/yuksal21/virtualenv/maestro.yuksalishbot.uz/3.12/lib/python3.12/site-packages/aiomysql/connection.py", line 661, in _read_bytes
    raise OperationalError(CR.CR_SERVER_LOST, msg) from e
sqlalchemy.exc.OperationalError: (pymysql.err.OperationalError) (2013, 'Lost connection to MySQL server during query')
[SQL: SELECT users.id, users.telegram_id, users.first_name, users.phone_number, users.language_code, users.role, users.subscription_until, users.is_active 
FROM users 
WHERE users.telegram_id = %s]
[parameters: (372688693,)]
(Background on this error at: https://sqlalche.me/e/20/e3q8)
INFO:aiogram.event:Update id=863692003 is handled. Duration 149 ms by bot id=8403442567
WARNING:aiogram.dispatcher:Received SIGTERM signal
INFO:aiogram.dispatcher:Polling stopped for bot @barberstashkentbot id=8403442567 - 'MAESTRO'
INFO:aiogram.dispatcher:Polling stopped
Планировщик запущен.
Exception ignored in: <function Connection.__del__ at 0x7fab24ff6ac0>
Traceback (most recent call last):
  File "/home/yuksal21/virtualenv/maestro.yuksalishbot.uz/3.12/lib/python3.12/site-packages/aiomysql/connection.py", line 1131, in __del__
  File "/home/yuksal21/virtualenv/maestro.yuksalishbot.uz/3.12/lib/python3.12/site-packages/aiomysql/connection.py", line 339, in close
  File "/opt/alt/python312/lib64/python3.12/asyncio/selector_events.py", line 1213, in close
  File "/opt/alt/python312/lib64/python3.12/asyncio/selector_events.py", line 875, in close
  File "/opt/alt/python312/lib64/python3.12/asyncio/base_events.py", line 799, in call_soon
  File "/opt/alt/python312/lib64/python3.12/asyncio/base_events.py", line 545, in _check_closed
RuntimeError: Event loop is closed
INFO:apscheduler.scheduler:Adding job tentatively -- it will be properly scheduled when the scheduler starts
INFO:apscheduler.scheduler:Adding job tentatively -- it will be properly scheduled when the scheduler starts
INFO:apscheduler.scheduler:Adding job tentatively -- it will be properly scheduled when the scheduler starts
INFO:apscheduler.scheduler:Added job "check_reminders" to job store "default"
INFO:apscheduler.scheduler:Added job "check_follow_ups" to job store "default"
INFO:apscheduler.scheduler:Added job "check_subscription_expiry" to job store "default"
INFO:apscheduler.scheduler:Scheduler started
INFO:aiogram.dispatcher:Start polling
INFO:aiogram.dispatcher:Run polling for bot @barberstashkentbot id=8403442567 - 'MAESTRO'
INFO:aiogram.event:Update id=863692275 is handled. Duration 342 ms by bot id=8403442567
INFO:aiogram.event:Update id=863692276 is handled. Duration 141 ms by bot id=8403442567
ERROR:root:Ошибка удаления услуги: (pymysql.err.IntegrityError) (1451, 'Cannot delete or update a parent row: a foreign key constraint fails (`yuksal21_maestro`.`bookings`, CONSTRAINT `bookings_ibfk_3` FOREIGN KEY (`service_id`) REFERENCES `services` (`id`))')
[SQL: DELETE FROM services WHERE services.id = %s]
[parameters: (5,)]
(Background on this error at: https://sqlalche.me/e/20/gkpj)
INFO:aiogram.event:Update id=863692277 is handled. Duration 127 ms by bot id=8403442567
INFO:apscheduler.executors.default:Running job "check_reminders (trigger: cron[hour='*', minute='0'], next run at: 2026-03-16 13:00:00 +05)" (scheduled at 2026-03-16 12:00:00+05:00)
INFO:apscheduler.executors.default:Job "check_reminders (trigger: cron[hour='*', minute='0'], next run at: 2026-03-16 13:00:00 +05)" executed successfully
INFO:aiogram.event:Update id=863692278 is handled. Duration 335 ms by bot id=8403442567
INFO:aiogram.event:Update id=863692279 is handled. Duration 235 ms by bot id=8403442567
WARNING:aiogram.dispatcher:Received SIGTERM signal
INFO:aiogram.dispatcher:Polling stopped for bot @barberstashkentbot id=8403442567 - 'MAESTRO'
INFO:aiogram.dispatcher:Polling stopped
Планировщик запущен.
[2026-03-16 12:00:00.005303] Проверка напоминаний...
Exception ignored in: <function Connection.__del__ at 0x7f8bd8fdea20>
Traceback (most recent call last):
  File "/home/yuksal21/virtualenv/maestro.yuksalishbot.uz/3.12/lib/python3.12/site-packages/aiomysql/connection.py", line 1131, in __del__
  File "/home/yuksal21/virtualenv/maestro.yuksalishbot.uz/3.12/lib/python3.12/site-packages/aiomysql/connection.py", line 339, in close
  File "/opt/alt/python312/lib64/python3.12/asyncio/selector_events.py", line 1213, in close
  File "/opt/alt/python312/lib64/python3.12/asyncio/selector_events.py", line 875, in close
  File "/opt/alt/python312/lib64/python3.12/asyncio/base_events.py", line 799, in call_soon
  File "/opt/alt/python312/lib64/python3.12/asyncio/base_events.py", line 545, in _check_closed
RuntimeError: Event loop is closed
  File "/home/yuksal21/maestro.yuksalishbot.uz/bot.py", line 645
    [KeyboardButton(text="text="📓 Мои записи), KeyboardButton(text="📊 Моя статистика")],
                                ^
SyntaxError: invalid character '📓' (U+1F4D3)
  File "/home/yuksal21/maestro.yuksalishbot.uz/bot.py", line 645
    [KeyboardButton(text="text="📓 Мои записи), KeyboardButton(text="📊 Моя статистика")],
                                ^
SyntaxError: invalid character '📓' (U+1F4D3)
  File "/home/yuksal21/maestro.yuksalishbot.uz/bot.py", line 645
    [KeyboardButton(text="text="📓 Мои записи), KeyboardButton(text="📊 Моя статистика")],
                                ^
SyntaxError: invalid character '📓' (U+1F4D3)
  File "/home/yuksal21/maestro.yuksalishbot.uz/bot.py", line 645
    [KeyboardButton(text="text="📓 Мои записи), KeyboardButton(text="📊 Моя статистика")],
                                ^
SyntaxError: invalid character '📓' (U+1F4D3)
INFO:apscheduler.scheduler:Adding job tentatively -- it will be properly scheduled when the scheduler starts
INFO:apscheduler.scheduler:Adding job tentatively -- it will be properly scheduled when the scheduler starts
INFO:apscheduler.scheduler:Adding job tentatively -- it will be properly scheduled when the scheduler starts
INFO:apscheduler.scheduler:Added job "check_reminders" to job store "default"
INFO:apscheduler.scheduler:Added job "check_follow_ups" to job store "default"
INFO:apscheduler.scheduler:Added job "check_subscription_expiry" to job store "default"
INFO:apscheduler.scheduler:Scheduler started
INFO:aiogram.dispatcher:Start polling
INFO:aiogram.dispatcher:Run polling for bot @barberstashkentbot id=8403442567 - 'MAESTRO'
INFO:apscheduler.scheduler:Adding job tentatively -- it will be properly scheduled when the scheduler starts
INFO:apscheduler.scheduler:Adding job tentatively -- it will be properly scheduled when the scheduler starts
INFO:apscheduler.scheduler:Adding job tentatively -- it will be properly scheduled when the scheduler starts
INFO:apscheduler.scheduler:Added job "check_reminders" to job store "default"
INFO:apscheduler.scheduler:Added job "check_follow_ups" to job store "default"
INFO:apscheduler.scheduler:Added job "check_subscription_expiry" to job store "default"
INFO:apscheduler.scheduler:Scheduler started
INFO:aiogram.dispatcher:Start polling
INFO:aiogram.dispatcher:Run polling for bot @barberstashkentbot id=8403442567 - 'MAESTRO'
INFO:aiogram.event:Update id=863692296 is handled. Duration 358 ms by bot id=8403442567
INFO:aiogram.event:Update id=863692297 is handled. Duration 139 ms by bot id=8403442567
INFO:aiogram.event:Update id=863692298 is handled. Duration 688 ms by bot id=8403442567
INFO:aiogram.event:Update id=863692299 is handled. Duration 149 ms by bot id=8403442567
INFO:apscheduler.scheduler:Adding job tentatively -- it will be properly scheduled when the scheduler starts
INFO:apscheduler.scheduler:Adding job tentatively -- it will be properly scheduled when the scheduler starts
INFO:apscheduler.scheduler:Adding job tentatively -- it will be properly scheduled when the scheduler starts
INFO:apscheduler.scheduler:Added job "check_reminders" to job store "default"
INFO:apscheduler.scheduler:Added job "check_follow_ups" to job store "default"
INFO:apscheduler.scheduler:Added job "check_subscription_expiry" to job store "default"
INFO:apscheduler.scheduler:Scheduler started
INFO:aiogram.dispatcher:Start polling
INFO:aiogram.dispatcher:Run polling for bot @barberstashkentbot id=8403442567 - 'MAESTRO'
INFO:apscheduler.scheduler:Adding job tentatively -- it will be properly scheduled when the scheduler starts
INFO:apscheduler.scheduler:Adding job tentatively -- it will be properly scheduled when the scheduler starts
INFO:apscheduler.scheduler:Adding job tentatively -- it will be properly scheduled when the scheduler starts
INFO:apscheduler.scheduler:Added job "check_reminders" to job store "default"
INFO:apscheduler.scheduler:Added job "check_follow_ups" to job store "default"
INFO:apscheduler.scheduler:Added job "check_subscription_expiry" to job store "default"
INFO:apscheduler.scheduler:Scheduler started
INFO:aiogram.dispatcher:Start polling
INFO:aiogram.dispatcher:Run polling for bot @barberstashkentbot id=8403442567 - 'MAESTRO'
INFO:aiogram.event:Update id=863692300 is handled. Duration 451 ms by bot id=8403442567
INFO:aiogram.event:Update id=863692301 is handled. Duration 144 ms by bot id=8403442567
INFO:aiogram.event:Update id=863692302 is handled. Duration 307 ms by bot id=8403442567
INFO:aiogram.event:Update id=863692303 is handled. Duration 131 ms by bot id=8403442567
INFO:aiogram.event:Update id=863692304 is not handled. Duration 1 ms by bot id=8403442567
INFO:aiogram.event:Update id=863692305 is handled. Duration 136 ms by bot id=8403442567
INFO:aiogram.event:Update id=863692306 is handled. Duration 136 ms by bot id=8403442567
INFO:aiogram.event:Update id=863692307 is not handled. Duration 124 ms by bot id=8403442567
ERROR:aiogram.event:Cause exception while process update id=863692307 by bot id=8403442567
AttributeError: 'Booking' object has no attribute 'phone_number'
Traceback (most recent call last):
  File "/home/yuksal21/virtualenv/maestro.yuksalishbot.uz/3.12/lib/python3.12/site-packages/aiogram/dispatcher/dispatcher.py", line 320, in _process_update
    response = await self.feed_update(bot, update, **kwargs)
               ^^^^^^^^^^^^^^^^^^^^^^^^^^^^^^^^^^^^^^^^^^^^^
  File "/home/yuksal21/virtualenv/maestro.yuksalishbot.uz/3.12/lib/python3.12/site-packages/aiogram/dispatcher/dispatcher.py", line 164, in feed_update
    response = await self.update.wrap_outer_middleware(
               ^^^^^^^^^^^^^^^^^^^^^^^^^^^^^^^^^^^^^^^^
  File "/home/yuksal21/virtualenv/maestro.yuksalishbot.uz/3.12/lib/python3.12/site-packages/aiogram/dispatcher/middlewares/error.py", line 27, in __call__
    return await handler(event, data)
           ^^^^^^^^^^^^^^^^^^^^^^^^^^
  File "/home/yuksal21/virtualenv/maestro.yuksalishbot.uz/3.12/lib/python3.12/site-packages/aiogram/dispatcher/middlewares/user_context.py", line 58, in __call__
    return await handler(event, data)
           ^^^^^^^^^^^^^^^^^^^^^^^^^^
  File "/home/yuksal21/virtualenv/maestro.yuksalishbot.uz/3.12/lib/python3.12/site-packages/aiogram/fsm/middleware.py", line 43, in __call__
    return await handler(event, data)
           ^^^^^^^^^^^^^^^^^^^^^^^^^^
  File "/home/yuksal21/virtualenv/maestro.yuksalishbot.uz/3.12/lib/python3.12/site-packages/aiogram/dispatcher/event/telegram.py", line 126, in trigger
    return await wrapped_inner(event, kwargs)
           ^^^^^^^^^^^^^^^^^^^^^^^^^^^^^^^^^^
  File "/home/yuksal21/virtualenv/maestro.yuksalishbot.uz/3.12/lib/python3.12/site-packages/aiogram/dispatcher/event/handler.py", line 71, in call
    return await wrapped()
           ^^^^^^^^^^^^^^^
  File "/home/yuksal21/virtualenv/maestro.yuksalishbot.uz/3.12/lib/python3.12/site-packages/aiogram/dispatcher/dispatcher.py", line 283, in _listen_update
    return await self.propagate_event(update_type=update_type, event=event, **kwargs)
           ^^^^^^^^^^^^^^^^^^^^^^^^^^^^^^^^^^^^^^^^^^^^^^^^^^^^^^^^^^^^^^^^^^^^^^^^^^
  File "/home/yuksal21/virtualenv/maestro.yuksalishbot.uz/3.12/lib/python3.12/site-packages/aiogram/dispatcher/router.py", line 161, in propagate_event
    return await observer.wrap_outer_middleware(_wrapped, event=event, data=kwargs)
           ^^^^^^^^^^^^^^^^^^^^^^^^^^^^^^^^^^^^^^^^^^^^^^^^^^^^^^^^^^^^^^^^^^^^^^^^
  File "/home/yuksal21/virtualenv/maestro.yuksalishbot.uz/3.12/lib/python3.12/site-packages/aiogram/dispatcher/router.py", line 153, in _wrapped
    return await self._propagate_event(
           ^^^^^^^^^^^^^^^^^^^^^^^^^^^^
  File "/home/yuksal21/virtualenv/maestro.yuksalishbot.uz/3.12/lib/python3.12/site-packages/aiogram/dispatcher/router.py", line 181, in _propagate_event
    response = await observer.trigger(event, **kwargs)
               ^^^^^^^^^^^^^^^^^^^^^^^^^^^^^^^^^^^^^^^
  File "/home/yuksal21/virtualenv/maestro.yuksalishbot.uz/3.12/lib/python3.12/site-packages/aiogram/dispatcher/event/telegram.py", line 126, in trigger
    return await wrapped_inner(event, kwargs)
           ^^^^^^^^^^^^^^^^^^^^^^^^^^^^^^^^^^
  File "/home/yuksal21/virtualenv/maestro.yuksalishbot.uz/3.12/lib/python3.12/site-packages/aiogram/dispatcher/event/handler.py", line 71, in call
    return await wrapped()
           ^^^^^^^^^^^^^^^
  File "/home/yuksal21/maestro.yuksalishbot.uz/bot.py", line 1942, in process_view_bookings
    f"📞 Тел: <code>{b.phone_number or b.user.phone_number}</code>"
                     ^^^^^^^^^^^^^^
AttributeError: 'Booking' object has no attribute 'phone_number'
INFO:aiogram.event:Update id=863692308 is handled. Duration 145 ms by bot id=8403442567
INFO:aiogram.event:Update id=863692309 is not handled. Duration 132 ms by bot id=8403442567
ERROR:aiogram.event:Cause exception while process update id=863692309 by bot id=8403442567
AttributeError: 'Booking' object has no attribute 'phone_number'
Traceback (most recent call last):
  File "/home/yuksal21/virtualenv/maestro.yuksalishbot.uz/3.12/lib/python3.12/site-packages/aiogram/dispatcher/dispatcher.py", line 320, in _process_update
    response = await self.feed_update(bot, update, **kwargs)
               ^^^^^^^^^^^^^^^^^^^^^^^^^^^^^^^^^^^^^^^^^^^^^
  File "/home/yuksal21/virtualenv/maestro.yuksalishbot.uz/3.12/lib/python3.12/site-packages/aiogram/dispatcher/dispatcher.py", line 164, in feed_update
    response = await self.update.wrap_outer_middleware(
               ^^^^^^^^^^^^^^^^^^^^^^^^^^^^^^^^^^^^^^^^
  File "/home/yuksal21/virtualenv/maestro.yuksalishbot.uz/3.12/lib/python3.12/site-packages/aiogram/dispatcher/middlewares/error.py", line 27, in __call__
    return await handler(event, data)
           ^^^^^^^^^^^^^^^^^^^^^^^^^^
  File "/home/yuksal21/virtualenv/maestro.yuksalishbot.uz/3.12/lib/python3.12/site-packages/aiogram/dispatcher/middlewares/user_context.py", line 58, in __call__
    return await handler(event, data)
           ^^^^^^^^^^^^^^^^^^^^^^^^^^
  File "/home/yuksal21/virtualenv/maestro.yuksalishbot.uz/3.12/lib/python3.12/site-packages/aiogram/fsm/middleware.py", line 43, in __call__
    return await handler(event, data)
           ^^^^^^^^^^^^^^^^^^^^^^^^^^
  File "/home/yuksal21/virtualenv/maestro.yuksalishbot.uz/3.12/lib/python3.12/site-packages/aiogram/dispatcher/event/telegram.py", line 126, in trigger
    return await wrapped_inner(event, kwargs)
           ^^^^^^^^^^^^^^^^^^^^^^^^^^^^^^^^^^
  File "/home/yuksal21/virtualenv/maestro.yuksalishbot.uz/3.12/lib/python3.12/site-packages/aiogram/dispatcher/event/handler.py", line 71, in call
    return await wrapped()
           ^^^^^^^^^^^^^^^
  File "/home/yuksal21/virtualenv/maestro.yuksalishbot.uz/3.12/lib/python3.12/site-packages/aiogram/dispatcher/dispatcher.py", line 283, in _listen_update
    return await self.propagate_event(update_type=update_type, event=event, **kwargs)
           ^^^^^^^^^^^^^^^^^^^^^^^^^^^^^^^^^^^^^^^^^^^^^^^^^^^^^^^^^^^^^^^^^^^^^^^^^^
  File "/home/yuksal21/virtualenv/maestro.yuksalishbot.uz/3.12/lib/python3.12/site-packages/aiogram/dispatcher/router.py", line 161, in propagate_event
    return await observer.wrap_outer_middleware(_wrapped, event=event, data=kwargs)
           ^^^^^^^^^^^^^^^^^^^^^^^^^^^^^^^^^^^^^^^^^^^^^^^^^^^^^^^^^^^^^^^^^^^^^^^^
  File "/home/yuksal21/virtualenv/maestro.yuksalishbot.uz/3.12/lib/python3.12/site-packages/aiogram/dispatcher/router.py", line 153, in _wrapped
    return await self._propagate_event(
           ^^^^^^^^^^^^^^^^^^^^^^^^^^^^
  File "/home/yuksal21/virtualenv/maestro.yuksalishbot.uz/3.12/lib/python3.12/site-packages/aiogram/dispatcher/router.py", line 181, in _propagate_event
    response = await observer.trigger(event, **kwargs)
               ^^^^^^^^^^^^^^^^^^^^^^^^^^^^^^^^^^^^^^^
  File "/home/yuksal21/virtualenv/maestro.yuksalishbot.uz/3.12/lib/python3.12/site-packages/aiogram/dispatcher/event/telegram.py", line 126, in trigger
    return await wrapped_inner(event, kwargs)
           ^^^^^^^^^^^^^^^^^^^^^^^^^^^^^^^^^^
  File "/home/yuksal21/virtualenv/maestro.yuksalishbot.uz/3.12/lib/python3.12/site-packages/aiogram/dispatcher/event/handler.py", line 71, in call
    return await wrapped()
           ^^^^^^^^^^^^^^^
  File "/home/yuksal21/maestro.yuksalishbot.uz/bot.py", line 1942, in process_view_bookings
    f"📞 Тел: <code>{b.phone_number or b.user.phone_number}</code>"
                     ^^^^^^^^^^^^^^
AttributeError: 'Booking' object has no attribute 'phone_number'
INFO:aiogram.event:Update id=863692310 is handled. Duration 136 ms by bot id=8403442567
INFO:aiogram.event:Update id=863692311 is not handled. Duration 145 ms by bot id=8403442567
ERROR:aiogram.event:Cause exception while process update id=863692311 by bot id=8403442567
AttributeError: 'Booking' object has no attribute 'phone_number'
Traceback (most recent call last):
  File "/home/yuksal21/virtualenv/maestro.yuksalishbot.uz/3.12/lib/python3.12/site-packages/aiogram/dispatcher/dispatcher.py", line 320, in _process_update
    response = await self.feed_update(bot, update, **kwargs)
               ^^^^^^^^^^^^^^^^^^^^^^^^^^^^^^^^^^^^^^^^^^^^^
  File "/home/yuksal21/virtualenv/maestro.yuksalishbot.uz/3.12/lib/python3.12/site-packages/aiogram/dispatcher/dispatcher.py", line 164, in feed_update
    response = await self.update.wrap_outer_middleware(
               ^^^^^^^^^^^^^^^^^^^^^^^^^^^^^^^^^^^^^^^^
  File "/home/yuksal21/virtualenv/maestro.yuksalishbot.uz/3.12/lib/python3.12/site-packages/aiogram/dispatcher/middlewares/error.py", line 27, in __call__
    return await handler(event, data)
           ^^^^^^^^^^^^^^^^^^^^^^^^^^
  File "/home/yuksal21/virtualenv/maestro.yuksalishbot.uz/3.12/lib/python3.12/site-packages/aiogram/dispatcher/middlewares/user_context.py", line 58, in __call__
    return await handler(event, data)
           ^^^^^^^^^^^^^^^^^^^^^^^^^^
  File "/home/yuksal21/virtualenv/maestro.yuksalishbot.uz/3.12/lib/python3.12/site-packages/aiogram/fsm/middleware.py", line 43, in __call__
    return await handler(event, data)
           ^^^^^^^^^^^^^^^^^^^^^^^^^^
  File "/home/yuksal21/virtualenv/maestro.yuksalishbot.uz/3.12/lib/python3.12/site-packages/aiogram/dispatcher/event/telegram.py", line 126, in trigger
    return await wrapped_inner(event, kwargs)
           ^^^^^^^^^^^^^^^^^^^^^^^^^^^^^^^^^^
  File "/home/yuksal21/virtualenv/maestro.yuksalishbot.uz/3.12/lib/python3.12/site-packages/aiogram/dispatcher/event/handler.py", line 71, in call
    return await wrapped()
           ^^^^^^^^^^^^^^^
  File "/home/yuksal21/virtualenv/maestro.yuksalishbot.uz/3.12/lib/python3.12/site-packages/aiogram/dispatcher/dispatcher.py", line 283, in _listen_update
    return await self.propagate_event(update_type=update_type, event=event, **kwargs)
           ^^^^^^^^^^^^^^^^^^^^^^^^^^^^^^^^^^^^^^^^^^^^^^^^^^^^^^^^^^^^^^^^^^^^^^^^^^
  File "/home/yuksal21/virtualenv/maestro.yuksalishbot.uz/3.12/lib/python3.12/site-packages/aiogram/dispatcher/router.py", line 161, in propagate_event
    return await observer.wrap_outer_middleware(_wrapped, event=event, data=kwargs)
           ^^^^^^^^^^^^^^^^^^^^^^^^^^^^^^^^^^^^^^^^^^^^^^^^^^^^^^^^^^^^^^^^^^^^^^^^
  File "/home/yuksal21/virtualenv/maestro.yuksalishbot.uz/3.12/lib/python3.12/site-packages/aiogram/dispatcher/router.py", line 153, in _wrapped
    return await self._propagate_event(
           ^^^^^^^^^^^^^^^^^^^^^^^^^^^^
  File "/home/yuksal21/virtualenv/maestro.yuksalishbot.uz/3.12/lib/python3.12/site-packages/aiogram/dispatcher/router.py", line 181, in _propagate_event
    response = await observer.trigger(event, **kwargs)
               ^^^^^^^^^^^^^^^^^^^^^^^^^^^^^^^^^^^^^^^
  File "/home/yuksal21/virtualenv/maestro.yuksalishbot.uz/3.12/lib/python3.12/site-packages/aiogram/dispatcher/event/telegram.py", line 126, in trigger
    return await wrapped_inner(event, kwargs)
           ^^^^^^^^^^^^^^^^^^^^^^^^^^^^^^^^^^
  File "/home/yuksal21/virtualenv/maestro.yuksalishbot.uz/3.12/lib/python3.12/site-packages/aiogram/dispatcher/event/handler.py", line 71, in call
    return await wrapped()
           ^^^^^^^^^^^^^^^
  File "/home/yuksal21/maestro.yuksalishbot.uz/bot.py", line 1942, in process_view_bookings
    f"📞 Тел: <code>{b.phone_number or b.user.phone_number}</code>"
                     ^^^^^^^^^^^^^^
AttributeError: 'Booking' object has no attribute 'phone_number'
INFO:aiogram.event:Update id=863692312 is handled. Duration 166 ms by bot id=8403442567
INFO:aiogram.event:Update id=863692313 is handled. Duration 129 ms by bot id=8403442567
INFO:aiogram.event:Update id=863692314 is not handled. Duration 130 ms by bot id=8403442567
ERROR:aiogram.event:Cause exception while process update id=863692314 by bot id=8403442567
AttributeError: 'Booking' object has no attribute 'phone_number'
Traceback (most recent call last):
  File "/home/yuksal21/virtualenv/maestro.yuksalishbot.uz/3.12/lib/python3.12/site-packages/aiogram/dispatcher/dispatcher.py", line 320, in _process_update
    response = await self.feed_update(bot, update, **kwargs)
               ^^^^^^^^^^^^^^^^^^^^^^^^^^^^^^^^^^^^^^^^^^^^^
  File "/home/yuksal21/virtualenv/maestro.yuksalishbot.uz/3.12/lib/python3.12/site-packages/aiogram/dispatcher/dispatcher.py", line 164, in feed_update
    response = await self.update.wrap_outer_middleware(
               ^^^^^^^^^^^^^^^^^^^^^^^^^^^^^^^^^^^^^^^^
  File "/home/yuksal21/virtualenv/maestro.yuksalishbot.uz/3.12/lib/python3.12/site-packages/aiogram/dispatcher/middlewares/error.py", line 27, in __call__
    return await handler(event, data)
           ^^^^^^^^^^^^^^^^^^^^^^^^^^
  File "/home/yuksal21/virtualenv/maestro.yuksalishbot.uz/3.12/lib/python3.12/site-packages/aiogram/dispatcher/middlewares/user_context.py", line 58, in __call__
    return await handler(event, data)
           ^^^^^^^^^^^^^^^^^^^^^^^^^^
  File "/home/yuksal21/virtualenv/maestro.yuksalishbot.uz/3.12/lib/python3.12/site-packages/aiogram/fsm/middleware.py", line 43, in __call__
    return await handler(event, data)
           ^^^^^^^^^^^^^^^^^^^^^^^^^^
  File "/home/yuksal21/virtualenv/maestro.yuksalishbot.uz/3.12/lib/python3.12/site-packages/aiogram/dispatcher/event/telegram.py", line 126, in trigger
    return await wrapped_inner(event, kwargs)
           ^^^^^^^^^^^^^^^^^^^^^^^^^^^^^^^^^^
  File "/home/yuksal21/virtualenv/maestro.yuksalishbot.uz/3.12/lib/python3.12/site-packages/aiogram/dispatcher/event/handler.py", line 71, in call
    return await wrapped()
           ^^^^^^^^^^^^^^^
  File "/home/yuksal21/virtualenv/maestro.yuksalishbot.uz/3.12/lib/python3.12/site-packages/aiogram/dispatcher/dispatcher.py", line 283, in _listen_update
    return await self.propagate_event(update_type=update_type, event=event, **kwargs)
           ^^^^^^^^^^^^^^^^^^^^^^^^^^^^^^^^^^^^^^^^^^^^^^^^^^^^^^^^^^^^^^^^^^^^^^^^^^
  File "/home/yuksal21/virtualenv/maestro.yuksalishbot.uz/3.12/lib/python3.12/site-packages/aiogram/dispatcher/router.py", line 161, in propagate_event
    return await observer.wrap_outer_middleware(_wrapped, event=event, data=kwargs)
           ^^^^^^^^^^^^^^^^^^^^^^^^^^^^^^^^^^^^^^^^^^^^^^^^^^^^^^^^^^^^^^^^^^^^^^^^
  File "/home/yuksal21/virtualenv/maestro.yuksalishbot.uz/3.12/lib/python3.12/site-packages/aiogram/dispatcher/router.py", line 153, in _wrapped
    return await self._propagate_event(
           ^^^^^^^^^^^^^^^^^^^^^^^^^^^^
  File "/home/yuksal21/virtualenv/maestro.yuksalishbot.uz/3.12/lib/python3.12/site-packages/aiogram/dispatcher/router.py", line 181, in _propagate_event
    response = await observer.trigger(event, **kwargs)
               ^^^^^^^^^^^^^^^^^^^^^^^^^^^^^^^^^^^^^^^
  File "/home/yuksal21/virtualenv/maestro.yuksalishbot.uz/3.12/lib/python3.12/site-packages/aiogram/dispatcher/event/telegram.py", line 126, in trigger
    return await wrapped_inner(event, kwargs)
           ^^^^^^^^^^^^^^^^^^^^^^^^^^^^^^^^^^
  File "/home/yuksal21/virtualenv/maestro.yuksalishbot.uz/3.12/lib/python3.12/site-packages/aiogram/dispatcher/event/handler.py", line 71, in call
    return await wrapped()
           ^^^^^^^^^^^^^^^
  File "/home/yuksal21/maestro.yuksalishbot.uz/bot.py", line 1942, in process_view_bookings
    f"📞 Тел: <code>{b.phone_number or b.user.phone_number}</code>"
                     ^^^^^^^^^^^^^^
AttributeError: 'Booking' object has no attribute 'phone_number'
INFO:aiogram.event:Update id=863692315 is handled. Duration 126 ms by bot id=8403442567
INFO:apscheduler.scheduler:Adding job tentatively -- it will be properly scheduled when the scheduler starts
INFO:apscheduler.scheduler:Adding job tentatively -- it will be properly scheduled when the scheduler starts
INFO:apscheduler.scheduler:Adding job tentatively -- it will be properly scheduled when the scheduler starts
INFO:apscheduler.scheduler:Added job "check_reminders" to job store "default"
INFO:apscheduler.scheduler:Added job "check_follow_ups" to job store "default"
INFO:apscheduler.scheduler:Added job "check_subscription_expiry" to job store "default"
INFO:apscheduler.scheduler:Scheduler started
INFO:aiogram.dispatcher:Start polling
INFO:aiogram.dispatcher:Run polling for bot @barberstashkentbot id=8403442567 - 'MAESTRO'
INFO:aiogram.event:Update id=863692316 is handled. Duration 357 ms by bot id=8403442567
INFO:aiogram.event:Update id=863692317 is handled. Duration 299 ms by bot id=8403442567
INFO:aiogram.event:Update id=863692318 is handled. Duration 765 ms by bot id=8403442567
INFO:aiogram.event:Update id=863692319 is handled. Duration 210 ms by bot id=8403442567
INFO:aiogram.event:Update id=863692320 is handled. Duration 1042 ms by bot id=8403442567
INFO:aiogram.event:Update id=863692321 is handled. Duration 162 ms by bot id=8403442567
INFO:aiogram.event:Update id=863692322 is handled. Duration 2501 ms by bot id=8403442567
INFO:apscheduler.scheduler:Adding job tentatively -- it will be properly scheduled when the scheduler starts
INFO:apscheduler.scheduler:Adding job tentatively -- it will be properly scheduled when the scheduler starts
INFO:apscheduler.scheduler:Adding job tentatively -- it will be properly scheduled when the scheduler starts
INFO:apscheduler.scheduler:Added job "check_reminders" to job store "default"
INFO:apscheduler.scheduler:Added job "check_follow_ups" to job store "default"
INFO:apscheduler.scheduler:Added job "check_subscription_expiry" to job store "default"
INFO:apscheduler.scheduler:Scheduler started
INFO:aiogram.dispatcher:Start polling
INFO:aiogram.dispatcher:Run polling for bot @barberstashkentbot id=8403442567 - 'MAESTRO'
INFO:aiogram.event:Update id=863692323 is handled. Duration 340 ms by bot id=8403442567
INFO:aiogram.event:Update id=863692324 is handled. Duration 134 ms by bot id=8403442567
INFO:aiogram.event:Update id=863692325 is handled. Duration 700 ms by bot id=8403442567
INFO:aiogram.event:Update id=863692326 is handled. Duration 130 ms by bot id=8403442567
INFO:aiogram.event:Update id=863692327 is handled. Duration 1447 ms by bot id=8403442567
INFO:apscheduler.scheduler:Adding job tentatively -- it will be properly scheduled when the scheduler starts
INFO:apscheduler.scheduler:Adding job tentatively -- it will be properly scheduled when the scheduler starts
Traceback (most recent call last):
  File "/home/yuksal21/maestro.yuksalishbot.uz/bot.py", line 2628, in <module>
    asyncio.run(main())
  File "/opt/alt/python312/lib64/python3.12/asyncio/runners.py", line 195, in run
    return runner.run(main)
           ^^^^^^^^^^^^^^^^
  File "/opt/alt/python312/lib64/python3.12/asyncio/runners.py", line 118, in run
    return self._loop.run_until_complete(task)
           ^^^^^^^^^^^^^^^^^^^^^^^^^^^^^^^^^^^
  File "/opt/alt/python312/lib64/python3.12/asyncio/base_events.py", line 691, in run_until_complete
    return future.result()
           ^^^^^^^^^^^^^^^
  File "/home/yuksal21/maestro.yuksalishbot.uz/bot.py", line 2615, in main
    scheduler_tasks.add_job(scheduler.check_subscription_expiry, 'cron', hour=10, minute=5, args=(bot,))
                            ^^^^^^^^^^^^^^^^^^^^^^^^^^^^^^^^^^^
AttributeError: module 'scheduler' has no attribute 'check_subscription_expiry'
Exception ignored in: <function Connection.__del__ at 0x7f3fa2dfeac0>
Traceback (most recent call last):
  File "/home/yuksal21/virtualenv/maestro.yuksalishbot.uz/3.12/lib/python3.12/site-packages/aiomysql/connection.py", line 1131, in __del__
  File "/home/yuksal21/virtualenv/maestro.yuksalishbot.uz/3.12/lib/python3.12/site-packages/aiomysql/connection.py", line 339, in close
  File "/opt/alt/python312/lib64/python3.12/asyncio/selector_events.py", line 1213, in close
  File "/opt/alt/python312/lib64/python3.12/asyncio/selector_events.py", line 875, in close
  File "/opt/alt/python312/lib64/python3.12/asyncio/base_events.py", line 799, in call_soon
  File "/opt/alt/python312/lib64/python3.12/asyncio/base_events.py", line 545, in _check_closed
RuntimeError: Event loop is closed
INFO:apscheduler.scheduler:Adding job tentatively -- it will be properly scheduled when the scheduler starts
INFO:apscheduler.scheduler:Adding job tentatively -- it will be properly scheduled when the scheduler starts
Traceback (most recent call last):
  File "/home/yuksal21/maestro.yuksalishbot.uz/bot.py", line 2628, in <module>
    asyncio.run(main())
  File "/opt/alt/python312/lib64/python3.12/asyncio/runners.py", line 195, in run
    return runner.run(main)
           ^^^^^^^^^^^^^^^^
  File "/opt/alt/python312/lib64/python3.12/asyncio/runners.py", line 118, in run
    return self._loop.run_until_complete(task)
           ^^^^^^^^^^^^^^^^^^^^^^^^^^^^^^^^^^^
  File "/opt/alt/python312/lib64/python3.12/asyncio/base_events.py", line 691, in run_until_complete
    return future.result()
           ^^^^^^^^^^^^^^^
  File "/home/yuksal21/maestro.yuksalishbot.uz/bot.py", line 2615, in main
    scheduler_tasks.add_job(scheduler.check_subscription_expiry, 'cron', hour=10, minute=5, args=(bot,))
                            ^^^^^^^^^^^^^^^^^^^^^^^^^^^^^^^^^^^
AttributeError: module 'scheduler' has no attribute 'check_subscription_expiry'
Exception ignored in: <function Connection.__del__ at 0x7fab02256ac0>
Traceback (most recent call last):
  File "/home/yuksal21/virtualenv/maestro.yuksalishbot.uz/3.12/lib/python3.12/site-packages/aiomysql/connection.py", line 1131, in __del__
  File "/home/yuksal21/virtualenv/maestro.yuksalishbot.uz/3.12/lib/python3.12/site-packages/aiomysql/connection.py", line 339, in close
  File "/opt/alt/python312/lib64/python3.12/asyncio/selector_events.py", line 1213, in close
  File "/opt/alt/python312/lib64/python3.12/asyncio/selector_events.py", line 875, in close
  File "/opt/alt/python312/lib64/python3.12/asyncio/base_events.py", line 799, in call_soon
  File "/opt/alt/python312/lib64/python3.12/asyncio/base_events.py", line 545, in _check_closed
RuntimeError: Event loop is closed
INFO:apscheduler.scheduler:Adding job tentatively -- it will be properly scheduled when the scheduler starts
INFO:apscheduler.scheduler:Adding job tentatively -- it will be properly scheduled when the scheduler starts
Traceback (most recent call last):
  File "/home/yuksal21/maestro.yuksalishbot.uz/bot.py", line 2628, in <module>
    asyncio.run(main())
  File "/opt/alt/python312/lib64/python3.12/asyncio/runners.py", line 195, in run
    return runner.run(main)
           ^^^^^^^^^^^^^^^^
  File "/opt/alt/python312/lib64/python3.12/asyncio/runners.py", line 118, in run
    return self._loop.run_until_complete(task)
           ^^^^^^^^^^^^^^^^^^^^^^^^^^^^^^^^^^^
  File "/opt/alt/python312/lib64/python3.12/asyncio/base_events.py", line 691, in run_until_complete
    return future.result()
           ^^^^^^^^^^^^^^^
  File "/home/yuksal21/maestro.yuksalishbot.uz/bot.py", line 2615, in main
    scheduler_tasks.add_job(scheduler.check_subscription_expiry, 'cron', hour=10, minute=5, args=(bot,))
                            ^^^^^^^^^^^^^^^^^^^^^^^^^^^^^^^^^^^
AttributeError: module 'scheduler' has no attribute 'check_subscription_expiry'
Exception ignored in: <function Connection.__del__ at 0x7f65d78deac0>
Traceback (most recent call last):
  File "/home/yuksal21/virtualenv/maestro.yuksalishbot.uz/3.12/lib/python3.12/site-packages/aiomysql/connection.py", line 1131, in __del__
  File "/home/yuksal21/virtualenv/maestro.yuksalishbot.uz/3.12/lib/python3.12/site-packages/aiomysql/connection.py", line 339, in close
  File "/opt/alt/python312/lib64/python3.12/asyncio/selector_events.py", line 1213, in close
  File "/opt/alt/python312/lib64/python3.12/asyncio/selector_events.py", line 875, in close
  File "/opt/alt/python312/lib64/python3.12/asyncio/base_events.py", line 799, in call_soon
  File "/opt/alt/python312/lib64/python3.12/asyncio/base_events.py", line 545, in _check_closed
RuntimeError: Event loop is closed
INFO:apscheduler.scheduler:Adding job tentatively -- it will be properly scheduled when the scheduler starts
INFO:apscheduler.scheduler:Adding job tentatively -- it will be properly scheduled when the scheduler starts
Traceback (most recent call last):
  File "/home/yuksal21/maestro.yuksalishbot.uz/bot.py", line 2628, in <module>
    asyncio.run(main())
  File "/opt/alt/python312/lib64/python3.12/asyncio/runners.py", line 195, in run
    return runner.run(main)
           ^^^^^^^^^^^^^^^^
  File "/opt/alt/python312/lib64/python3.12/asyncio/runners.py", line 118, in run
    return self._loop.run_until_complete(task)
           ^^^^^^^^^^^^^^^^^^^^^^^^^^^^^^^^^^^
  File "/opt/alt/python312/lib64/python3.12/asyncio/base_events.py", line 691, in run_until_complete
    return future.result()
           ^^^^^^^^^^^^^^^
  File "/home/yuksal21/maestro.yuksalishbot.uz/bot.py", line 2615, in main
    scheduler_tasks.add_job(scheduler.check_subscription_expiry, 'cron', hour=10, minute=5, args=(bot,))
                            ^^^^^^^^^^^^^^^^^^^^^^^^^^^^^^^^^^^
AttributeError: module 'scheduler' has no attribute 'check_subscription_expiry'
Exception ignored in: <function Connection.__del__ at 0x7fdefb6faac0>
Traceback (most recent call last):
  File "/home/yuksal21/virtualenv/maestro.yuksalishbot.uz/3.12/lib/python3.12/site-packages/aiomysql/connection.py", line 1131, in __del__
  File "/home/yuksal21/virtualenv/maestro.yuksalishbot.uz/3.12/lib/python3.12/site-packages/aiomysql/connection.py", line 339, in close
  File "/opt/alt/python312/lib64/python3.12/asyncio/selector_events.py", line 1213, in close
  File "/opt/alt/python312/lib64/python3.12/asyncio/selector_events.py", line 875, in close
  File "/opt/alt/python312/lib64/python3.12/asyncio/base_events.py", line 799, in call_soon
  File "/opt/alt/python312/lib64/python3.12/asyncio/base_events.py", line 545, in _check_closed
RuntimeError: Event loop is closed
INFO:apscheduler.scheduler:Adding job tentatively -- it will be properly scheduled when the scheduler starts
INFO:apscheduler.scheduler:Adding job tentatively -- it will be properly scheduled when the scheduler starts
Traceback (most recent call last):
  File "/home/yuksal21/maestro.yuksalishbot.uz/bot.py", line 2628, in <module>
    asyncio.run(main())
  File "/opt/alt/python312/lib64/python3.12/asyncio/runners.py", line 195, in run
    return runner.run(main)
           ^^^^^^^^^^^^^^^^
  File "/opt/alt/python312/lib64/python3.12/asyncio/runners.py", line 118, in run
    return self._loop.run_until_complete(task)
           ^^^^^^^^^^^^^^^^^^^^^^^^^^^^^^^^^^^
  File "/opt/alt/python312/lib64/python3.12/asyncio/base_events.py", line 691, in run_until_complete
    return future.result()
           ^^^^^^^^^^^^^^^
  File "/home/yuksal21/maestro.yuksalishbot.uz/bot.py", line 2615, in main
    scheduler_tasks.add_job(scheduler.check_subscription_expiry, 'cron', hour=10, minute=5, args=(bot,))
                            ^^^^^^^^^^^^^^^^^^^^^^^^^^^^^^^^^^^
AttributeError: module 'scheduler' has no attribute 'check_subscription_expiry'
Exception ignored in: <function Connection.__del__ at 0x7fde9c1d6ac0>
Traceback (most recent call last):
  File "/home/yuksal21/virtualenv/maestro.yuksalishbot.uz/3.12/lib/python3.12/site-packages/aiomysql/connection.py", line 1131, in __del__
  File "/home/yuksal21/virtualenv/maestro.yuksalishbot.uz/3.12/lib/python3.12/site-packages/aiomysql/connection.py", line 339, in close
  File "/opt/alt/python312/lib64/python3.12/asyncio/selector_events.py", line 1213, in close
  File "/opt/alt/python312/lib64/python3.12/asyncio/selector_events.py", line 875, in close
  File "/opt/alt/python312/lib64/python3.12/asyncio/base_events.py", line 799, in call_soon
  File "/opt/alt/python312/lib64/python3.12/asyncio/base_events.py", line 545, in _check_closed
RuntimeError: Event loop is closed
INFO:apscheduler.scheduler:Adding job tentatively -- it will be properly scheduled when the scheduler starts
INFO:apscheduler.scheduler:Adding job tentatively -- it will be properly scheduled when the scheduler starts
Traceback (most recent call last):
  File "/home/yuksal21/maestro.yuksalishbot.uz/bot.py", line 2628, in <module>
    asyncio.run(main())
  File "/opt/alt/python312/lib64/python3.12/asyncio/runners.py", line 195, in run
    return runner.run(main)
           ^^^^^^^^^^^^^^^^
  File "/opt/alt/python312/lib64/python3.12/asyncio/runners.py", line 118, in run
    return self._loop.run_until_complete(task)
           ^^^^^^^^^^^^^^^^^^^^^^^^^^^^^^^^^^^
  File "/opt/alt/python312/lib64/python3.12/asyncio/base_events.py", line 691, in run_until_complete
    return future.result()
           ^^^^^^^^^^^^^^^
  File "/home/yuksal21/maestro.yuksalishbot.uz/bot.py", line 2615, in main
    scheduler_tasks.add_job(scheduler.check_subscription_expiry, 'cron', hour=10, minute=5, args=(bot,))
                            ^^^^^^^^^^^^^^^^^^^^^^^^^^^^^^^^^^^
AttributeError: module 'scheduler' has no attribute 'check_subscription_expiry'
Exception ignored in: <function Connection.__del__ at 0x7fcaaeb46ac0>
Traceback (most recent call last):
  File "/home/yuksal21/virtualenv/maestro.yuksalishbot.uz/3.12/lib/python3.12/site-packages/aiomysql/connection.py", line 1131, in __del__
  File "/home/yuksal21/virtualenv/maestro.yuksalishbot.uz/3.12/lib/python3.12/site-packages/aiomysql/connection.py", line 339, in close
  File "/opt/alt/python312/lib64/python3.12/asyncio/selector_events.py", line 1213, in close
  File "/opt/alt/python312/lib64/python3.12/asyncio/selector_events.py", line 875, in close
  File "/opt/alt/python312/lib64/python3.12/asyncio/base_events.py", line 799, in call_soon
  File "/opt/alt/python312/lib64/python3.12/asyncio/base_events.py", line 545, in _check_closed
RuntimeError: Event loop is closed
INFO:apscheduler.scheduler:Adding job tentatively -- it will be properly scheduled when the scheduler starts
INFO:apscheduler.scheduler:Adding job tentatively -- it will be properly scheduled when the scheduler starts
Traceback (most recent call last):
  File "/home/yuksal21/maestro.yuksalishbot.uz/bot.py", line 2628, in <module>
    asyncio.run(main())
  File "/opt/alt/python312/lib64/python3.12/asyncio/runners.py", line 195, in run
    return runner.run(main)
           ^^^^^^^^^^^^^^^^
  File "/opt/alt/python312/lib64/python3.12/asyncio/runners.py", line 118, in run
    return self._loop.run_until_complete(task)
           ^^^^^^^^^^^^^^^^^^^^^^^^^^^^^^^^^^^
  File "/opt/alt/python312/lib64/python3.12/asyncio/base_events.py", line 691, in run_until_complete
    return future.result()
           ^^^^^^^^^^^^^^^
  File "/home/yuksal21/maestro.yuksalishbot.uz/bot.py", line 2615, in main
    scheduler_tasks.add_job(scheduler.check_subscription_expiry, 'cron', hour=10, minute=5, args=(bot,))
                            ^^^^^^^^^^^^^^^^^^^^^^^^^^^^^^^^^^^
AttributeError: module 'scheduler' has no attribute 'check_subscription_expiry'
Exception ignored in: <function Connection.__del__ at 0x7f65bf342ac0>
Traceback (most recent call last):
  File "/home/yuksal21/virtualenv/maestro.yuksalishbot.uz/3.12/lib/python3.12/site-packages/aiomysql/connection.py", line 1131, in __del__
  File "/home/yuksal21/virtualenv/maestro.yuksalishbot.uz/3.12/lib/python3.12/site-packages/aiomysql/connection.py", line 339, in close
  File "/opt/alt/python312/lib64/python3.12/asyncio/selector_events.py", line 1213, in close
  File "/opt/alt/python312/lib64/python3.12/asyncio/selector_events.py", line 875, in close
  File "/opt/alt/python312/lib64/python3.12/asyncio/base_events.py", line 799, in call_soon
  File "/opt/alt/python312/lib64/python3.12/asyncio/base_events.py", line 545, in _check_closed
RuntimeError: Event loop is closed
INFO:apscheduler.scheduler:Adding job tentatively -- it will be properly scheduled when the scheduler starts
INFO:apscheduler.scheduler:Adding job tentatively -- it will be properly scheduled when the scheduler starts
Traceback (most recent call last):
  File "/home/yuksal21/maestro.yuksalishbot.uz/bot.py", line 2628, in <module>
    asyncio.run(main())
  File "/opt/alt/python312/lib64/python3.12/asyncio/runners.py", line 195, in run
    return runner.run(main)
           ^^^^^^^^^^^^^^^^
  File "/opt/alt/python312/lib64/python3.12/asyncio/runners.py", line 118, in run
    return self._loop.run_until_complete(task)
           ^^^^^^^^^^^^^^^^^^^^^^^^^^^^^^^^^^^
  File "/opt/alt/python312/lib64/python3.12/asyncio/base_events.py", line 691, in run_until_complete
    return future.result()
           ^^^^^^^^^^^^^^^
  File "/home/yuksal21/maestro.yuksalishbot.uz/bot.py", line 2615, in main
    scheduler_tasks.add_job(scheduler.check_subscription_expiry, 'cron', hour=10, minute=5, args=(bot,))
                            ^^^^^^^^^^^^^^^^^^^^^^^^^^^^^^^^^^^
AttributeError: module 'scheduler' has no attribute 'check_subscription_expiry'
Exception ignored in: <function Connection.__del__ at 0x7f955df42ac0>
Traceback (most recent call last):
  File "/home/yuksal21/virtualenv/maestro.yuksalishbot.uz/3.12/lib/python3.12/site-packages/aiomysql/connection.py", line 1131, in __del__
  File "/home/yuksal21/virtualenv/maestro.yuksalishbot.uz/3.12/lib/python3.12/site-packages/aiomysql/connection.py", line 339, in close
  File "/opt/alt/python312/lib64/python3.12/asyncio/selector_events.py", line 1213, in close
  File "/opt/alt/python312/lib64/python3.12/asyncio/selector_events.py", line 875, in close
  File "/opt/alt/python312/lib64/python3.12/asyncio/base_events.py", line 799, in call_soon
  File "/opt/alt/python312/lib64/python3.12/asyncio/base_events.py", line 545, in _check_closed
RuntimeError: Event loop is closed
INFO:apscheduler.scheduler:Adding job tentatively -- it will be properly scheduled when the scheduler starts
INFO:apscheduler.scheduler:Adding job tentatively -- it will be properly scheduled when the scheduler starts
INFO:apscheduler.scheduler:Adding job tentatively -- it will be properly scheduled when the scheduler starts
INFO:apscheduler.scheduler:Added job "check_reminders" to job store "default"
INFO:apscheduler.scheduler:Added job "check_follow_ups" to job store "default"
INFO:apscheduler.scheduler:Added job "check_subscription_expiry" to job store "default"
INFO:apscheduler.scheduler:Scheduler started
INFO:aiogram.dispatcher:Start polling
INFO:aiogram.dispatcher:Run polling for bot @barberstashkentbot id=8403442567 - 'MAESTRO'
INFO:aiogram.event:Update id=863692348 is handled. Duration 345 ms by bot id=8403442567
INFO:aiogram.event:Update id=863692349 is handled. Duration 129 ms by bot id=8403442567
INFO:aiogram.event:Update id=863692350 is handled. Duration 626 ms by bot id=8403442567
INFO:aiogram.event:Update id=863692351 is handled. Duration 433 ms by bot id=8403442567
INFO:aiogram.event:Update id=863692352 is not handled. Duration 3 ms by bot id=8403442567
ERROR:aiogram.event:Cause exception while process update id=863692352 by bot id=8403442567
OperationalError: (pymysql.err.OperationalError) (2013, 'Lost connection to MySQL server during query')
[SQL: SELECT users.id, users.telegram_id, users.first_name, users.phone_number, users.language_code, users.role, users.subscription_until, users.is_active 
FROM users 
WHERE users.telegram_id = %s]
[parameters: (372688693,)]
(Background on this error at: https://sqlalche.me/e/20/e3q8)
Traceback (most recent call last):
  File "/home/yuksal21/virtualenv/maestro.yuksalishbot.uz/3.12/lib/python3.12/site-packages/aiomysql/connection.py", line 657, in _read_bytes
    data = await self._reader.readexactly(num_bytes)
           ^^^^^^^^^^^^^^^^^^^^^^^^^^^^^^^^^^^^^^^^^
  File "/opt/alt/python312/lib64/python3.12/asyncio/streams.py", line 750, in readexactly
    raise exceptions.IncompleteReadError(incomplete, n)
asyncio.exceptions.IncompleteReadError: 0 bytes read on a total of 4 expected bytes

The above exception was the direct cause of the following exception:

Traceback (most recent call last):
  File "/home/yuksal21/virtualenv/maestro.yuksalishbot.uz/3.12/lib64/python3.12/site-packages/sqlalchemy/engine/base.py", line 1967, in _exec_single_context
    self.dialect.do_execute(
  File "/home/yuksal21/virtualenv/maestro.yuksalishbot.uz/3.12/lib64/python3.12/site-packages/sqlalchemy/engine/default.py", line 952, in do_execute
    cursor.execute(statement, parameters)
  File "/home/yuksal21/virtualenv/maestro.yuksalishbot.uz/3.12/lib64/python3.12/site-packages/sqlalchemy/connectors/asyncio.py", line 230, in execute
    self._adapt_connection._handle_exception(error)
  File "/home/yuksal21/virtualenv/maestro.yuksalishbot.uz/3.12/lib64/python3.12/site-packages/sqlalchemy/connectors/asyncio.py", line 368, in _handle_exception
    raise error.with_traceback(exc_info[2])
  File "/home/yuksal21/virtualenv/maestro.yuksalishbot.uz/3.12/lib64/python3.12/site-packages/sqlalchemy/connectors/asyncio.py", line 228, in execute
    return self.await_(self._execute_async(operation, parameters))
           ^^^^^^^^^^^^^^^^^^^^^^^^^^^^^^^^^^^^^^^^^^^^^^^^^^^^^^^
  File "/home/yuksal21/virtualenv/maestro.yuksalishbot.uz/3.12/lib64/python3.12/site-packages/sqlalchemy/util/_concurrency_py3k.py", line 132, in await_only
    return current.parent.switch(awaitable)  # type: ignore[no-any-return,attr-defined] # noqa: E501
           ^^^^^^^^^^^^^^^^^^^^^^^^^^^^^^^^
  File "/home/yuksal21/virtualenv/maestro.yuksalishbot.uz/3.12/lib64/python3.12/site-packages/sqlalchemy/util/_concurrency_py3k.py", line 196, in greenlet_spawn
    value = await result
            ^^^^^^^^^^^^
  File "/home/yuksal21/virtualenv/maestro.yuksalishbot.uz/3.12/lib64/python3.12/site-packages/sqlalchemy/connectors/asyncio.py", line 251, in _execute_async
    result = await self._cursor.execute(operation, parameters)
             ^^^^^^^^^^^^^^^^^^^^^^^^^^^^^^^^^^^^^^^^^^^^^^^^^
  File "/home/yuksal21/virtualenv/maestro.yuksalishbot.uz/3.12/lib/python3.12/site-packages/aiomysql/cursors.py", line 239, in execute
    await self._query(query)
  File "/home/yuksal21/virtualenv/maestro.yuksalishbot.uz/3.12/lib/python3.12/site-packages/aiomysql/cursors.py", line 457, in _query
    await conn.query(q)
  File "/home/yuksal21/virtualenv/maestro.yuksalishbot.uz/3.12/lib/python3.12/site-packages/aiomysql/connection.py", line 469, in query
    await self._read_query_result(unbuffered=unbuffered)
  File "/home/yuksal21/virtualenv/maestro.yuksalishbot.uz/3.12/lib/python3.12/site-packages/aiomysql/connection.py", line 683, in _read_query_result
    await result.read()
  File "/home/yuksal21/virtualenv/maestro.yuksalishbot.uz/3.12/lib/python3.12/site-packages/aiomysql/connection.py", line 1164, in read
    first_packet = await self.connection._read_packet()
                   ^^^^^^^^^^^^^^^^^^^^^^^^^^^^^^^^^^^^
  File "/home/yuksal21/virtualenv/maestro.yuksalishbot.uz/3.12/lib/python3.12/site-packages/aiomysql/connection.py", line 609, in _read_packet
    packet_header = await self._read_bytes(4)
                    ^^^^^^^^^^^^^^^^^^^^^^^^^
  File "/home/yuksal21/virtualenv/maestro.yuksalishbot.uz/3.12/lib/python3.12/site-packages/aiomysql/connection.py", line 661, in _read_bytes
    raise OperationalError(CR.CR_SERVER_LOST, msg) from e
pymysql.err.OperationalError: (2013, 'Lost connection to MySQL server during query')

The above exception was the direct cause of the following exception:

Traceback (most recent call last):
  File "/home/yuksal21/virtualenv/maestro.yuksalishbot.uz/3.12/lib/python3.12/site-packages/aiogram/dispatcher/dispatcher.py", line 320, in _process_update
    response = await self.feed_update(bot, update, **kwargs)
               ^^^^^^^^^^^^^^^^^^^^^^^^^^^^^^^^^^^^^^^^^^^^^
  File "/home/yuksal21/virtualenv/maestro.yuksalishbot.uz/3.12/lib/python3.12/site-packages/aiogram/dispatcher/dispatcher.py", line 164, in feed_update
    response = await self.update.wrap_outer_middleware(
               ^^^^^^^^^^^^^^^^^^^^^^^^^^^^^^^^^^^^^^^^
  File "/home/yuksal21/virtualenv/maestro.yuksalishbot.uz/3.12/lib/python3.12/site-packages/aiogram/dispatcher/middlewares/error.py", line 27, in __call__
    return await handler(event, data)
           ^^^^^^^^^^^^^^^^^^^^^^^^^^
  File "/home/yuksal21/virtualenv/maestro.yuksalishbot.uz/3.12/lib/python3.12/site-packages/aiogram/dispatcher/middlewares/user_context.py", line 58, in __call__
    return await handler(event, data)
           ^^^^^^^^^^^^^^^^^^^^^^^^^^
  File "/home/yuksal21/virtualenv/maestro.yuksalishbot.uz/3.12/lib/python3.12/site-packages/aiogram/fsm/middleware.py", line 43, in __call__
    return await handler(event, data)
           ^^^^^^^^^^^^^^^^^^^^^^^^^^
  File "/home/yuksal21/virtualenv/maestro.yuksalishbot.uz/3.12/lib/python3.12/site-packages/aiogram/dispatcher/event/telegram.py", line 126, in trigger
    return await wrapped_inner(event, kwargs)
           ^^^^^^^^^^^^^^^^^^^^^^^^^^^^^^^^^^
  File "/home/yuksal21/virtualenv/maestro.yuksalishbot.uz/3.12/lib/python3.12/site-packages/aiogram/dispatcher/event/handler.py", line 71, in call
    return await wrapped()
           ^^^^^^^^^^^^^^^
  File "/home/yuksal21/virtualenv/maestro.yuksalishbot.uz/3.12/lib/python3.12/site-packages/aiogram/dispatcher/dispatcher.py", line 283, in _listen_update
    return await self.propagate_event(update_type=update_type, event=event, **kwargs)
           ^^^^^^^^^^^^^^^^^^^^^^^^^^^^^^^^^^^^^^^^^^^^^^^^^^^^^^^^^^^^^^^^^^^^^^^^^^
  File "/home/yuksal21/virtualenv/maestro.yuksalishbot.uz/3.12/lib/python3.12/site-packages/aiogram/dispatcher/router.py", line 161, in propagate_event
    return await observer.wrap_outer_middleware(_wrapped, event=event, data=kwargs)
           ^^^^^^^^^^^^^^^^^^^^^^^^^^^^^^^^^^^^^^^^^^^^^^^^^^^^^^^^^^^^^^^^^^^^^^^^
  File "/home/yuksal21/virtualenv/maestro.yuksalishbot.uz/3.12/lib/python3.12/site-packages/aiogram/dispatcher/router.py", line 153, in _wrapped
    return await self._propagate_event(
           ^^^^^^^^^^^^^^^^^^^^^^^^^^^^
  File "/home/yuksal21/virtualenv/maestro.yuksalishbot.uz/3.12/lib/python3.12/site-packages/aiogram/dispatcher/router.py", line 181, in _propagate_event
    response = await observer.trigger(event, **kwargs)
               ^^^^^^^^^^^^^^^^^^^^^^^^^^^^^^^^^^^^^^^
  File "/home/yuksal21/virtualenv/maestro.yuksalishbot.uz/3.12/lib/python3.12/site-packages/aiogram/dispatcher/event/telegram.py", line 126, in trigger
    return await wrapped_inner(event, kwargs)
           ^^^^^^^^^^^^^^^^^^^^^^^^^^^^^^^^^^
  File "/home/yuksal21/virtualenv/maestro.yuksalishbot.uz/3.12/lib/python3.12/site-packages/aiogram/dispatcher/event/handler.py", line 71, in call
    return await wrapped()
           ^^^^^^^^^^^^^^^
  File "/home/yuksal21/maestro.yuksalishbot.uz/bot.py", line 979, in booking_start_menu
    user = await ensure_registered_message(message)
           ^^^^^^^^^^^^^^^^^^^^^^^^^^^^^^^^^^^^^^^^
  File "/home/yuksal21/maestro.yuksalishbot.uz/bot.py", line 611, in ensure_registered_message
    user = await get_user_by_telegram_id(message.from_user.id)
           ^^^^^^^^^^^^^^^^^^^^^^^^^^^^^^^^^^^^^^^^^^^^^^^^^^^
  File "/home/yuksal21/maestro.yuksalishbot.uz/bot.py", line 544, in get_user_by_telegram_id
    return await session.scalar(select(db.User).where(db.User.telegram_id == telegram_id))
           ^^^^^^^^^^^^^^^^^^^^^^^^^^^^^^^^^^^^^^^^^^^^^^^^^^^^^^^^^^^^^^^^^^^^^^^^^^^^^^^
  File "/home/yuksal21/virtualenv/maestro.yuksalishbot.uz/3.12/lib64/python3.12/site-packages/sqlalchemy/ext/asyncio/session.py", line 505, in scalar
    return await greenlet_spawn(
           ^^^^^^^^^^^^^^^^^^^^^
  File "/home/yuksal21/virtualenv/maestro.yuksalishbot.uz/3.12/lib64/python3.12/site-packages/sqlalchemy/util/_concurrency_py3k.py", line 203, in greenlet_spawn
    result = context.switch(value)
             ^^^^^^^^^^^^^^^^^^^^^
  File "/home/yuksal21/virtualenv/maestro.yuksalishbot.uz/3.12/lib64/python3.12/site-packages/sqlalchemy/orm/session.py", line 2399, in scalar
    return self._execute_internal(
           ^^^^^^^^^^^^^^^^^^^^^^^
  File "/home/yuksal21/virtualenv/maestro.yuksalishbot.uz/3.12/lib64/python3.12/site-packages/sqlalchemy/orm/session.py", line 2249, in _execute_internal
    result: Result[Any] = compile_state_cls.orm_execute_statement(
                          ^^^^^^^^^^^^^^^^^^^^^^^^^^^^^^^^^^^^^^^^
  File "/home/yuksal21/virtualenv/maestro.yuksalishbot.uz/3.12/lib64/python3.12/site-packages/sqlalchemy/orm/context.py", line 306, in orm_execute_statement
    result = conn.execute(
             ^^^^^^^^^^^^^
  File "/home/yuksal21/virtualenv/maestro.yuksalishbot.uz/3.12/lib64/python3.12/site-packages/sqlalchemy/engine/base.py", line 1419, in execute
    return meth(
           ^^^^^
  File "/home/yuksal21/virtualenv/maestro.yuksalishbot.uz/3.12/lib64/python3.12/site-packages/sqlalchemy/sql/elements.py", line 527, in _execute_on_connection
    return connection._execute_clauseelement(
           ^^^^^^^^^^^^^^^^^^^^^^^^^^^^^^^^^^
  File "/home/yuksal21/virtualenv/maestro.yuksalishbot.uz/3.12/lib64/python3.12/site-packages/sqlalchemy/engine/base.py", line 1641, in _execute_clauseelement
    ret = self._execute_context(
          ^^^^^^^^^^^^^^^^^^^^^^
  File "/home/yuksal21/virtualenv/maestro.yuksalishbot.uz/3.12/lib64/python3.12/site-packages/sqlalchemy/engine/base.py", line 1846, in _execute_context
    return self._exec_single_context(
           ^^^^^^^^^^^^^^^^^^^^^^^^^^
  File "/home/yuksal21/virtualenv/maestro.yuksalishbot.uz/3.12/lib64/python3.12/site-packages/sqlalchemy/engine/base.py", line 1986, in _exec_single_context
    self._handle_dbapi_exception(
  File "/home/yuksal21/virtualenv/maestro.yuksalishbot.uz/3.12/lib64/python3.12/site-packages/sqlalchemy/engine/base.py", line 2363, in _handle_dbapi_exception
    raise sqlalchemy_exception.with_traceback(exc_info[2]) from e
  File "/home/yuksal21/virtualenv/maestro.yuksalishbot.uz/3.12/lib64/python3.12/site-packages/sqlalchemy/engine/base.py", line 1967, in _exec_single_context
    self.dialect.do_execute(
  File "/home/yuksal21/virtualenv/maestro.yuksalishbot.uz/3.12/lib64/python3.12/site-packages/sqlalchemy/engine/default.py", line 952, in do_execute
    cursor.execute(statement, parameters)
  File "/home/yuksal21/virtualenv/maestro.yuksalishbot.uz/3.12/lib64/python3.12/site-packages/sqlalchemy/connectors/asyncio.py", line 230, in execute
    self._adapt_connection._handle_exception(error)
  File "/home/yuksal21/virtualenv/maestro.yuksalishbot.uz/3.12/lib64/python3.12/site-packages/sqlalchemy/connectors/asyncio.py", line 368, in _handle_exception
    raise error.with_traceback(exc_info[2])
  File "/home/yuksal21/virtualenv/maestro.yuksalishbot.uz/3.12/lib64/python3.12/site-packages/sqlalchemy/connectors/asyncio.py", line 228, in execute
    return self.await_(self._execute_async(operation, parameters))
           ^^^^^^^^^^^^^^^^^^^^^^^^^^^^^^^^^^^^^^^^^^^^^^^^^^^^^^^
  File "/home/yuksal21/virtualenv/maestro.yuksalishbot.uz/3.12/lib64/python3.12/site-packages/sqlalchemy/util/_concurrency_py3k.py", line 132, in await_only
    return current.parent.switch(awaitable)  # type: ignore[no-any-return,attr-defined] # noqa: E501
           ^^^^^^^^^^^^^^^^^^^^^^^^^^^^^^^^
  File "/home/yuksal21/virtualenv/maestro.yuksalishbot.uz/3.12/lib64/python3.12/site-packages/sqlalchemy/util/_concurrency_py3k.py", line 196, in greenlet_spawn
    value = await result
            ^^^^^^^^^^^^
  File "/home/yuksal21/virtualenv/maestro.yuksalishbot.uz/3.12/lib64/python3.12/site-packages/sqlalchemy/connectors/asyncio.py", line 251, in _execute_async
    result = await self._cursor.execute(operation, parameters)
             ^^^^^^^^^^^^^^^^^^^^^^^^^^^^^^^^^^^^^^^^^^^^^^^^^
  File "/home/yuksal21/virtualenv/maestro.yuksalishbot.uz/3.12/lib/python3.12/site-packages/aiomysql/cursors.py", line 239, in execute
    await self._query(query)
  File "/home/yuksal21/virtualenv/maestro.yuksalishbot.uz/3.12/lib/python3.12/site-packages/aiomysql/cursors.py", line 457, in _query
    await conn.query(q)
  File "/home/yuksal21/virtualenv/maestro.yuksalishbot.uz/3.12/lib/python3.12/site-packages/aiomysql/connection.py", line 469, in query
    await self._read_query_result(unbuffered=unbuffered)
  File "/home/yuksal21/virtualenv/maestro.yuksalishbot.uz/3.12/lib/python3.12/site-packages/aiomysql/connection.py", line 683, in _read_query_result
    await result.read()
  File "/home/yuksal21/virtualenv/maestro.yuksalishbot.uz/3.12/lib/python3.12/site-packages/aiomysql/connection.py", line 1164, in read
    first_packet = await self.connection._read_packet()
                   ^^^^^^^^^^^^^^^^^^^^^^^^^^^^^^^^^^^^
  File "/home/yuksal21/virtualenv/maestro.yuksalishbot.uz/3.12/lib/python3.12/site-packages/aiomysql/connection.py", line 609, in _read_packet
    packet_header = await self._read_bytes(4)
                    ^^^^^^^^^^^^^^^^^^^^^^^^^
  File "/home/yuksal21/virtualenv/maestro.yuksalishbot.uz/3.12/lib/python3.12/site-packages/aiomysql/connection.py", line 661, in _read_bytes
    raise OperationalError(CR.CR_SERVER_LOST, msg) from e
sqlalchemy.exc.OperationalError: (pymysql.err.OperationalError) (2013, 'Lost connection to MySQL server during query')
[SQL: SELECT users.id, users.telegram_id, users.first_name, users.phone_number, users.language_code, users.role, users.subscription_until, users.is_active 
FROM users 
WHERE users.telegram_id = %s]
[parameters: (372688693,)]
(Background on this error at: https://sqlalche.me/e/20/e3q8)
INFO:aiogram.event:Update id=863692353 is handled. Duration 128 ms by bot id=8403442567
INFO:aiogram.event:Update id=863692354 is handled. Duration 146 ms by bot id=8403442567
INFO:aiogram.event:Update id=863692355 is handled. Duration 229 ms by bot id=8403442567
INFO:aiogram.event:Update id=863692356 is handled. Duration 141 ms by bot id=8403442567
INFO:aiogram.event:Update id=863692357 is handled. Duration 247 ms by bot id=8403442567
INFO:aiogram.event:Update id=863692358 is handled. Duration 503 ms by bot id=8403442567
INFO:aiogram.event:Update id=863692359 is handled. Duration 261 ms by bot id=8403442567
INFO:aiogram.event:Update id=863692360 is handled. Duration 609 ms by bot id=8403442567
INFO:aiogram.event:Update id=863692361 is handled. Duration 137 ms by bot id=8403442567
INFO:aiogram.event:Update id=863692362 is handled. Duration 228 ms by bot id=8403442567
INFO:aiogram.event:Update id=863692363 is handled. Duration 130 ms by bot id=8403442567
INFO:aiogram.event:Update id=863692364 is handled. Duration 245 ms by bot id=8403442567
INFO:aiogram.event:Update id=863692365 is handled. Duration 298 ms by bot id=8403442567
INFO:aiogram.event:Update id=863692366 is handled. Duration 240 ms by bot id=8403442567
INFO:aiogram.event:Update id=863692367 is handled. Duration 371 ms by bot id=8403442567
INFO:aiogram.event:Update id=863692368 is handled. Duration 363 ms by bot id=8403442567
INFO:aiogram.event:Update id=863692369 is handled. Duration 400 ms by bot id=8403442567
INFO:aiogram.event:Update id=863692370 is handled. Duration 144 ms by bot id=8403442567
INFO:apscheduler.executors.default:Running job "check_reminders (trigger: cron[hour='*', minute='0'], next run at: 2026-03-16 15:00:00 +05)" (scheduled at 2026-03-16 14:00:00+05:00)
INFO:root:Проверка напоминаний...
INFO:apscheduler.executors.default:Job "check_reminders (trigger: cron[hour='*', minute='0'], next run at: 2026-03-16 15:00:00 +05)" executed successfully
INFO:aiogram.event:Update id=863692371 is handled. Duration 373 ms by bot id=8403442567
INFO:apscheduler.scheduler:Adding job tentatively -- it will be properly scheduled when the scheduler starts
INFO:apscheduler.scheduler:Adding job tentatively -- it will be properly scheduled when the scheduler starts
INFO:apscheduler.scheduler:Adding job tentatively -- it will be properly scheduled when the scheduler starts
INFO:apscheduler.scheduler:Added job "check_reminders" to job store "default"
INFO:apscheduler.scheduler:Added job "check_follow_ups" to job store "default"
INFO:apscheduler.scheduler:Added job "check_subscription_expiry" to job store "default"
INFO:apscheduler.scheduler:Scheduler started
INFO:aiogram.dispatcher:Start polling
INFO:aiogram.dispatcher:Run polling for bot @barberstashkentbot id=8403442567 - 'MAESTRO'
INFO:aiogram.event:Update id=863692372 is handled. Duration 348 ms by bot id=8403442567
INFO:aiogram.event:Update id=863692373 is handled. Duration 286 ms by bot id=8403442567
INFO:aiogram.event:Update id=863692374 is handled. Duration 157 ms by bot id=8403442567
INFO:aiogram.event:Update id=863692375 is handled. Duration 270 ms by bot id=8403442567
INFO:aiogram.event:Update id=863692376 is handled. Duration 483 ms by bot id=8403442567
INFO:aiogram.event:Update id=863692377 is handled. Duration 445 ms by bot id=8403442567
INFO:aiogram.event:Update id=863692378 is handled. Duration 417 ms by bot id=8403442567
INFO:aiogram.event:Update id=863692379 is handled. Duration 362 ms by bot id=8403442567
INFO:apscheduler.scheduler:Adding job tentatively -- it will be properly scheduled when the scheduler starts
INFO:apscheduler.scheduler:Adding job tentatively -- it will be properly scheduled when the scheduler starts
INFO:apscheduler.scheduler:Adding job tentatively -- it will be properly scheduled when the scheduler starts
INFO:apscheduler.scheduler:Added job "check_reminders" to job store "default"
INFO:apscheduler.scheduler:Added job "check_follow_ups" to job store "default"
INFO:apscheduler.scheduler:Added job "check_subscription_expiry" to job store "default"
INFO:apscheduler.scheduler:Scheduler started
INFO:aiogram.dispatcher:Start polling
INFO:aiogram.dispatcher:Run polling for bot @barberstashkentbot id=8403442567 - 'MAESTRO'
INFO:aiogram.event:Update id=863692380 is handled. Duration 351 ms by bot id=8403442567
INFO:apscheduler.scheduler:Adding job tentatively -- it will be properly scheduled when the scheduler starts
INFO:apscheduler.scheduler:Adding job tentatively -- it will be properly scheduled when the scheduler starts
INFO:apscheduler.scheduler:Adding job tentatively -- it will be properly scheduled when the scheduler starts
INFO:apscheduler.scheduler:Added job "check_reminders" to job store "default"
INFO:apscheduler.scheduler:Added job "check_follow_ups" to job store "default"
INFO:apscheduler.scheduler:Added job "check_subscription_expiry" to job store "default"
INFO:apscheduler.scheduler:Scheduler started
INFO:aiogram.dispatcher:Start polling
INFO:aiogram.dispatcher:Run polling for bot @barberstashkentbot id=8403442567 - 'MAESTRO'
INFO:aiogram.event:Update id=863692381 is handled. Duration 350 ms by bot id=8403442567
INFO:aiogram.event:Update id=863692382 is handled. Duration 161 ms by bot id=8403442567
INFO:aiogram.event:Update id=863692383 is handled. Duration 133 ms by bot id=8403442567
INFO:aiogram.event:Update id=863692384 is handled. Duration 497 ms by bot id=8403442567
INFO:aiogram.event:Update id=863692385 is handled. Duration 165 ms by bot id=8403442567
INFO:aiogram.event:Update id=863692386 is handled. Duration 119 ms by bot id=8403442567
INFO:aiogram.event:Update id=863692387 is handled. Duration 362 ms by bot id=8403442567
INFO:aiogram.event:Update id=863692388 is handled. Duration 127 ms by bot id=8403442567
INFO:apscheduler.scheduler:Adding job tentatively -- it will be properly scheduled when the scheduler starts
INFO:apscheduler.scheduler:Adding job tentatively -- it will be properly scheduled when the scheduler starts
INFO:apscheduler.scheduler:Adding job tentatively -- it will be properly scheduled when the scheduler starts
INFO:apscheduler.scheduler:Added job "check_reminders" to job store "default"
INFO:apscheduler.scheduler:Added job "check_follow_ups" to job store "default"
INFO:apscheduler.scheduler:Added job "check_subscription_expiry" to job store "default"
INFO:apscheduler.scheduler:Scheduler started
INFO:aiogram.dispatcher:Start polling
INFO:aiogram.dispatcher:Run polling for bot @barberstashkentbot id=8403442567 - 'MAESTRO'
INFO:aiogram.event:Update id=863692389 is handled. Duration 370 ms by bot id=8403442567
INFO:apscheduler.scheduler:Adding job tentatively -- it will be properly scheduled when the scheduler starts
INFO:apscheduler.scheduler:Adding job tentatively -- it will be properly scheduled when the scheduler starts
INFO:apscheduler.scheduler:Adding job tentatively -- it will be properly scheduled when the scheduler starts
INFO:apscheduler.scheduler:Added job "check_reminders" to job store "default"
INFO:apscheduler.scheduler:Added job "check_follow_ups" to job store "default"
INFO:apscheduler.scheduler:Added job "check_subscription_expiry" to job store "default"
INFO:apscheduler.scheduler:Scheduler started
INFO:aiogram.dispatcher:Start polling
INFO:aiogram.dispatcher:Run polling for bot @barberstashkentbot id=8403442567 - 'MAESTRO'
INFO:apscheduler.scheduler:Adding job tentatively -- it will be properly scheduled when the scheduler starts
INFO:apscheduler.scheduler:Adding job tentatively -- it will be properly scheduled when the scheduler starts
INFO:apscheduler.scheduler:Adding job tentatively -- it will be properly scheduled when the scheduler starts
INFO:apscheduler.scheduler:Added job "check_reminders" to job store "default"
INFO:apscheduler.scheduler:Added job "check_follow_ups" to job store "default"
INFO:apscheduler.scheduler:Added job "check_subscription_expiry" to job store "default"
INFO:apscheduler.scheduler:Scheduler started
INFO:aiogram.dispatcher:Start polling
INFO:aiogram.dispatcher:Run polling for bot @barberstashkentbot id=8403442567 - 'MAESTRO'
INFO:aiogram.event:Update id=863692392 is handled. Duration 359 ms by bot id=8403442567
INFO:aiogram.event:Update id=863692393 is handled. Duration 1 ms by bot id=8403442567
INFO:aiogram.event:Update id=863692394 is handled. Duration 143 ms by bot id=8403442567
INFO:apscheduler.scheduler:Adding job tentatively -- it will be properly scheduled when the scheduler starts
INFO:apscheduler.scheduler:Adding job tentatively -- it will be properly scheduled when the scheduler starts
INFO:apscheduler.scheduler:Adding job tentatively -- it will be properly scheduled when the scheduler starts
INFO:apscheduler.scheduler:Added job "check_reminders" to job store "default"
INFO:apscheduler.scheduler:Added job "check_follow_ups" to job store "default"
INFO:apscheduler.scheduler:Added job "check_subscription_expiry" to job store "default"
INFO:apscheduler.scheduler:Scheduler started
INFO:aiogram.dispatcher:Start polling
INFO:aiogram.dispatcher:Run polling for bot @barberstashkentbot id=8403442567 - 'MAESTRO'
INFO:aiogram.event:Update id=863692395 is handled. Duration 356 ms by bot id=8403442567
INFO:aiogram.event:Update id=863692396 is handled. Duration 0 ms by bot id=8403442567
INFO:aiogram.event:Update id=863692397 is handled. Duration 126 ms by bot id=8403442567
INFO:aiogram.event:Update id=863692398 is handled. Duration 0 ms by bot id=8403442567
INFO:aiogram.event:Update id=863692399 is handled. Duration 117 ms by bot id=8403442567
INFO:aiogram.event:Update id=863692400 is handled. Duration 0 ms by bot id=8403442567
INFO:aiogram.event:Update id=863692401 is handled. Duration 129 ms by bot id=8403442567
INFO:aiogram.event:Update id=863692402 is handled. Duration 178 ms by bot id=8403442567
INFO:aiogram.event:Update id=863692403 is handled. Duration 140 ms by bot id=8403442567
INFO:aiogram.event:Update id=863692404 is handled. Duration 304 ms by bot id=8403442567
INFO:aiogram.event:Update id=863692405 is handled. Duration 119 ms by bot id=8403442567
INFO:aiogram.event:Update id=863692406 is handled. Duration 130 ms by bot id=8403442567
INFO:aiogram.event:Update id=863692407 is handled. Duration 137 ms by bot id=8403442567
INFO:aiogram.event:Update id=863692408 is handled. Duration 139 ms by bot id=8403442567
INFO:aiogram.event:Update id=863692409 is handled. Duration 0 ms by bot id=8403442567
